model,baseline,unit,stratum,set,omitted,k,mu,se,ci_lo,ci_hi,pi_lo,pi_hi,tau2,tau2_lo,tau2_hi,q,q_p,i2,i2_lo,i2_hi,tau,tau2_outside_qprofile,fe_max_share,fe_max_event,k_eff_fe,re_max_share,re_max_event,k_eff_re,mean_equal,mean_unit_weighted,median,events,n_units_total,n_pos_cells_total,n_clusters_total,flag,run_id
rf_F1_wf,slope_neg,cell_gate,ALL,combined,2012,6,-0.05231199823402348,0.356389999435554,-0.9684416571854949,0.863817660717448,-2.4771964538354356,2.3725724573673888,0.6363368775554399,0.18510119800999578,4.596620085839169,52.106890384889006,5.129205132997592e-10,0.9040434007274785,0.6972900720076882,0.9828186536434892,0.7977072630705075,False,0.476403933960461,2025,3.4324476108382367,0.19152214648807198,2025,5.877001629739181,0.0017988711578050636,-0.05312596026179086,0.034437356229760185,2014;2016;2019;2023-08-10;2024-09-20;2025,1655,1655,91,,m2_20260926T165115Z_1ffdde7
rf_F1_wf,slope_neg,cell_gate,ALL,combined,2014,6,-0.20702925436713274,0.36334268667962283,-1.141031364857068,0.7269728561228025,-2.627533703667832,2.213475194933567,0.6318872139083027,0.1738706043379605,4.88942105249324,42.89922489941118,3.872998274603782e-08,0.8834477776294595,0.6599852365386679,0.9820093073876375,0.794913337357163,False,0.5101735860125578,2025,3.1327606398856642,0.19540866180133126,2025,5.8714546142921655,-0.01994987724154018,-0.06472828978037806,-0.024991474765587995,2012;2016;2019;2023-08-10;2024-09-20;2025,1729,1729,92,,m2_20260926T165115Z_1ffdde7
rf_F1_wf,slope_neg,cell_gate,ALL,combined,2016,6,-0.20721220199231766,0.36187130185494676,-1.1374319973787095,0.7230075933940743,-2.6186050960956075,2.204180692110972,0.6276546363144043,0.17500160608943685,4.874535966832652,44.91474743272677,1.509945752815557e-08,0.888677989172955,0.6720559259781619,0.9827828720514977,0.792246575451358,False,0.49472748972742964,2025,3.251973659075791,0.1944086001559611,2025,5.86846981280602,-0.018412310288483075,-0.06613293726051733,-0.02037877390641668,2012;2014;2019;2023-08-10;2024-09-20;2025,1691,1691,99,,m2_20260926T165115Z_1ffdde7
rf_F1_wf,slope_neg,cell_gate,ALL,combined,2019,6,-0.2841527976773252,0.30551107457100307,-1.0694940165552773,0.5011884212006268,-2.3645025661984223,1.7961969708437717,0.46809158711013815,0.133804566087266,3.0351474592864784,45.4216406114642,1.1909280123344113e-08,0.889920312593508,0.6400625878760134,0.975808636748335,0.6841721911259899,False,0.4579351797687575,2025,3.6693228608599893,0.18971010732780078,2025,5.961800051844935,-0.023197916075119007,-0.06096329625462457,-0.024991474765587995,2012;2014;2016;2023-08-10;2024-09-20;2025,1805,1805,102,,m2_20260926T165115Z_1ffdde7
rf_F1_wf,slope_neg,cell_gate,ALL,combined,2023-08-10,6,-0.25513902572381914,0.3469806475491228,-1.1470811756309203,0.6368031241832819,-2.5279491239146448,2.017671072467006,0.555467419738639,0.14764447663870836,4.568383099883713,39.39994279870564,1.9728941881356926e-07,0.8730962624604557,0.6297060374234194,0.9813496395487604,0.7452968668514842,False,0.49996190014752395,2025,3.208536268365375,0.19787858075386397,2025,5.846385288315489,-0.02361692993431867,-0.05852390027832639,-0.024991474765587995,2012;2014;2016;2019;2024-09-20;2025,1843,1843,102,,m2_20260926T165115Z_1ffdde7
rf_F1_wf,slope_neg,cell_gate,ALL,combined,2024-09-20,6,-0.015514362571442904,0.3492213132893515,-0.9132163271301086,0.8821876019872228,-2.3633863072711345,2.3323575821282483,0.5931508174947715,0.16458364223980415,4.30292858718167,51.24439957298154,7.706847144691413e-10,0.9024283620909819,0.6392602076977647,0.9788716939032157,0.7701628512819685,False,0.5226340596288072,2025,3.054721043386884,0.1976405029806265,2025,5.862670629357099,-0.00014026690975745457,-0.011008021330678045,0.034437356229760185,2012;2014;2016;2019;2023-08-10;2025,607,607,53,,m2_20260926T165115Z_1ffdde7
rf_F1_wf,slope_neg,cell_gate,ALL,combined,2025,6,0.06028971812605444,0.2843207628283694,-0.6705800702948126,0.7911595065469215,-1.6790804399170682,1.799659876169177,0.31612185779988833,0.04753373235947537,3.1027416503122476,18.376974585611883,0.0025092324647773044,0.7279203942571313,0.2826626230382407,0.962576315091239,0.5622471501038385,False,0.26074568768065043,2024-09-20,5.050290141185009,0.1955985478772786,2024-09-20,5.772449414358835,0.0028692229311037356,-0.05681589972541471,0.034437356229760185,2012;2014;2016;2019;2023-08-10;2024-09-20,1836,1836,91,,m2_20260926T165115Z_1ffdde7
rf_F1_wf,slope_neg,cell_gate,ALL,development,2012,4,0.027058047555130374,0.4988746214299458,-1.560583648214409,1.6146997433246697,-4.481440905652984,4.535557000763245,0.8490963415004256,0.19390432195941792,13.720447679007254,39.18975337875006,1.5822143267341376e-08,0.9234493779277851,0.6870592500085255,0.993604116897063,0.9214642377761741,False,0.6487192685511182,2025,2.1132362202405406,0.28508026079107274,2025,3.9188953143776604,0.0073871146507482055,0.028867701292763486,0.034437356229760185,2014;2016;2019;2025,383,383,36,,m2_20260926T165115Z_1ffdde7
rf_F1_wf,slope_neg,cell_gate,ALL,development,2014,4,-0.20942367608616197,0.5149076731877091,-1.848089698184618,1.4292423460122938,-4.751981564137542,4.333134211965217,0.8577084809529651,0.17160708652072076,15.38885579392028,26.902878735091516,6.169924330277674e-06,0.8884877700434761,0.605571407236359,0.9927891091577267,0.9261255211649041,False,0.7129835384524654,2025,1.843275234124861,0.2914145203635973,2025,3.9217019703569793,-0.025236007948269662,-0.028305074840003008,-0.03080888896827555,2012;2016;2019;2025,457,457,37,,m2_20260926T165115Z_1ffdde7
rf_F1_wf,slope_neg,cell_gate,ALL,development,2016,4,-0.21088737014163697,0.5122150862811474,-1.84098437898765,1.4192096387043762,-4.728375672822908,4.306600932539634,0.8493483641642193,0.17411734979152793,15.33251887394234,29.73048880672044,1.5724639427808897e-06,0.8990934854955407,0.6342188835582568,0.9934930795271283,0.9216009788212137,False,0.6831746375400145,2025,1.9528064021398475,0.28972829414799517,2025,3.9178598303556935,-0.022929657518684005,-0.030670651740196963,-0.026196188109104235,2012;2014;2019;2025,419,419,44,,m2_20260926T165115Z_1ffdde7
rf_F1_wf,slope_neg,cell_gate,ALL,development,2019,4,-0.3461292790649721,0.39357918021437366,-1.598673886974796,0.9064153288448518,-3.8939072545324303,3.2016486964024864,0.5249879690198807,0.11890403669117743,7.677348030904993,31.56032987803563,6.477861455509967e-07,0.9049439593441054,0.6052662786979757,0.9900004943093924,0.7245605350968825,False,0.6149475525298397,2025,2.318842133192775,0.28221191825209874,2025,3.969531250980589,-0.0301080661986379,-0.020748510152354724,-0.03080888896827555,2012;2014;2016;2025,533,533,47,,m2_20260926T165115Z_1ffdde7
rf_F1_wf,slope_neg,cell_gate,ALL,development,2025,4,0.17945085803372762,0.3200315289565404,-0.8390322988683104,1.1979340149357656,-1.9694012299078119,2.3283029459752673,0.16652624305117214,0.0,7.473574228334491,6.3452053795365195,0.09597124959292537,0.527202065093891,0.0,0.9798629828045013,0.40807627111996125,False,0.406248085576994,2014,3.212783762262368,0.32724647656590694,2014,3.6731947820493978,0.008992642310696214,-0.009457797991966522,0.034437356229760185,2012;2014;2016;2019,564,564,36,,m2_20260926T165115Z_1ffdde7
rf_F1_wf,slope_neg,cell_gate,ALL,holdout,2023-08-10,1,-0.7987905198291074,0.2724079822837488,,,,,,,,,,,,,,False,1.0,2024-09-20,1.0,1.0,2024-09-20,1.0,-0.07980760490176486,-0.07980760490176486,-0.07980760490176486,2024-09-20,1254,1254,52,k=1: 통합 불가,m2_20260926T165115Z_1ffdde7
rf_F1_wf,slope_neg,cell_gate,ALL,holdout,2024-09-20,1,0.5186383127541885,0.3186827493768434,,,,,,,,,,,,,,False,1.0,2023-08-10,1.0,1.0,2023-08-10,1.0,0.06105237324560242,0.06105237324560242,0.06105237324560242,2023-08-10,18,18,3,k=1: 통합 불가,m2_20260926T165115Z_1ffdde7
rf_F1_wf,slope_neg,object,ALL,combined,2012,8,0.13562665413970046,0.2399976975582142,-0.4318777218328832,0.7031310301122841,-1.41338637164563,1.684639679925031,0.3431510680783438,0.09584470221406967,1.3848228695460596,50.36125352939012,1.2267831860356564e-08,0.8610042540757072,0.6355132144709584,0.9618209329020284,0.5857909764398422,False,0.5568778707614824,2024-09-20,2.7793043932278416,0.16355012091410748,2024-09-20,7.605067277544476,0.0339163973528345,0.023278540124293274,0.04785191064622224,2014;2016;2019;2022-09-06;2023-08-10;2024-07-24;2024-09-20;2025,289,1655,91,,m2_20260926T165115Z_1ffdde7
rf_F1_wf,slope_neg,object,ALL,combined,2014,8,0.028408196317099205,0.24533284803516123,-0.5517118058591701,0.6085281984933686,-1.5572837979543197,1.6141001905885182,0.35976511307840225,0.09957610916927023,1.5279869835831874,50.079108597970425,1.3937397535236419e-08,0.8602211541703901,0.6178195329449799,0.9612493999628109,0.5998042289600851,False,0.5943262143603365,2024-09-20,2.5623729771985797,0.16320326614618447,2024-09-20,7.644250045151779,0.01777160318813782,0.007255461546470216,0.03882623609861413,2012;2016;2019;2022-09-06;2023-08-10;2024-07-24;2024-09-20;2025,272,1729,92,,m2_20260926T165115Z_1ffdde7
rf_F1_wf,slope_neg,object,ALL,combined,2016,8,0.010085172735459213,0.2358265107374601,-0.5475559137228451,0.5677262591937634,-1.5210429752179104,1.5412133206888288,0.33593513921155715,0.09557881646050055,1.4579595393489084,51.65579062605464,6.825296866588515e-09,0.8644876031290619,0.6576533636452379,0.9670001667740101,0.5795991194019856,False,0.5272779167310878,2024-09-20,3.027665310603146,0.16121773804140804,2024-09-20,7.583041979294185,0.017713388484748058,0.011102211576705911,0.03882623609861413,2012;2014;2019;2022-09-06;2023-08-10;2024-07-24;2024-09-20;2025,298,1691,99,,m2_20260926T165115Z_1ffdde7
rf_F1_wf,slope_neg,object,ALL,combined,2019,8,0.041972667470197886,0.23371482831629856,-0.5106750835233655,0.5946204184637613,-1.5047245211772808,1.5886698561176766,0.3449299628580738,0.1054444976736378,1.5236850861040663,53.75974804071484,2.62378631108388e-09,0.8697910564108566,0.6915023208075657,0.9700510530733543,0.5873073836229831,False,0.5116077970801162,2024-09-20,3.1977610620473964,0.1543196060076382,2024-09-20,7.715461243147422,0.02002802182503985,0.013361207195202717,0.04785191064622224,2012;2014;2016;2022-09-06;2023-08-10;2024-07-24;2024-09-20;2025,312,1805,102,,m2_20260926T165115Z_1ffdde7
rf_F1_wf,slope_neg,object,ALL,combined,2022-09-06,8,0.013401501173109764,0.2309759160537079,-0.532769751461347,0.5595727538075665,-1.5012259914263237,1.528028993772543,0.3298055895484173,0.09752141731313868,1.4161576975135568,52.56754224047579,4.512254809539778e-09,0.8668379821149378,0.6722018867192598,0.9675099377005498,0.5742870271461974,False,0.5146005443034471,2024-09-20,3.1627744061076903,0.15745164734722614,2024-09-20,7.636086493022666,0.013183061762557999,0.012618592761921602,0.03882623609861413,2012;2014;2016;2019;2023-08-10;2024-07-24;2024-09-20;2025,314,1861,105,,m2_20260926T165115Z_1ffdde7
rf_F1_wf,slope_neg,object,ALL,combined,2023-08-10,8,0.025525596595347606,0.2391628824311798,-0.540004755282254,0.5910559484729492,-1.533293546902309,1.5843447400930042,0.34864108126129395,0.10071780078923823,1.5053683027067537,52.683603948205494,4.280487838053739e-09,0.8671313373534227,0.6703114468794316,0.9681412008234788,0.5904583653919164,False,0.5260341268686763,2024-09-20,3.0400479949753896,0.15992133763330035,2024-09-20,7.603103745026051,0.018738948405312483,0.013520375482622183,0.04269561696731278,2012;2014;2016;2019;2022-09-06;2024-07-24;2024-09-20;2025,316,1843,102,,m2_20260926T165115Z_1ffdde7
rf_F1_wf,slope_neg,object,ALL,combined,2024-07-24,8,0.037139569141180585,0.23231401339428556,-0.512195780915798,0.5864749191981591,-1.5009279860895934,1.5752071243719548,0.34113669815602843,0.10438632780891664,1.50225421950006,53.63014608807124,2.783233372032706e-09,0.8694763950762949,0.6897793458229723,0.9696962464665319,0.58406908680055,False,0.5110540212795409,2024-09-20,3.204375260937427,0.15412699640979932,2024-09-20,7.728423177162182,0.01447067840133795,0.01278262035921841,0.03882623609861413,2012;2014;2016;2019;2022-09-06;2023-08-10;2024-09-20;2025,314,1861,105,,m2_20260926T165115Z_1ffdde7
rf_F1_wf,slope_neg,object,ALL,combined,2024-09-20,8,0.05863016110564078,0.25140796609286015,-0.5358552125611526,0.6531155347724342,-1.5682815170982192,1.6855418393095007,0.3788643001150879,0.10675926995951734,1.5604513188309699,49.882199596316006,1.523478420801969e-08,0.8596693799261215,0.5701055383031154,0.950941339239456,0.6155195367452506,False,0.3061981885994735,2014,4.94814501697482,0.15460108698570182,2014,7.695199448943848,0.021674322374087174,0.004801255756180213,0.04785191064622224,2012;2014;2016;2019;2022-09-06;2023-08-10;2024-07-24;2025,136,607,53,,m2_20260926T165115Z_1ffdde7
rf_F1_wf,slope_neg,object,ALL,combined,2025,8,0.20437368840083397,0.1259494940297114,-0.09344953965766217,0.5021969164593301,-0.41280692213718123,0.8215542989388491,0.0477558802849232,0.0,0.32439993651198357,10.461469203052683,0.163895326161071,0.33087792315467673,0.0,0.8501281733652214,0.21853118835745894,False,0.5693839217058759,2024-09-20,2.6966569537129814,0.2793633265993037,2024-09-20,5.696492118809644,0.03639769522596763,0.020450366272492013,0.04785191064622224,2012;2014;2016;2019;2022-09-06;2023-08-10;2024-07-24;2024-09-20,301,1836,91,,m2_20260926T165115Z_1ffdde7
rf_F1_wf,slope_neg,object,ALL,development,2012,4,-0.047152868563735684,0.4368238338115132,-1.4373212645370501,1.3430155274095787,-4.0090520038192405,3.9147462666917696,0.6570646412053404,0.1578790269599797,9.28753497017015,42.098291329141205,3.823983037157294e-09,0.9287382004047432,0.7056618394167988,0.992959468601457,0.8105952388247419,False,0.4668492165745501,2014,2.7575658579117177,0.2777378615633032,2014,3.9354900842452007,0.010072699572236748,0.021627349289710943,0.04269561696731278,2014;2016;2019;2025,93,383,36,,m2_20260926T165115Z_1ffdde7
rf_F1_wf,slope_neg,object,ALL,development,2014,4,-0.255631342338832,0.41332956540588944,-1.5710304906293255,1.0597678059516613,-3.9668064623592785,3.4555437776816142,0.5731199031687092,0.12039731657425097,8.826164515803761,25.701798240906243,1.1011677416504117e-05,0.8832766496771698,0.61038678061586,0.9913680626916511,0.7570468302348998,False,0.4276037726022154,2025,2.9610767714219284,0.2787899495356792,2025,3.9271102564297977,-0.022216888757156605,-0.03608775093865448,-0.02188355969147393,2012;2016;2019;2025,76,457,37,,m2_20260926T165115Z_1ffdde7
rf_F1_wf,slope_neg,object,ALL,development,2016,4,-0.28553108945161987,0.3856960594473631,-1.512988088802366,0.9419259098991262,-3.7689586721261774,3.197896493222938,0.50669068438852,0.11663381863173841,7.797038242847229,36.72567939579049,5.2592202892903226e-08,0.9183132878858639,0.6856503764329158,0.9931885938113791,0.7118220875952923,False,0.4037704222400151,2014,3.1139525050681454,0.27719921352753524,2014,3.9040362048756543,-0.022333318163936133,-0.013800936883522328,-0.02188355969147393,2012;2014;2019;2025,102,419,44,,m2_20260926T165115Z_1ffdde7
rf_F1_wf,slope_neg,object,ALL,development,2019,4,-0.21394004801843786,0.39679590529681086,-1.4767217107819777,1.0488416147451018,-3.8981875581162115,3.470307462079336,0.575757315510328,0.1495569124846356,8.686646517784709,41.53848272514227,5.026895922515268e-09,0.9277778146146833,0.7600045349601596,0.9945926257568549,0.7587867391502886,False,0.3746039948481571,2014,3.485776135550682,0.25993120428926625,2014,3.9925094533362966,-0.01770405148335255,-0.0047194652333999235,-0.012857885143865821,2012;2014;2016;2025,116,533,47,,m2_20260926T165115Z_1ffdde7
rf_F1_wf,slope_neg,object,ALL,development,2025,4,0.1522810853042085,0.23376796199774683,-0.5916729016492231,0.8962350722576401,-1.703615964942927,2.008178135551344,0.13140489532226327,0.0,2.2430769244917794,8.753508380364249,0.03275415421462528,0.6572802732753922,0.0,0.9694886869037864,0.3624981314741681,False,0.4972427268507946,2014,2.726808936536683,0.3386402411200579,2014,3.610039805413023,0.015035295318503006,0.013708625105166263,0.04269561696731278,2012;2014;2016;2019,105,564,36,,m2_20260926T165115Z_1ffdde7
rf_F1_wf,slope_neg,object,ALL,holdout,2022-09-06,3,0.1710912510557975,0.0901885454010887,-0.21695874000633006,0.559141242117925,-0.9748628716682223,1.3170453737798173,0.0,0.0,0.8987982164742709,0.7705664291735101,0.6802579499459154,0.0,0.0,0.909569552781262,0.0,False,0.9009927856321214,2024-09-20,1.222569312768606,0.9009927856321214,2024-09-20,1.222569312768606,0.04753691920472317,0.022376997368480846,0.043982529777523593,2023-08-10;2024-07-24;2024-09-20,191,1272,55,,m2_20260926T165115Z_1ffdde7
rf_F1_wf,slope_neg,object,ALL,holdout,2023-08-10,3,0.1694671783382355,0.09195522579924449,-0.22618422496161195,0.5651185816380829,-0.9989347472281382,1.3378691039046093,0.0,0.0,1.9905725104974574,1.1066081688644878,0.5750466653012185,0.0,0.0,0.9342019376158854,0.0,False,0.9366371490697104,2024-09-20,1.1371695467314518,0.9366371490697104,2024-09-20,1.1371695467314518,0.062352616918735136,0.023752367992979622,0.07812868980931986,2022-09-06;2024-07-24;2024-09-20,193,1254,52,,m2_20260926T165115Z_1ffdde7
rf_F1_wf,slope_neg,object,ALL,holdout,2024-07-24,3,0.18025987069021562,0.08964557932426943,-0.20545392589932418,0.5659736672797554,-0.9587952138969409,1.3193149552773722,0.0,0.0,1.94935302224066,1.3801001848355638,0.5015509445373338,0.0,0.0,0.9605671624592748,0.0,False,0.8901768685091344,2024-09-20,1.2513260085637754,0.8901768685091344,2024-09-20,1.2513260085637754,0.05097056357480304,0.02264665530330387,0.043982529777523593,2022-09-06;2023-08-10;2024-09-20,191,1272,55,,m2_20260926T165115Z_1ffdde7
rf_F1_wf,slope_neg,object,ALL,holdout,2024-09-20,3,0.46084143697764446,0.24495628914377285,-0.5931204091761083,1.5148032831313971,-2.65162332429674,3.573306198252029,0.0,0.0,0.2511921520128701,0.12073473897746113,0.9414186215716912,0.0,0.0,0.5533979704808819,0.0,False,0.5503660788196483,2023-08-10,2.450949935252031,0.5503660788196483,2023-08-10,2.450949935252031,0.07018028083546764,0.07421070407515135,0.07812868980931986,2022-09-06;2023-08-10;2024-07-24,13,18,3,,m2_20260926T165115Z_1ffdde7
