test_event,model,baseline,aligned,se_diff_draw,corr_draw,run_id
2006,L1,slope_neg,True,0.2740202077136104,0.6110621520369026,m2_20260926T165115Z_1ffdde7
2006,z_sensitivity,slope_neg,True,0.1514596175141308,0.9969568448779107,m2_20260926T165115Z_1ffdde7
2006,relelev_neg,slope_neg,True,0.41698390767328,-0.6094010548969767,m2_20260926T165115Z_1ffdde7
2006,twi,slope_neg,True,0.14741601801862156,0.8787037971021983,m2_20260926T165115Z_1ffdde7
2006,impervious,slope_neg,True,0.5109945887406433,-0.830163689084028,m2_20260926T165115Z_1ffdde7
2006,hand_neg,slope_neg,True,0.13460975092626393,0.9067526432911651,m2_20260926T165115Z_1ffdde7
2006,hand_acc_neg,slope_neg,True,0.1119602619091805,0.9493511064682237,m2_20260926T165115Z_1ffdde7
2012,rf_F1_wf,slope_neg,True,0.3012921211866158,0.3535914202202362,m2_20260926T165115Z_1ffdde7
2012,rf_F1_wf,relelev_neg,True,0.30612980071514884,0.01206076740035873,m2_20260926T165115Z_1ffdde7
2012,rf_F1_wf,twi,True,0.2879357292702968,0.18102239965674072,m2_20260926T165115Z_1ffdde7
2012,rf_F1_wf,impervious,True,0.6562043274421288,-0.47379871597551476,m2_20260926T165115Z_1ffdde7
2012,rf_F1_wf,hand_neg,True,0.17521132907782488,0.801215669535817,m2_20260926T165115Z_1ffdde7
2012,rf_F1_wf,hand_acc_neg,True,0.2019430419625738,0.5192527487980209,m2_20260926T165115Z_1ffdde7
2012,logit_F1_wf,slope_neg,True,0.8417170855579094,-0.3367870464556956,m2_20260926T165115Z_1ffdde7
2012,L1,slope_neg,True,0.5907126810137049,0.48102149184633053,m2_20260926T165115Z_1ffdde7
2012,z_sensitivity,slope_neg,True,0.3779612106449861,0.6183852923880054,m2_20260926T165115Z_1ffdde7
2012,relelev_neg,slope_neg,True,0.47798745681683547,-0.8696602021977211,m2_20260926T165115Z_1ffdde7
2012,twi,slope_neg,True,0.10767627775121717,0.9509851754934889,m2_20260926T165115Z_1ffdde7
2012,impervious,slope_neg,True,0.424733340447379,0.5626536615709332,m2_20260926T165115Z_1ffdde7
2012,hand_neg,slope_neg,True,0.28899888813007485,0.16210299120109442,m2_20260926T165115Z_1ffdde7
2012,hand_acc_neg,slope_neg,True,0.2199858237787428,0.9062332975273137,m2_20260926T165115Z_1ffdde7
2014,rf_F1_wf,slope_neg,True,0.10274490098602819,0.8952979189858918,m2_20260926T165115Z_1ffdde7
2014,rf_F1_wf,relelev_neg,True,0.5192005840758246,-0.8583874680151449,m2_20260926T165115Z_1ffdde7
2014,rf_F1_wf,twi,True,0.17208097140389897,0.5792311971194782,m2_20260926T165115Z_1ffdde7
2014,rf_F1_wf,impervious,True,0.3846795450322856,-0.16682966926844284,m2_20260926T165115Z_1ffdde7
2014,rf_F1_wf,hand_neg,True,0.21874245760819042,0.13136412899128108,m2_20260926T165115Z_1ffdde7
2014,rf_F1_wf,hand_acc_neg,True,0.1891326761892197,0.38706671370711077,m2_20260926T165115Z_1ffdde7
2014,logit_F1_wf,slope_neg,True,0.08083574321736167,0.9485503031757359,m2_20260926T165115Z_1ffdde7
2014,L1,slope_neg,True,0.44122742785802904,-0.46453986519668317,m2_20260926T165115Z_1ffdde7
2014,z_sensitivity,slope_neg,True,0.3405767466164983,-0.3533209268804266,m2_20260926T165115Z_1ffdde7
2014,relelev_neg,slope_neg,True,0.541532390715448,-0.8454791209334791,m2_20260926T165115Z_1ffdde7
2014,twi,slope_neg,True,0.1472068136655662,0.7742201367630005,m2_20260926T165115Z_1ffdde7
2014,impervious,slope_neg,True,0.4280021858483678,-0.3266548388647577,m2_20260926T165115Z_1ffdde7
2014,hand_neg,slope_neg,True,0.2502429191940156,0.04308495851162498,m2_20260926T165115Z_1ffdde7
2014,hand_acc_neg,slope_neg,True,0.19416491066230968,0.598061316741121,m2_20260926T165115Z_1ffdde7
2016,rf_F1_wf,slope_neg,True,0.26986230239035686,0.4782874378905972,m2_20260926T165115Z_1ffdde7
2016,rf_F1_wf,relelev_neg,True,0.25492850713107956,-0.6734767491533934,m2_20260926T165115Z_1ffdde7
2016,rf_F1_wf,twi,True,0.21729756219791937,0.2609364218617644,m2_20260926T165115Z_1ffdde7
2016,rf_F1_wf,impervious,True,0.2064650949880512,-0.39306810875570997,m2_20260926T165115Z_1ffdde7
2016,rf_F1_wf,hand_neg,True,0.14117511222114681,0.4293073302240548,m2_20260926T165115Z_1ffdde7
2016,rf_F1_wf,hand_acc_neg,True,0.09544314818826255,0.7219784619486453,m2_20260926T165115Z_1ffdde7
2016,logit_F1_wf,slope_neg,True,0.2609722223683161,0.5724700694135727,m2_20260926T165115Z_1ffdde7
2016,L1,slope_neg,True,0.1630954676987267,0.8617340999280718,m2_20260926T165115Z_1ffdde7
2016,z_sensitivity,slope_neg,True,0.26284431370922035,0.5367977369961109,m2_20260926T165115Z_1ffdde7
2016,relelev_neg,slope_neg,True,0.43603253977875867,-0.8557841994321365,m2_20260926T165115Z_1ffdde7
2016,twi,slope_neg,True,0.12302405135156812,0.9569743695162266,m2_20260926T165115Z_1ffdde7
2016,impervious,slope_neg,True,0.27771166577311157,0.43177343949606944,m2_20260926T165115Z_1ffdde7
2016,hand_neg,slope_neg,True,0.20305285657486102,0.8803946512449423,m2_20260926T165115Z_1ffdde7
2016,hand_acc_neg,slope_neg,True,0.23719116435964763,0.9102437005290244,m2_20260926T165115Z_1ffdde7
2019,rf_F1_wf,slope_neg,True,0.26026366990818023,0.8966538781975008,m2_20260926T165115Z_1ffdde7
2019,rf_F1_wf,relelev_neg,True,0.6184484413143364,-0.8859972668692806,m2_20260926T165115Z_1ffdde7
2019,rf_F1_wf,twi,True,0.20963883554685797,0.9558945421472782,m2_20260926T165115Z_1ffdde7
2019,rf_F1_wf,impervious,True,0.41626392559828596,0.6049313055719276,m2_20260926T165115Z_1ffdde7
2019,rf_F1_wf,hand_neg,True,0.17853410146224497,0.9874497700008624,m2_20260926T165115Z_1ffdde7
2019,rf_F1_wf,hand_acc_neg,True,0.17797004046941278,0.9827540705378169,m2_20260926T165115Z_1ffdde7
2019,logit_F1_wf,slope_neg,True,0.2674190662061821,0.9276731118461822,m2_20260926T165115Z_1ffdde7
2019,L1,slope_neg,True,0.1700017682506012,0.933415528267057,m2_20260926T165115Z_1ffdde7
2019,z_sensitivity,slope_neg,True,0.26372110328213627,0.7938920439862304,m2_20260926T165115Z_1ffdde7
2019,relelev_neg,slope_neg,True,0.42553951348789515,-0.9991438068458522,m2_20260926T165115Z_1ffdde7
2019,twi,slope_neg,True,0.18894867990896103,0.7639737265622998,m2_20260926T165115Z_1ffdde7
2019,impervious,slope_neg,True,0.2534400187188292,0.23431510181214382,m2_20260926T165115Z_1ffdde7
2019,hand_neg,slope_neg,True,0.1195314260750185,0.9166543750578294,m2_20260926T165115Z_1ffdde7
2019,hand_acc_neg,slope_neg,True,0.09634901700144446,0.9524998119752374,m2_20260926T165115Z_1ffdde7
2025,rf_F1_wf,slope_neg,True,0.19339752536185373,-0.5938397673655412,m2_20260926T165115Z_1ffdde7
2025,rf_F1_wf,relelev_neg,True,0.079942947683972,0.43297138227527826,m2_20260926T165115Z_1ffdde7
2025,rf_F1_wf,twi,True,0.10838283655238325,0.2700709970552178,m2_20260926T165115Z_1ffdde7
2025,rf_F1_wf,impervious,True,0.1492575879901643,0.12111799222442554,m2_20260926T165115Z_1ffdde7
2025,rf_F1_wf,hand_neg,True,0.178401174550862,0.3053489567237656,m2_20260926T165115Z_1ffdde7
2025,rf_F1_wf,hand_acc_neg,True,0.1760177596976771,0.34969350771245034,m2_20260926T165115Z_1ffdde7
2025,logit_F1_wf,slope_neg,True,0.17232140089357526,-0.20081853904832653,m2_20260926T165115Z_1ffdde7
2025,L1,slope_neg,True,0.22005353472165498,-0.4215068700936453,m2_20260926T165115Z_1ffdde7
2025,z_sensitivity,slope_neg,True,0.17777579094527876,-0.3328121345555736,m2_20260926T165115Z_1ffdde7
2025,relelev_neg,slope_neg,True,0.14951830644505185,-0.5523737520393825,m2_20260926T165115Z_1ffdde7
2025,twi,slope_neg,True,0.17951154135647548,-0.33876659120263336,m2_20260926T165115Z_1ffdde7
2025,impervious,slope_neg,True,0.21923399984817432,-0.4388051943153588,m2_20260926T165115Z_1ffdde7
2025,hand_neg,slope_neg,True,0.2541533536937485,-0.30910476683651383,m2_20260926T165115Z_1ffdde7
2025,hand_acc_neg,slope_neg,True,0.26461360432560693,-0.4051596531677309,m2_20260926T165115Z_1ffdde7
