score,stratum,unit,metric,role_group,median,n_events,n_pass_gate
nested_all,AGRI,cell_gate,capture_0.2,all,0.1754,3,0
nested_all,AGRI,cell_gate,capture_0.2,development,0.2589,2,0
nested_all,AGRI,cell_gate,capture_0.2,holdout,0.1754,1,0
nested_all,AGRI,cell_gate,observed-label_auc,all,0.5525,3,0
nested_all,AGRI,cell_gate,observed-label_auc,development,0.5954,2,0
nested_all,AGRI,cell_gate,observed-label_auc,holdout,0.5484,1,0
nested_all,AGRI,object,observed-label_auc,all,0.5506,3,0
nested_all,AGRI,object,observed-label_auc,development,0.5396,2,0
nested_all,AGRI,object,observed-label_auc,holdout,0.6472,1,0
nested_all,ALL,cell_gate,capture_0.2,all,0.7197,6,6
nested_all,ALL,cell_gate,capture_0.2,development,0.7442,4,4
nested_all,ALL,cell_gate,capture_0.2,holdout,0.681,2,2
nested_all,ALL,cell_gate,observed-label_auc,all,0.8411,6,6
nested_all,ALL,cell_gate,observed-label_auc,development,0.8621,4,4
nested_all,ALL,cell_gate,observed-label_auc,holdout,0.8378,2,2
nested_all,ALL,object,observed-label_auc,all,0.8458,8,8
nested_all,ALL,object,observed-label_auc,development,0.8574,4,4
nested_all,ALL,object,observed-label_auc,holdout,0.8458,4,4
nested_all,FLAT,cell_gate,capture_0.2,all,0.2513,6,2
nested_all,FLAT,cell_gate,capture_0.2,development,0.4356,4,2
nested_all,FLAT,cell_gate,capture_0.2,holdout,0.1498,2,0
nested_all,FLAT,cell_gate,observed-label_auc,all,0.5825,6,2
nested_all,FLAT,cell_gate,observed-label_auc,development,0.6779,4,2
nested_all,FLAT,cell_gate,observed-label_auc,holdout,0.5076,2,0
nested_all,FLAT,object,observed-label_auc,all,0.5711,8,2
nested_all,FLAT,object,observed-label_auc,development,0.5802,4,2
nested_all,FLAT,object,observed-label_auc,holdout,0.5711,4,0
nested_all,UNIVERSE,cell_gate,capture_0.2,all,0.4545,5,2
nested_all,UNIVERSE,cell_gate,capture_0.2,development,0.7955,3,2
nested_all,UNIVERSE,cell_gate,capture_0.2,holdout,0.2898,2,0
nested_all,UNIVERSE,cell_gate,observed-label_auc,all,0.7322,5,3
nested_all,UNIVERSE,cell_gate,observed-label_auc,development,0.8486,3,2
nested_all,UNIVERSE,cell_gate,observed-label_auc,holdout,0.5917,2,1
nested_all,UNIVERSE,object,observed-label_auc,all,0.6786,8,4
nested_all,UNIVERSE,object,observed-label_auc,development,0.6426,4,2
nested_all,UNIVERSE,object,observed-label_auc,holdout,0.6786,4,2
nested_all,URBAN,cell_gate,capture_0.2,all,0.3333,5,2
nested_all,URBAN,cell_gate,capture_0.2,development,0.5813,3,2
nested_all,URBAN,cell_gate,capture_0.2,holdout,0.2333,2,0
nested_all,URBAN,cell_gate,observed-label_auc,all,0.5208,5,2
nested_all,URBAN,cell_gate,observed-label_auc,development,0.7565,3,2
nested_all,URBAN,cell_gate,observed-label_auc,holdout,0.5048,2,0
nested_all,URBAN,object,observed-label_auc,all,0.5525,7,1
nested_all,URBAN,object,observed-label_auc,development,0.6817,3,1
nested_all,URBAN,object,observed-label_auc,holdout,0.5492,4,0
nested_rf,AGRI,cell_gate,capture_0.2,all,0.3043,3,0
nested_rf,AGRI,cell_gate,capture_0.2,development,0.3552,2,0
nested_rf,AGRI,cell_gate,capture_0.2,holdout,0.2806,1,0
nested_rf,AGRI,cell_gate,observed-label_auc,all,0.6543,3,0
nested_rf,AGRI,cell_gate,observed-label_auc,development,0.6545,2,0
nested_rf,AGRI,cell_gate,observed-label_auc,holdout,0.6543,1,0
nested_rf,AGRI,object,observed-label_auc,all,0.6412,3,0
nested_rf,AGRI,object,observed-label_auc,development,0.6187,2,0
nested_rf,AGRI,object,observed-label_auc,holdout,0.6412,1,0
nested_rf,ALL,cell_gate,capture_0.2,all,0.7611,6,6
nested_rf,ALL,cell_gate,capture_0.2,development,0.8412,4,4
nested_rf,ALL,cell_gate,capture_0.2,holdout,0.7208,2,2
nested_rf,ALL,cell_gate,observed-label_auc,all,0.8653,6,6
nested_rf,ALL,cell_gate,observed-label_auc,development,0.8878,4,4
nested_rf,ALL,cell_gate,observed-label_auc,holdout,0.8581,2,2
nested_rf,ALL,object,observed-label_auc,all,0.852,8,8
nested_rf,ALL,object,observed-label_auc,development,0.8868,4,4
nested_rf,ALL,object,observed-label_auc,holdout,0.8354,4,4
nested_rf,FLAT,cell_gate,capture_0.2,all,0.2796,6,2
nested_rf,FLAT,cell_gate,capture_0.2,development,0.4917,4,2
nested_rf,FLAT,cell_gate,capture_0.2,holdout,0.1146,2,0
nested_rf,FLAT,cell_gate,observed-label_auc,all,0.6009,6,2
nested_rf,FLAT,cell_gate,observed-label_auc,development,0.7013,4,2
nested_rf,FLAT,cell_gate,observed-label_auc,holdout,0.5511,2,0
nested_rf,FLAT,object,observed-label_auc,all,0.5712,8,1
nested_rf,FLAT,object,observed-label_auc,development,0.6302,4,1
nested_rf,FLAT,object,observed-label_auc,holdout,0.5589,4,0
nested_rf,UNIVERSE,cell_gate,capture_0.2,all,0.4894,5,2
nested_rf,UNIVERSE,cell_gate,capture_0.2,development,0.7955,3,2
nested_rf,UNIVERSE,cell_gate,capture_0.2,holdout,0.3522,2,0
nested_rf,UNIVERSE,cell_gate,observed-label_auc,all,0.7466,5,3
nested_rf,UNIVERSE,cell_gate,observed-label_auc,development,0.8486,3,2
nested_rf,UNIVERSE,cell_gate,observed-label_auc,holdout,0.6643,2,1
nested_rf,UNIVERSE,object,observed-label_auc,all,0.6676,8,4
nested_rf,UNIVERSE,object,observed-label_auc,development,0.6986,4,2
nested_rf,UNIVERSE,object,observed-label_auc,holdout,0.6676,4,2
nested_rf,URBAN,cell_gate,capture_0.2,all,0.4,5,2
nested_rf,URBAN,cell_gate,capture_0.2,development,0.5813,3,2
nested_rf,URBAN,cell_gate,capture_0.2,holdout,0.2095,2,0
nested_rf,URBAN,cell_gate,observed-label_auc,all,0.6516,5,2
nested_rf,URBAN,cell_gate,observed-label_auc,development,0.7565,3,2
nested_rf,URBAN,cell_gate,observed-label_auc,holdout,0.5027,2,0
nested_rf,URBAN,object,observed-label_auc,all,0.5698,7,1
nested_rf,URBAN,object,observed-label_auc,development,0.6544,3,1
nested_rf,URBAN,object,observed-label_auc,holdout,0.5681,4,0
rf_F1_wf,AGRI,cell_gate,capture_0.2,all,0.2577,4,0
rf_F1_wf,AGRI,cell_gate,capture_0.2,development,0.2609,3,0
rf_F1_wf,AGRI,cell_gate,capture_0.2,holdout,0.2545,1,0
rf_F1_wf,AGRI,cell_gate,observed-label_auc,all,0.6635,4,0
rf_F1_wf,AGRI,cell_gate,observed-label_auc,development,0.6705,3,0
rf_F1_wf,AGRI,cell_gate,observed-label_auc,holdout,0.6565,1,0
rf_F1_wf,AGRI,object,observed-label_auc,all,0.6153,4,0
rf_F1_wf,AGRI,object,observed-label_auc,development,0.5966,3,0
rf_F1_wf,AGRI,object,observed-label_auc,holdout,0.6341,1,0
rf_F1_wf,ALL,cell_gate,capture_0.2,all,0.8588,7,7
rf_F1_wf,ALL,cell_gate,capture_0.2,development,0.8588,5,5
rf_F1_wf,ALL,cell_gate,capture_0.2,holdout,0.853,2,2
rf_F1_wf,ALL,cell_gate,observed-label_auc,all,0.8546,7,7
rf_F1_wf,ALL,cell_gate,observed-label_auc,development,0.8546,5,5
rf_F1_wf,ALL,cell_gate,observed-label_auc,holdout,0.8673,2,2
rf_F1_wf,ALL,object,observed-label_auc,all,0.856,9,8
rf_F1_wf,ALL,object,observed-label_auc,development,0.856,5,4
rf_F1_wf,ALL,object,observed-label_auc,holdout,0.85,4,4
rf_F1_wf,FLAT,cell_gate,capture_0.2,all,0.2778,7,2
rf_F1_wf,FLAT,cell_gate,capture_0.2,development,0.4579,5,2
rf_F1_wf,FLAT,cell_gate,capture_0.2,holdout,0.155,2,0
rf_F1_wf,FLAT,cell_gate,observed-label_auc,all,0.654,7,2
rf_F1_wf,FLAT,cell_gate,observed-label_auc,development,0.662,5,2
rf_F1_wf,FLAT,cell_gate,observed-label_auc,holdout,0.5822,2,0
rf_F1_wf,FLAT,object,observed-label_auc,all,0.5652,9,2
rf_F1_wf,FLAT,object,observed-label_auc,development,0.5652,5,2
rf_F1_wf,FLAT,object,observed-label_auc,holdout,0.5666,4,0
rf_F1_wf,UNIVERSE,cell_gate,capture_0.2,all,0.4932,6,3
rf_F1_wf,UNIVERSE,cell_gate,capture_0.2,development,0.6448,4,3
rf_F1_wf,UNIVERSE,cell_gate,capture_0.2,holdout,0.2898,2,0
rf_F1_wf,UNIVERSE,cell_gate,observed-label_auc,all,0.7516,6,4
rf_F1_wf,UNIVERSE,cell_gate,observed-label_auc,development,0.7678,4,3
rf_F1_wf,UNIVERSE,cell_gate,observed-label_auc,holdout,0.6816,2,1
rf_F1_wf,UNIVERSE,object,observed-label_auc,all,0.6693,9,4
rf_F1_wf,UNIVERSE,object,observed-label_auc,development,0.6149,5,2
rf_F1_wf,UNIVERSE,object,observed-label_auc,holdout,0.7142,4,2
rf_F1_wf,URBAN,cell_gate,capture_0.2,all,0.3778,6,2
rf_F1_wf,URBAN,cell_gate,capture_0.2,development,0.457,4,2
rf_F1_wf,URBAN,cell_gate,capture_0.2,holdout,0.2333,2,0
rf_F1_wf,URBAN,cell_gate,observed-label_auc,all,0.6263,6,2
rf_F1_wf,URBAN,cell_gate,observed-label_auc,development,0.6968,4,2
rf_F1_wf,URBAN,cell_gate,observed-label_auc,holdout,0.5697,2,0
rf_F1_wf,URBAN,object,observed-label_auc,all,0.5305,8,1
rf_F1_wf,URBAN,object,observed-label_auc,development,0.5553,4,1
rf_F1_wf,URBAN,object,observed-label_auc,holdout,0.5305,4,0
slope_neg,AGRI,cell_gate,capture_0.2,all,0.3258,5,2
slope_neg,AGRI,cell_gate,capture_0.2,development,0.2566,4,1
slope_neg,AGRI,cell_gate,capture_0.2,holdout,0.5225,1,1
slope_neg,AGRI,cell_gate,observed-label_auc,all,0.6856,5,2
slope_neg,AGRI,cell_gate,observed-label_auc,development,0.6158,4,1
slope_neg,AGRI,cell_gate,observed-label_auc,holdout,0.7818,1,1
slope_neg,AGRI,object,observed-label_auc,all,0.5725,5,1
slope_neg,AGRI,object,observed-label_auc,development,0.5745,4,1
slope_neg,AGRI,object,observed-label_auc,holdout,0.5725,1,0
slope_neg,ALL,cell_gate,capture_0.2,all,0.8493,8,8
slope_neg,ALL,cell_gate,capture_0.2,development,0.8493,6,6
slope_neg,ALL,cell_gate,capture_0.2,holdout,0.7275,2,2
slope_neg,ALL,cell_gate,observed-label_auc,all,0.885,8,8
slope_neg,ALL,cell_gate,observed-label_auc,development,0.885,6,6
slope_neg,ALL,cell_gate,observed-label_auc,holdout,0.8767,2,2
slope_neg,ALL,object,observed-label_auc,all,0.8353,10,10
slope_neg,ALL,object,observed-label_auc,development,0.8674,6,6
slope_neg,ALL,object,observed-label_auc,holdout,0.7956,4,4
slope_neg,FLAT,cell_gate,capture_0.2,all,0.4175,8,2
slope_neg,FLAT,cell_gate,capture_0.2,development,0.4175,6,1
slope_neg,FLAT,cell_gate,capture_0.2,holdout,0.3409,2,1
slope_neg,FLAT,cell_gate,observed-label_auc,all,0.6932,8,4
slope_neg,FLAT,cell_gate,observed-label_auc,development,0.6932,6,3
slope_neg,FLAT,cell_gate,observed-label_auc,holdout,0.6071,2,1
slope_neg,FLAT,object,observed-label_auc,all,0.5397,10,1
slope_neg,FLAT,object,observed-label_auc,development,0.5952,6,1
slope_neg,FLAT,object,observed-label_auc,holdout,0.4491,4,0
slope_neg,UNIVERSE,cell_gate,capture_0.2,all,0.5833,7,4
slope_neg,UNIVERSE,cell_gate,capture_0.2,development,0.7143,5,3
slope_neg,UNIVERSE,cell_gate,capture_0.2,holdout,0.5189,2,1
slope_neg,UNIVERSE,cell_gate,observed-label_auc,all,0.7784,7,5
slope_neg,UNIVERSE,cell_gate,observed-label_auc,development,0.8246,5,3
slope_neg,UNIVERSE,cell_gate,observed-label_auc,holdout,0.7547,2,2
slope_neg,UNIVERSE,object,observed-label_auc,all,0.684,10,5
slope_neg,UNIVERSE,object,observed-label_auc,development,0.7088,6,3
slope_neg,UNIVERSE,object,observed-label_auc,holdout,0.684,4,2
slope_neg,URBAN,cell_gate,capture_0.2,all,0.5224,6,3
slope_neg,URBAN,cell_gate,capture_0.2,development,0.5784,4,3
slope_neg,URBAN,cell_gate,capture_0.2,holdout,0.3048,2,0
slope_neg,URBAN,cell_gate,observed-label_auc,all,0.6999,6,3
slope_neg,URBAN,cell_gate,observed-label_auc,development,0.7547,4,3
slope_neg,URBAN,cell_gate,observed-label_auc,holdout,0.5804,2,0
slope_neg,URBAN,object,observed-label_auc,all,0.5254,9,0
slope_neg,URBAN,object,observed-label_auc,development,0.5254,5,0
slope_neg,URBAN,object,observed-label_auc,holdout,0.4977,4,0
