prior,config,held_event,n_test,n_positive,grid_auc,cluster_auc,observed_label_ap,top20_capture
"2006,2012",ridge|F0|C=0.1,2006,75194,107,0.8329754307433284,0.8444885693987704,0.003952395180479197,0.7850467289719626
"2006,2012",ridge|F0|C=0.1,2012,75293,206,0.6000378719261709,0.5278324079883788,0.0038814547064157908,0.3446601941747573
"2006,2012",ridge|F0|C=1.0,2006,75194,107,0.8372235869942269,0.8526646949241901,0.004005577535289292,0.794392523364486
"2006,2012",ridge|F0|C=1.0,2012,75293,206,0.552679345034194,0.5008183012958364,0.003721422367391198,0.3592233009708738
"2006,2012","frequency_ratio|F0|n_bins=5,alpha=1.0",2006,75194,107,0.853741746801125,0.8611122884448408,0.005797774035991992,0.794392523364486
"2006,2012","frequency_ratio|F0|n_bins=5,alpha=1.0",2012,75293,206,0.8407177770873165,0.6829901508622499,0.01137099091705667,0.7524271844660194
"2006,2012","frequency_ratio|F0|n_bins=10,alpha=1.0",2006,75194,107,0.8436861216067244,0.8485161084110177,0.004354868870966133,0.7570093457943925
"2006,2012","frequency_ratio|F0|n_bins=10,alpha=1.0",2012,75293,206,0.8364553428702317,0.7017763936844847,0.008675673330469615,0.7281553398058253
"2006,2012","random_forest|F0|max_depth=2,min_samples_leaf=200",2006,75194,107,0.8305635245047209,0.8422922742951511,0.0040796737195555105,0.7663551401869159
"2006,2012","random_forest|F0|max_depth=2,min_samples_leaf=200",2012,75293,206,0.8329769829457376,0.6878058641838848,0.008732428295084242,0.7427184466019418
"2006,2012","random_forest|F0|max_depth=4,min_samples_leaf=400",2006,75194,107,0.8274602084634783,0.8404789798672249,0.0038330775738601103,0.7102803738317757
"2006,2012","random_forest|F0|max_depth=4,min_samples_leaf=400",2012,75293,206,0.8161422717285489,0.6606308976260028,0.007636671376391382,0.6359223300970874
"2006,2012",xgboost|F0|max_depth=1,2006,75194,107,0.8520364352429064,0.8643198692384221,0.005238710552243533,0.7663551401869159
"2006,2012",xgboost|F0|max_depth=1,2012,75293,206,0.8105210900339425,0.5920340418275718,0.00897696112570679,0.7718446601941747
"2006,2012",xgboost|F0|max_depth=3,2006,75194,107,0.8253839875961952,0.8461126332573518,0.003925991694456992,0.6635514018691588
"2006,2012",xgboost|F0|max_depth=3,2012,75293,206,0.8079304382321039,0.6849488771259826,0.007062719735247346,0.6067961165048543
"2006,2012",ridge|F1|C=0.1,2006,75194,107,0.8377957581666327,0.8491791815400943,0.004077487105969795,0.7850467289719626
"2006,2012",ridge|F1|C=0.1,2012,75293,206,0.5576835078428765,0.5002392299029284,0.003765463756321433,0.3592233009708738
"2006,2012",ridge|F1|C=1.0,2006,75194,107,0.8411966729186044,0.8562483269535347,0.004115223902661027,0.794392523364486
"2006,2012",ridge|F1|C=1.0,2012,75293,206,0.5277834992961563,0.4862770228053322,0.003661311251189624,0.36893203883495146
"2006,2012","frequency_ratio|F1|n_bins=5,alpha=1.0",2006,75194,107,0.853741746801125,0.8611122884448408,0.005797774035991992,0.794392523364486
"2006,2012","frequency_ratio|F1|n_bins=5,alpha=1.0",2012,75293,206,0.8407182296367928,0.6829903173358073,0.011371026505405833,0.7524271844660194
"2006,2012","frequency_ratio|F1|n_bins=10,alpha=1.0",2006,75194,107,0.8246612123083641,0.8284432904732711,0.003859236435342274,0.7102803738317757
"2006,2012","frequency_ratio|F1|n_bins=10,alpha=1.0",2012,75293,206,0.8085481682672049,0.673577483112358,0.007147482239258986,0.6504854368932039
"2006,2012","random_forest|F1|max_depth=2,min_samples_leaf=200",2006,75194,107,0.8280816682554779,0.8304411245474451,0.004021822852547445,0.7663551401869159
"2006,2012","random_forest|F1|max_depth=2,min_samples_leaf=200",2012,75293,206,0.8212177434047057,0.6888117209935141,0.00881090897234572,0.7524271844660194
"2006,2012","random_forest|F1|max_depth=4,min_samples_leaf=400",2006,75194,107,0.8141058552764151,0.829898168099403,0.003539865269902144,0.6728971962616822
"2006,2012","random_forest|F1|max_depth=4,min_samples_leaf=400",2012,75293,206,0.7897723430464674,0.700037636547021,0.006619067656711406,0.6310679611650486
"2006,2012",xgboost|F1|max_depth=1,2006,75194,107,0.8483965453656314,0.8585918082080598,0.0051025195782998575,0.7663551401869159
"2006,2012",xgboost|F1|max_depth=1,2012,75293,206,0.8098606910482222,0.5997170757569276,0.00868626444814384,0.7621359223300971
"2006,2012",xgboost|F1|max_depth=3,2006,75194,107,0.8341272410608057,0.8492490380385584,0.004206923484642244,0.6822429906542056
"2006,2012",xgboost|F1|max_depth=3,2012,75293,206,0.798370524495792,0.6739364188899307,0.006668933155840854,0.5436893203883495
"2006,2012",ridge|F2|C=0.1,2006,75194,107,0.8018526546589134,0.8530607843595744,0.0033796134676177675,0.37383177570093457
"2006,2012",ridge|F2|C=0.1,2012,75293,206,0.5824799866459115,0.39841832563913476,0.003973061894019343,0.4029126213592233
"2006,2012",ridge|F2|C=1.0,2006,75194,107,0.7992533023063964,0.8555658436725432,0.0035402043061278973,0.38317757009345793
"2006,2012",ridge|F2|C=1.0,2012,75293,206,0.6405521698389738,0.48174386506280686,0.004775412260040139,0.3932038834951456
"2006,2012","frequency_ratio|F2|n_bins=5,alpha=1.0",2006,75194,107,0.8382440854589983,0.8480454285931542,0.004908486720240857,0.794392523364486
"2006,2012","frequency_ratio|F2|n_bins=5,alpha=1.0",2012,75293,206,0.7739905851606959,0.5336234327700468,0.006203586376444652,0.4077669902912621
"2006,2012","frequency_ratio|F2|n_bins=10,alpha=1.0",2006,75194,107,0.8202975514135689,0.7830984854292012,0.003813474388987423,0.6822429906542056
"2006,2012","frequency_ratio|F2|n_bins=10,alpha=1.0",2012,75293,206,0.757334760286482,0.5459860126094639,0.005682677329912993,0.45145631067961167
"2006,2012","random_forest|F2|max_depth=2,min_samples_leaf=200",2006,75194,107,0.8042691661473315,0.8242688742195766,0.0035305999718735995,0.719626168224299
"2006,2012","random_forest|F2|max_depth=2,min_samples_leaf=200",2012,75293,206,0.8048927968475663,0.5853366597445603,0.0069886962480834106,0.7038834951456311
"2006,2012","random_forest|F2|max_depth=4,min_samples_leaf=400",2006,75194,107,0.8089604221097296,0.8329990912538383,0.003390990242413766,0.5700934579439252
"2006,2012","random_forest|F2|max_depth=4,min_samples_leaf=400",2012,75293,206,0.80137609951744,0.6242908292712973,0.006606400696852855,0.6941747572815534
"2006,2012",xgboost|F2|max_depth=1,2006,75194,107,0.8575786666905643,0.8731368550525422,0.0059111401162486345,0.8317757009345794
"2006,2012",xgboost|F2|max_depth=1,2012,75293,206,0.7719387258353126,0.6270499162944522,0.006446434326000448,0.5728155339805825
"2006,2012",xgboost|F2|max_depth=3,2006,75194,107,0.7951232644898273,0.8281828511594239,0.0033752553109600908,0.616822429906542
"2006,2012",xgboost|F2|max_depth=3,2012,75293,206,0.7662715780439028,0.5578234848129769,0.005589932240897789,0.5048543689320388
"2006,2012,2014",ridge|F0|C=0.1,2006,75067,107,0.8669889984939009,0.849982153308185,0.005228806229303258,0.8037383177570093
"2006,2012,2014",ridge|F0|C=0.1,2012,75166,206,0.7954464387479148,0.656202149878106,0.006827876418167182,0.5
"2006,2012,2014",ridge|F0|C=0.1,2014,75092,132,0.8424738648491318,0.7984672823214806,0.00664749885513292,0.7121212121212122
"2006,2012,2014",ridge|F0|C=1.0,2006,75067,107,0.8700190257233764,0.8530020496338446,0.005348030076615365,0.8130841121495327
"2006,2012,2014",ridge|F0|C=1.0,2012,75166,206,0.7981724881101637,0.660914000323423,0.006972527104886895,0.4854368932038835
"2006,2012,2014",ridge|F0|C=1.0,2014,75092,132,0.8412819160117718,0.7899644785540139,0.00663224329442281,0.7121212121212122
"2006,2012,2014","frequency_ratio|F0|n_bins=5,alpha=1.0",2006,75067,107,0.8601671670373732,0.8617263462172144,0.006728066886410175,0.794392523364486
"2006,2012,2014","frequency_ratio|F0|n_bins=5,alpha=1.0",2012,75166,206,0.8621357928111821,0.7267308333655478,0.013615197561910913,0.7912621359223301
"2006,2012,2014","frequency_ratio|F0|n_bins=5,alpha=1.0",2014,75092,132,0.8215210738656576,0.7428294784035259,0.006170752173228829,0.6666666666666666
"2006,2012,2014","frequency_ratio|F0|n_bins=10,alpha=1.0",2006,75067,107,0.8647697463569355,0.8585323683127672,0.005521182016696684,0.7476635514018691
"2006,2012,2014","frequency_ratio|F0|n_bins=10,alpha=1.0",2012,75166,206,0.8487261167120846,0.7310195255251717,0.009273089233710733,0.7572815533980582
"2006,2012,2014","frequency_ratio|F0|n_bins=10,alpha=1.0",2014,75092,132,0.8159751867662752,0.7391809990479247,0.006059635353182396,0.6060606060606061
"2006,2012,2014","random_forest|F0|max_depth=2,min_samples_leaf=200",2006,75067,107,0.8618225047127938,0.8648140452173569,0.005495891497092321,0.822429906542056
"2006,2012,2014","random_forest|F0|max_depth=2,min_samples_leaf=200",2012,75166,206,0.83824700034193,0.7261244449871175,0.008894504219701123,0.7621359223300971
"2006,2012,2014","random_forest|F0|max_depth=2,min_samples_leaf=200",2014,75092,132,0.838548437954788,0.8151910518577759,0.0063384113169347184,0.6742424242424242
"2006,2012,2014","random_forest|F0|max_depth=4,min_samples_leaf=400",2006,75067,107,0.8648825791200789,0.8658469996081886,0.005537384609119925,0.794392523364486
"2006,2012,2014","random_forest|F0|max_depth=4,min_samples_leaf=400",2012,75166,206,0.834266495529007,0.7308979665205714,0.008341150090974414,0.6650485436893204
"2006,2012,2014","random_forest|F0|max_depth=4,min_samples_leaf=400",2014,75092,132,0.854120480417839,0.8190123799709402,0.00752901953279443,0.696969696969697
"2006,2012,2014",xgboost|F0|max_depth=1,2006,75067,107,0.8787691129973368,0.8850653968855076,0.00700171937793471,0.7757009345794392
"2006,2012,2014",xgboost|F0|max_depth=1,2012,75166,206,0.8354640921760215,0.6831038835985982,0.009897562774628232,0.7572815533980582
"2006,2012,2014",xgboost|F0|max_depth=1,2014,75092,132,0.8346904207496524,0.7932258790438046,0.009196225482995946,0.6136363636363636
"2006,2012,2014",xgboost|F0|max_depth=3,2006,75067,107,0.8634611356586442,0.8656588542050896,0.006920356757301033,0.6822429906542056
"2006,2012,2014",xgboost|F0|max_depth=3,2012,75166,206,0.8225094160251164,0.7117226138234448,0.008112607674728904,0.6067961165048543
"2006,2012,2014",xgboost|F0|max_depth=3,2014,75092,132,0.8601435917337732,0.800849966344161,0.01005787803612433,0.7348484848484849
"2006,2012,2014",ridge|F1|C=0.1,2006,75067,107,0.8678670992130383,0.8511152266359775,0.005280289344427265,0.8130841121495327
"2006,2012,2014",ridge|F1|C=0.1,2012,75166,206,0.795202101314876,0.6523998159406409,0.006848691013852968,0.49514563106796117
"2006,2012,2014",ridge|F1|C=0.1,2014,75092,132,0.8410638198958637,0.7997091146615868,0.0066024860214308175,0.7045454545454546
"2006,2012,2014",ridge|F1|C=1.0,2006,75067,107,0.8712584406387456,0.8544387810723836,0.005415809230909966,0.822429906542056
"2006,2012,2014",ridge|F1|C=1.0,2012,75166,206,0.798307511578991,0.6598856482155011,0.007009584644129383,0.49029126213592233
"2006,2012,2014",ridge|F1|C=1.0,2014,75092,132,0.839822652889622,0.7894221870532222,0.0065964575188825975,0.7121212121212122
"2006,2012,2014","frequency_ratio|F1|n_bins=5,alpha=1.0",2006,75067,107,0.8601671670373732,0.8617263462172144,0.006728066886410175,0.794392523364486
"2006,2012,2014","frequency_ratio|F1|n_bins=5,alpha=1.0",2012,75166,206,0.8621419449596419,0.7267326083551594,0.013615826176017832,0.7912621359223301
"2006,2012,2014","frequency_ratio|F1|n_bins=5,alpha=1.0",2014,75092,132,0.8215210738656576,0.7428294784035259,0.006170752173228829,0.6666666666666666
"2006,2012,2014","frequency_ratio|F1|n_bins=10,alpha=1.0",2006,75067,107,0.842820594659831,0.8374785282309296,0.004476106398057398,0.719626168224299
"2006,2012,2014","frequency_ratio|F1|n_bins=10,alpha=1.0",2012,75166,206,0.8524606003460746,0.7339121060664822,0.009458340372775495,0.7669902912621359
"2006,2012,2014","frequency_ratio|F1|n_bins=10,alpha=1.0",2014,75092,132,0.8146170887099382,0.751479018366192,0.005557972410653422,0.5984848484848485
"2006,2012,2014","random_forest|F1|max_depth=2,min_samples_leaf=200",2006,75067,107,0.8594300761028936,0.8619020241414982,0.005307800317132347,0.822429906542056
"2006,2012,2014","random_forest|F1|max_depth=2,min_samples_leaf=200",2012,75166,206,0.8348367673114981,0.7297049610258267,0.008300629404503032,0.7572815533980582
"2006,2012,2014","random_forest|F1|max_depth=2,min_samples_leaf=200",2014,75092,132,0.8279103400601532,0.8093754800727662,0.005432946199968019,0.6742424242424242
"2006,2012,2014","random_forest|F1|max_depth=4,min_samples_leaf=400",2006,75067,107,0.8624178378000977,0.8669724026905491,0.005295212229133813,0.7850467289719626
"2006,2012,2014","random_forest|F1|max_depth=4,min_samples_leaf=400",2012,75166,206,0.8218362414647036,0.726956060270741,0.007808776237475204,0.6417475728155375
"2006,2012,2014","random_forest|F1|max_depth=4,min_samples_leaf=400",2014,75092,132,0.851782870055949,0.8181749474409842,0.007676419923394179,0.6742424242424242
"2006,2012,2014",xgboost|F1|max_depth=1,2006,75067,107,0.875858152385322,0.8820281395341212,0.006723003627131759,0.7757009345794392
"2006,2012,2014",xgboost|F1|max_depth=1,2012,75166,206,0.8354640921760215,0.6831038835985982,0.009897562774628232,0.7572815533980582
"2006,2012,2014",xgboost|F1|max_depth=1,2014,75092,132,0.8346904207496524,0.7932258790438046,0.009196225482995946,0.6136363636363636
"2006,2012,2014",xgboost|F1|max_depth=3,2006,75067,107,0.8657068193379147,0.8639850214020957,0.007018292117047322,0.7289719626168224
"2006,2012,2014",xgboost|F1|max_depth=3,2012,75166,206,0.820382844960678,0.7085169362588168,0.008017944791001586,0.6116504854368932
"2006,2012,2014",xgboost|F1|max_depth=3,2014,75092,132,0.8569687671808802,0.7962414244143118,0.010293574718799003,0.7196969696969697
"2006,2012,2014",ridge|F2|C=0.1,2006,75067,107,0.8235746915488884,0.8273639725108897,0.003764297333357048,0.7009345794392523
"2006,2012,2014",ridge|F2|C=0.1,2012,75166,206,0.8139343572235289,0.629379413229233,0.00755467774138144,0.7087378640776699
"2006,2012,2014",ridge|F2|C=0.1,2014,75092,132,0.8052803919666246,0.793079365075007,0.004467056265069756,0.6666666666666666
"2006,2012,2014",ridge|F2|C=1.0,2006,75067,107,0.8119944344148656,0.826365463526272,0.003504461140968089,0.6448598130841121
"2006,2012,2014",ridge|F2|C=1.0,2012,75166,206,0.8178970531856473,0.648549350985913,0.007692167869109125,0.7038834951456311
"2006,2012,2014",ridge|F2|C=1.0,2014,75092,132,0.8006634851718895,0.7900910898543638,0.0043351627086029325,0.6590909090909091
"2006,2012,2014","frequency_ratio|F2|n_bins=5,alpha=1.0",2006,75067,107,0.886172812415843,0.8553969941162677,0.008824657890127392,0.8411214953271028
"2006,2012,2014","frequency_ratio|F2|n_bins=5,alpha=1.0",2012,75166,206,0.8309171363885981,0.6918734717254514,0.008629769525306735,0.8058252427184466
"2006,2012,2014","frequency_ratio|F2|n_bins=5,alpha=1.0",2014,75092,132,0.7939247396591314,0.7372214476671279,0.004335798866291547,0.5909090909090909
"2006,2012,2014","frequency_ratio|F2|n_bins=10,alpha=1.0",2006,75067,107,0.8301050279775382,0.7687630064247268,0.0042359811047768614,0.7289719626168224
"2006,2012,2014","frequency_ratio|F2|n_bins=10,alpha=1.0",2012,75166,206,0.7941033923594202,0.7325493751836882,0.006853308277602619,0.6553398058252428
"2006,2012,2014","frequency_ratio|F2|n_bins=10,alpha=1.0",2014,75092,132,0.7358295131140649,0.681691094925326,0.003387779423471039,0.4772727272727273
"2006,2012,2014","random_forest|F2|max_depth=2,min_samples_leaf=200",2006,75067,107,0.8403604663920446,0.8423161231304928,0.004593795592446286,0.8037383177570093
"2006,2012,2014","random_forest|F2|max_depth=2,min_samples_leaf=200",2012,75166,206,0.8168621970552581,0.6626813140878757,0.00801096150707293,0.7135922330097088
"2006,2012,2014","random_forest|F2|max_depth=2,min_samples_leaf=200",2014,75092,132,0.8167661136444487,0.7896457107030929,0.006245373529692558,0.6515151515151515
"2006,2012,2014","random_forest|F2|max_depth=4,min_samples_leaf=400",2006,75067,107,0.8208599726707826,0.8425377405584054,0.003712741190766585,0.7289719626168224
"2006,2012,2014","random_forest|F2|max_depth=4,min_samples_leaf=400",2012,75166,206,0.7888394198588762,0.659148336251177,0.006269247475405772,0.5776699029126213
"2006,2012,2014","random_forest|F2|max_depth=4,min_samples_leaf=400",2014,75092,132,0.8259768846415059,0.8006375746803283,0.00640088976493208,0.6515151515151515
"2006,2012,2014",xgboost|F2|max_depth=1,2006,75067,107,0.884230842118912,0.8935830968528835,0.008535764171472636,0.8878504672897196
"2006,2012,2014",xgboost|F2|max_depth=1,2012,75166,206,0.7450347628767706,0.6426412928115148,0.005652394365283224,0.5194174757281553
"2006,2012,2014",xgboost|F2|max_depth=1,2014,75092,132,0.813658092396753,0.7795084694301913,0.007762738197164864,0.7045454545454546
"2006,2012,2014",xgboost|F2|max_depth=3,2006,75067,107,0.8252198057032286,0.8392662507561637,0.004126066244995138,0.616822429906542
"2006,2012,2014",xgboost|F2|max_depth=3,2012,75166,206,0.7968973096330989,0.740293554659048,0.006854537313327785,0.5825242718446602
"2006,2012,2014",xgboost|F2|max_depth=3,2014,75092,132,0.7965365366579347,0.7896729545567788,0.004998098988902301,0.6136363636363636
"2006,2012,2014,2016",ridge|F0|C=0.1,2006,74908,107,0.8333534698359147,0.8201728884285311,0.003932896673967784,0.7102803738317757
"2006,2012,2014,2016",ridge|F0|C=0.1,2012,75007,206,0.8462791824469403,0.7173865311801697,0.009095287903977662,0.7378640776699029
"2006,2012,2014,2016",ridge|F0|C=0.1,2014,74933,132,0.8379220744496609,0.8021403653871858,0.006218846411866198,0.6666666666666666
"2006,2012,2014,2016",ridge|F0|C=0.1,2016,74971,170,0.8599510701728587,0.8660050046001558,0.009876837155847067,0.7705882352941177
"2006,2012,2014,2016",ridge|F0|C=1.0,2006,74908,107,0.8362763654391645,0.8235665072698475,0.004003543057505776,0.719626168224299
"2006,2012,2014,2016",ridge|F0|C=1.0,2012,75007,206,0.8466352729046898,0.7165721811762016,0.0090626510021455,0.7378640776699029
"2006,2012,2014,2016",ridge|F0|C=1.0,2014,74933,132,0.8360693808582206,0.7924359562056088,0.006116091836309945,0.6818181818181818
"2006,2012,2014,2016",ridge|F0|C=1.0,2016,74971,170,0.856524409472349,0.8626234439553137,0.009296778754077917,0.7600000000000042
"2006,2012,2014,2016","frequency_ratio|F0|n_bins=5,alpha=1.0",2006,74908,107,0.8602958604056846,0.8632006119010996,0.006502692263055418,0.7757009345794392
"2006,2012,2014,2016","frequency_ratio|F0|n_bins=5,alpha=1.0",2012,75007,206,0.8747744663088586,0.736214191215805,0.015513963561760139,0.8252427184466019
"2006,2012,2014,2016","frequency_ratio|F0|n_bins=5,alpha=1.0",2014,74933,132,0.8237275429391845,0.7530139669791349,0.006292061815025961,0.6666666666666666
"2006,2012,2014,2016","frequency_ratio|F0|n_bins=5,alpha=1.0",2016,74971,170,0.9127374044228727,0.8987244729746936,0.04974757116476332,0.8529411764705882
"2006,2012,2014,2016","frequency_ratio|F0|n_bins=10,alpha=1.0",2006,74908,107,0.8655298101242337,0.8598050093015877,0.005443211782897779,0.7663551401869159
"2006,2012,2014,2016","frequency_ratio|F0|n_bins=10,alpha=1.0",2012,75007,206,0.8729295711871355,0.7425598191367371,0.013037085061607476,0.8058252427184466
"2006,2012,2014,2016","frequency_ratio|F0|n_bins=10,alpha=1.0",2014,74933,132,0.8224572026058636,0.7532676724006705,0.006150906029555598,0.6287878787878788
"2006,2012,2014,2016","frequency_ratio|F0|n_bins=10,alpha=1.0",2016,74971,170,0.9192358233650542,0.9039503228598488,0.06498327245021182,0.8529411764705882
"2006,2012,2014,2016","random_forest|F0|max_depth=2,min_samples_leaf=200",2006,74908,107,0.8537585146482749,0.8548468767647311,0.005197601656629597,0.7757009345794392
"2006,2012,2014,2016","random_forest|F0|max_depth=2,min_samples_leaf=200",2012,75007,206,0.8673210978047512,0.7314506703321433,0.012956431200735719,0.7427184466019418
"2006,2012,2014,2016","random_forest|F0|max_depth=2,min_samples_leaf=200",2014,74933,132,0.830158343370065,0.8117033549587411,0.00611862864337045,0.6363636363636364
"2006,2012,2014,2016","random_forest|F0|max_depth=2,min_samples_leaf=200",2016,74971,170,0.910316628355865,0.9093774927716103,0.017789603084908717,0.8823529411764706
"2006,2012,2014,2016","random_forest|F0|max_depth=4,min_samples_leaf=400",2006,74908,107,0.8542220498576472,0.8526935770653402,0.00503471895444475,0.7476635514018691
"2006,2012,2014,2016","random_forest|F0|max_depth=4,min_samples_leaf=400",2012,75007,206,0.8831165358751889,0.7591435614343292,0.014875537358476805,0.8155339805825242
"2006,2012,2014,2016","random_forest|F0|max_depth=4,min_samples_leaf=400",2014,74933,132,0.8512847016710602,0.823301894935385,0.0073864860020612716,0.6363636363636364
"2006,2012,2014,2016","random_forest|F0|max_depth=4,min_samples_leaf=400",2016,74971,170,0.9096707577832004,0.9100318947283558,0.015772768067548563,0.8764705882352941
"2006,2012,2014,2016",xgboost|F0|max_depth=1,2006,74908,107,0.8615460311078355,0.8690418659434944,0.006004541205237959,0.6822429906542056
"2006,2012,2014,2016",xgboost|F0|max_depth=1,2012,75007,206,0.8764713960134741,0.7134652491059973,0.015515984973955798,0.8009708737864077
"2006,2012,2014,2016",xgboost|F0|max_depth=1,2014,74933,132,0.8226978411000014,0.792352227132949,0.007441194939103923,0.6136363636363636
"2006,2012,2014,2016",xgboost|F0|max_depth=1,2016,74971,170,0.9075079996571295,0.9029183469308428,0.028194942253678613,0.8529411764705882
"2006,2012,2014,2016",xgboost|F0|max_depth=3,2006,74908,107,0.8446142518710392,0.8490791840083789,0.005392791407171236,0.6261682242990654
"2006,2012,2014,2016",xgboost|F0|max_depth=3,2012,75007,206,0.8799446245916187,0.7832128524023695,0.013319048011014674,0.8446601941747572
"2006,2012,2014,2016",xgboost|F0|max_depth=3,2014,74933,132,0.850825402188352,0.8058412227238485,0.00838526742389692,0.6742424242424242
"2006,2012,2014,2016",xgboost|F0|max_depth=3,2016,74971,170,0.908159925512163,0.9076367631960625,0.018348197608599303,0.8588235294117647
"2006,2012,2014,2016",ridge|F1|C=0.1,2006,74908,107,0.8328345852740486,0.8199015694505015,0.003924711760301075,0.7009345794392523
"2006,2012,2014,2016",ridge|F1|C=0.1,2012,75007,206,0.8427561128861913,0.7170810070559174,0.008827863364892075,0.7281553398058253
"2006,2012,2014,2016",ridge|F1|C=0.1,2014,74933,132,0.8370259593839492,0.7999341712575252,0.006060396275175644,0.6818181818181818
"2006,2012,2014,2016",ridge|F1|C=0.1,2016,74971,170,0.8471167812320849,0.8518416560019949,0.00847995273963748,0.7588235294117647
"2006,2012,2014,2016",ridge|F1|C=1.0,2006,74908,107,0.8349992072423441,0.8224403835996922,0.0039749817407425565,0.719626168224299
"2006,2012,2014,2016",ridge|F1|C=1.0,2012,75007,206,0.8432580920534394,0.7164841134369127,0.008805712390363516,0.7281553398058253
"2006,2012,2014,2016",ridge|F1|C=1.0,2014,74933,132,0.8350780636946598,0.7902692215146411,0.006033758584176812,0.6818181818181818
"2006,2012,2014,2016",ridge|F1|C=1.0,2016,74971,170,0.8438952137318076,0.8482150389249178,0.008077563983372327,0.7529411764705882
"2006,2012,2014,2016","frequency_ratio|F1|n_bins=5,alpha=1.0",2006,74908,107,0.8602958604056846,0.8632006119010996,0.006502692263055418,0.7757009345794392
"2006,2012,2014,2016","frequency_ratio|F1|n_bins=5,alpha=1.0",2012,75007,206,0.8747744663088586,0.736214191215805,0.015513963561760139,0.8252427184466019
"2006,2012,2014,2016","frequency_ratio|F1|n_bins=5,alpha=1.0",2014,74933,132,0.8237275429391845,0.7530139669791349,0.006292061815025961,0.6666666666666666
"2006,2012,2014,2016","frequency_ratio|F1|n_bins=5,alpha=1.0",2016,74971,170,0.9127374044228727,0.8987244729746936,0.04974757116476332,0.8529411764705882
"2006,2012,2014,2016","frequency_ratio|F1|n_bins=10,alpha=1.0",2006,74908,107,0.8429316565436491,0.8380005475254761,0.004461179377312583,0.7289719626168224
"2006,2012,2014,2016","frequency_ratio|F1|n_bins=10,alpha=1.0",2012,75007,206,0.879754216462762,0.755975518102599,0.014698283170909016,0.8203883495145631
"2006,2012,2014,2016","frequency_ratio|F1|n_bins=10,alpha=1.0",2014,74933,132,0.8196585647655822,0.7659319641391402,0.005494567783378583,0.6212121212121212
"2006,2012,2014,2016","frequency_ratio|F1|n_bins=10,alpha=1.0",2016,74971,170,0.9369122935600893,0.9250758158443951,0.08909490640018249,0.9
"2006,2012,2014,2016","random_forest|F1|max_depth=2,min_samples_leaf=200",2006,74908,107,0.8379665822349569,0.8339885649688306,0.004575915281800551,0.7757009345794392
"2006,2012,2014,2016","random_forest|F1|max_depth=2,min_samples_leaf=200",2012,75007,206,0.863147759174083,0.750221511586933,0.013211892882953054,0.7572815533980582
"2006,2012,2014,2016","random_forest|F1|max_depth=2,min_samples_leaf=200",2014,74933,132,0.8339336129439204,0.8099921756007588,0.006373044455832088,0.6363636363636364
"2006,2012,2014,2016","random_forest|F1|max_depth=2,min_samples_leaf=200",2016,74971,170,0.9110908394587365,0.9107928069374681,0.017610239896920902,0.8588235294117647
"2006,2012,2014,2016","random_forest|F1|max_depth=4,min_samples_leaf=400",2006,74908,107,0.8331013366681214,0.835246355968651,0.004152076446268707,0.7289719626168224
"2006,2012,2014,2016","random_forest|F1|max_depth=4,min_samples_leaf=400",2012,75007,206,0.871127378365613,0.7553126986354357,0.014204079389866474,0.7815533980582524
"2006,2012,2014,2016","random_forest|F1|max_depth=4,min_samples_leaf=400",2014,74933,132,0.8461727541318723,0.8202245197639801,0.007119688502255543,0.6515151515151515
"2006,2012,2014,2016","random_forest|F1|max_depth=4,min_samples_leaf=400",2016,74971,170,0.9116739552868512,0.9116293250263615,0.017393541155572168,0.8588235294117647
"2006,2012,2014,2016",xgboost|F1|max_depth=1,2006,74908,107,0.8502237775570745,0.8523104098573805,0.005070264821976384,0.7663551401869159
"2006,2012,2014,2016",xgboost|F1|max_depth=1,2012,75007,206,0.8737235224647197,0.7323366884010998,0.016064470984137352,0.7961165048543689
"2006,2012,2014,2016",xgboost|F1|max_depth=1,2014,74933,132,0.8305585972963414,0.7932434186689211,0.007434548061349917,0.6287878787878788
"2006,2012,2014,2016",xgboost|F1|max_depth=1,2016,74971,170,0.9075079996571295,0.9029183469308428,0.028194942253678613,0.8529411764705882
"2006,2012,2014,2016",xgboost|F1|max_depth=3,2006,74908,107,0.8484680910982874,0.8465309521417104,0.005170709420048736,0.6635514018691588
"2006,2012,2014,2016",xgboost|F1|max_depth=3,2012,75007,206,0.8608443659506654,0.7489513313048818,0.011946337190900552,0.7572815533980582
"2006,2012,2014,2016",xgboost|F1|max_depth=3,2014,74933,132,0.8525683095307834,0.8050678128644979,0.008487284205062439,0.6666666666666666
"2006,2012,2014,2016",xgboost|F1|max_depth=3,2016,74971,170,0.9049002175969652,0.9051237886633176,0.017440643588670996,0.8529411764705882
"2006,2012,2014,2016",ridge|F2|C=0.1,2006,74908,107,0.7622154334235374,0.7906146325659867,0.0027426046995203185,0.3364485981308411
"2006,2012,2014,2016",ridge|F2|C=0.1,2012,75007,206,0.8278611222553875,0.6735955409458348,0.008565540313436194,0.6747572815533981
"2006,2012,2014,2016",ridge|F2|C=0.1,2014,74933,132,0.8342832274564471,0.7909267170341738,0.006319074356573958,0.696969696969697
"2006,2012,2014,2016",ridge|F2|C=0.1,2016,74971,170,0.8403267650558305,0.8277424081230226,0.007478291627596276,0.7764705882352941
"2006,2012,2014,2016",ridge|F2|C=1.0,2006,74908,107,0.7610283584843872,0.7925953021771992,0.0027286758652557393,0.2616822429906542
"2006,2012,2014,2016",ridge|F2|C=1.0,2012,75007,206,0.8271275252926762,0.6781314614597157,0.008397876240855313,0.6553398058252428
"2006,2012,2014,2016",ridge|F2|C=1.0,2014,74933,132,0.8360750524725605,0.7856045269012715,0.006524517325543633,0.7045454545454546
"2006,2012,2014,2016",ridge|F2|C=1.0,2016,74971,170,0.8372473000911439,0.8209334203856039,0.007335655254290444,0.788235294117647
"2006,2012,2014,2016","frequency_ratio|F2|n_bins=5,alpha=1.0",2006,74908,107,0.8761300232504763,0.8688161918861782,0.00759585998965539,0.8130841121495327
"2006,2012,2014,2016","frequency_ratio|F2|n_bins=5,alpha=1.0",2012,75007,206,0.868591004507364,0.7062938924550078,0.01296192806346031,0.8058252427184466
"2006,2012,2014,2016","frequency_ratio|F2|n_bins=5,alpha=1.0",2014,74933,132,0.7822211500170351,0.7503323487649747,0.004055894555423007,0.4621212121212121
"2006,2012,2014,2016","frequency_ratio|F2|n_bins=5,alpha=1.0",2016,74971,170,0.8617127641420332,0.8251550812882044,0.01097485939298554,0.8176470588235294
"2006,2012,2014,2016","frequency_ratio|F2|n_bins=10,alpha=1.0",2006,74908,107,0.8241031312115747,0.8097551637831634,0.003920850858121907,0.6728971962616822
"2006,2012,2014,2016","frequency_ratio|F2|n_bins=10,alpha=1.0",2012,75007,206,0.833822635931221,0.7346830754308616,0.01203057465286857,0.6553398058252428
"2006,2012,2014,2016","frequency_ratio|F2|n_bins=10,alpha=1.0",2014,74933,132,0.7751852085918476,0.7687026372473073,0.004198111282143921,0.3409090909090909
"2006,2012,2014,2016","frequency_ratio|F2|n_bins=10,alpha=1.0",2016,74971,170,0.8751531317999052,0.8406288344868117,0.01169510752317986,0.8294117647058824
"2006,2012,2014,2016","random_forest|F2|max_depth=2,min_samples_leaf=200",2006,74908,107,0.815841459463721,0.8242193875563449,0.003918512402285857,0.7757009345794392
"2006,2012,2014,2016","random_forest|F2|max_depth=2,min_samples_leaf=200",2012,75007,206,0.8491610685335576,0.7026856113029529,0.010913644109649935,0.7330097087378641
"2006,2012,2014,2016","random_forest|F2|max_depth=2,min_samples_leaf=200",2014,74933,132,0.821667025193716,0.7944208938654131,0.006128542624146103,0.6287878787878788
"2006,2012,2014,2016","random_forest|F2|max_depth=2,min_samples_leaf=200",2016,74971,170,0.8912107969616639,0.8893229348604298,0.012530285649350563,0.8235294117647058
"2006,2012,2014,2016","random_forest|F2|max_depth=4,min_samples_leaf=400",2006,74908,107,0.8002040804342287,0.8195957934551218,0.0033383334144370647,0.6074766355140186
"2006,2012,2014,2016","random_forest|F2|max_depth=4,min_samples_leaf=400",2012,75007,206,0.8432594548928075,0.7200411403043778,0.012415607984352584,0.7135922330097088
"2006,2012,2014,2016","random_forest|F2|max_depth=4,min_samples_leaf=400",2014,74933,132,0.8128026970956879,0.8002705452649851,0.0061039447445264865,0.6439393939393939
"2006,2012,2014,2016","random_forest|F2|max_depth=4,min_samples_leaf=400",2016,74971,170,0.898126794467202,0.8977033033454194,0.011939094803782047,0.8411764705882353
"2006,2012,2014,2016",xgboost|F2|max_depth=1,2006,74908,107,0.8661165382490889,0.8709897891694238,0.006006970541301535,0.8130841121495327
"2006,2012,2014,2016",xgboost|F2|max_depth=1,2012,75007,206,0.8422140273032538,0.6778310123232674,0.014167453700816676,0.7475728155339806
"2006,2012,2014,2016",xgboost|F2|max_depth=1,2014,74933,132,0.8127716044956456,0.7685639353321035,0.007204888679247056,0.6439393939393939
"2006,2012,2014,2016",xgboost|F2|max_depth=1,2016,74971,170,0.8927188768316247,0.8839451437215055,0.01751308606163324,0.8529411764705882
"2006,2012,2014,2016",xgboost|F2|max_depth=3,2006,74908,107,0.8209022394248064,0.827938488545881,0.003916457974265501,0.6448598130841121
"2006,2012,2014,2016",xgboost|F2|max_depth=3,2012,75007,206,0.8318511265424908,0.7265381418214485,0.00973352583222926,0.6650485436893204
"2006,2012,2014,2016",xgboost|F2|max_depth=3,2014,74933,132,0.8062659590112431,0.7852126797303609,0.005605012860793623,0.6287878787878788
"2006,2012,2014,2016",xgboost|F2|max_depth=3,2016,74971,170,0.8741109941122208,0.837638763249676,0.010700234874076082,0.8176470588235294
"2006,2012,2014,2016,2019",ridge|F0|C=0.1,2006,74890,107,0.8324513005292198,0.8214955948427374,0.003921459995146955,0.7383177570093458
"2006,2012,2014,2016,2019",ridge|F0|C=0.1,2012,74989,206,0.8662473780124215,0.7253155789716718,0.011440002039579452,0.8058252427184466
"2006,2012,2014,2016,2019",ridge|F0|C=0.1,2014,74915,132,0.8343239773745371,0.8036980493900353,0.005912086769402482,0.6590909090909091
"2006,2012,2014,2016,2019",ridge|F0|C=0.1,2016,74953,170,0.8638704455479422,0.8709213932285395,0.010372873953029172,0.7705882352941177
"2006,2012,2014,2016,2019",ridge|F0|C=0.1,2019,74839,56,0.9564621256549903,0.9006327252720151,0.011438736377024512,0.9642857142857143
"2006,2012,2014,2016,2019",ridge|F0|C=1.0,2006,74890,107,0.8338002502192949,0.8234577204669166,0.003953453930495619,0.7289719626168224
"2006,2012,2014,2016,2019",ridge|F0|C=1.0,2012,74989,206,0.8672106829741301,0.7254701407243687,0.01138623129141132,0.8058252427184466
"2006,2012,2014,2016,2019",ridge|F0|C=1.0,2014,74915,132,0.8328575121796843,0.7944101158607549,0.005845251868385964,0.6742424242424242
"2006,2012,2014,2016,2019",ridge|F0|C=1.0,2016,74953,170,0.8606083011945936,0.867411761561395,0.009848110346228315,0.7647058823529411
"2006,2012,2014,2016,2019",ridge|F0|C=1.0,2019,74839,56,0.9558551313228179,0.9021135013071682,0.010878083329713042,0.9642857142857143
"2006,2012,2014,2016,2019","frequency_ratio|F0|n_bins=5,alpha=1.0",2006,74890,107,0.8560396741675385,0.8595786111964747,0.006015528182352208,0.7476635514018691
"2006,2012,2014,2016,2019","frequency_ratio|F0|n_bins=5,alpha=1.0",2012,74989,206,0.8802893653858562,0.7504972590753324,0.01776368623597909,0.8252427184466019
"2006,2012,2014,2016,2019","frequency_ratio|F0|n_bins=5,alpha=1.0",2014,74915,132,0.8242771307204402,0.7537102124807681,0.006577147989774353,0.6439393939393939
"2006,2012,2014,2016,2019","frequency_ratio|F0|n_bins=5,alpha=1.0",2016,74953,170,0.9122252540881027,0.8989865047714178,0.035840150000943705,0.8588235294117647
"2006,2012,2014,2016,2019","frequency_ratio|F0|n_bins=5,alpha=1.0",2019,74839,56,0.9341790819533087,0.8748389010012638,0.009941093090916994,0.9642857142857143
"2006,2012,2014,2016,2019","frequency_ratio|F0|n_bins=10,alpha=1.0",2006,74890,107,0.8646142652491988,0.8596557581153442,0.005384192032864271,0.7663551401869159
"2006,2012,2014,2016,2019","frequency_ratio|F0|n_bins=10,alpha=1.0",2012,74989,206,0.8736382119969377,0.7500924379183486,0.012826412677967474,0.8106796116504854
"2006,2012,2014,2016,2019","frequency_ratio|F0|n_bins=10,alpha=1.0",2014,74915,132,0.82218015437798,0.752140208089998,0.006333799220240011,0.6136363636363636
"2006,2012,2014,2016,2019","frequency_ratio|F0|n_bins=10,alpha=1.0",2016,74953,170,0.9220503873560442,0.9075213507569947,0.07860943244558713,0.8764705882352941
"2006,2012,2014,2016,2019","frequency_ratio|F0|n_bins=10,alpha=1.0",2019,74839,56,0.9349990735098312,0.8825032009178139,0.006950973835512418,0.9642857142857143
"2006,2012,2014,2016,2019","random_forest|F0|max_depth=2,min_samples_leaf=200",2006,74890,107,0.8515515483365514,0.8533803149401056,0.005010614959912972,0.7757009345794392
"2006,2012,2014,2016,2019","random_forest|F0|max_depth=2,min_samples_leaf=200",2012,74989,206,0.8739333052823774,0.7344605785278608,0.014113628552125411,0.7961165048543689
"2006,2012,2014,2016,2019","random_forest|F0|max_depth=2,min_samples_leaf=200",2014,74915,132,0.8244588686701199,0.8122161409133006,0.005933647373773577,0.6212121212121212
"2006,2012,2014,2016,2019","random_forest|F0|max_depth=2,min_samples_leaf=200",2016,74953,170,0.914581325891147,0.9157340726613931,0.018485179238028945,0.8823529411764706
"2006,2012,2014,2016,2019","random_forest|F0|max_depth=2,min_samples_leaf=200",2019,74839,56,0.9473264072621546,0.8806114106917766,0.013776025225616948,0.9642857142857143
"2006,2012,2014,2016,2019","random_forest|F0|max_depth=4,min_samples_leaf=400",2006,74890,107,0.8496857137179835,0.8479310039762152,0.004742286193156038,0.7476635514018691
"2006,2012,2014,2016,2019","random_forest|F0|max_depth=4,min_samples_leaf=400",2012,74989,206,0.8837526544439452,0.7582982905998945,0.01456727216153841,0.8155339805825242
"2006,2012,2014,2016,2019","random_forest|F0|max_depth=4,min_samples_leaf=400",2014,74915,132,0.8460621823384751,0.8254111200491153,0.006953713682853828,0.6439393939393939
"2006,2012,2014,2016,2019","random_forest|F0|max_depth=4,min_samples_leaf=400",2016,74953,170,0.916571004262529,0.9165932720052444,0.01806147934502358,0.8823529411764706
"2006,2012,2014,2016,2019","random_forest|F0|max_depth=4,min_samples_leaf=400",2019,74839,56,0.9543323921976157,0.9007763806381139,0.012595102099026855,0.9821428571428571
"2006,2012,2014,2016,2019",xgboost|F0|max_depth=1,2006,74890,107,0.8551022578598441,0.8650054197774851,0.005171203568686779,0.6728971962616822
"2006,2012,2014,2016,2019",xgboost|F0|max_depth=1,2012,74989,206,0.8804437927783028,0.7211368439632571,0.01677856578737421,0.8058252427184466
"2006,2012,2014,2016,2019",xgboost|F0|max_depth=1,2014,74915,132,0.8236983855105621,0.7979389874286242,0.007172777428362483,0.6212121212121212
"2006,2012,2014,2016,2019",xgboost|F0|max_depth=1,2016,74953,170,0.9094036785648831,0.9066138909291825,0.028649421547949545,0.8470588235294118
"2006,2012,2014,2016,2019",xgboost|F0|max_depth=1,2019,74839,56,0.9324758205168859,0.8860085812468039,0.010984768356780698,0.8928571428571429
"2006,2012,2014,2016,2019",xgboost|F0|max_depth=3,2006,74890,107,0.8446864516786949,0.8499765250129854,0.005184974823468547,0.6355140186915887
"2006,2012,2014,2016,2019",xgboost|F0|max_depth=3,2012,74989,206,0.8865889514113909,0.7806532261329141,0.015430394618495361,0.8543689320388349
"2006,2012,2014,2016,2019",xgboost|F0|max_depth=3,2014,74915,132,0.8494733651587483,0.8091839081196786,0.007936269261199027,0.7045454545454546
"2006,2012,2014,2016,2019",xgboost|F0|max_depth=3,2016,74953,170,0.907147346322025,0.9079874905789448,0.017582537473940434,0.8705882352941177
"2006,2012,2014,2016,2019",xgboost|F0|max_depth=3,2019,74839,56,0.9641543819164401,0.9140178754395888,0.030610727312734,1.0
"2006,2012,2014,2016,2019",ridge|F1|C=0.1,2006,74890,107,0.8316369818169229,0.8207896937566393,0.003907214396249913,0.7289719626168224
"2006,2012,2014,2016,2019",ridge|F1|C=0.1,2012,74989,206,0.8643529648047055,0.726537161633838,0.011038530780240993,0.7961165048543689
"2006,2012,2014,2016,2019",ridge|F1|C=0.1,2014,74915,132,0.8321593304911706,0.8007296565432843,0.005712182986426418,0.6590909090909091
"2006,2012,2014,2016,2019",ridge|F1|C=0.1,2016,74953,170,0.8503300136630612,0.8568072360488866,0.008854215405756722,0.7529411764705882
"2006,2012,2014,2016,2019",ridge|F1|C=0.1,2019,74839,56,0.9570409432243004,0.8996900384648937,0.011474203840912106,0.9642857142857143
"2006,2012,2014,2016,2019",ridge|F1|C=1.0,2006,74890,107,0.8337007723655521,0.8234441533068141,0.0039580796471610875,0.7383177570093458
"2006,2012,2014,2016,2019",ridge|F1|C=1.0,2012,74989,206,0.8656054559931265,0.7267484023646373,0.0110761983500889,0.7912621359223301
"2006,2012,2014,2016,2019",ridge|F1|C=1.0,2014,74915,132,0.8302970736745793,0.791101795480802,0.005657083402897339,0.6742424242424242
"2006,2012,2014,2016,2019",ridge|F1|C=1.0,2016,74953,170,0.8471783851473007,0.8538096226858678,0.008463225921654518,0.7529411764705882
"2006,2012,2014,2016,2019",ridge|F1|C=1.0,2019,74839,56,0.9571703653045669,0.9015779672947746,0.01132516589152184,0.9642857142857143
"2006,2012,2014,2016,2019","frequency_ratio|F1|n_bins=5,alpha=1.0",2006,74890,107,0.8560396741675385,0.8595786111964747,0.006015528182352208,0.7476635514018691
"2006,2012,2014,2016,2019","frequency_ratio|F1|n_bins=5,alpha=1.0",2012,74989,206,0.8802893653858562,0.7504972590753324,0.01776368623597909,0.8252427184466019
"2006,2012,2014,2016,2019","frequency_ratio|F1|n_bins=5,alpha=1.0",2014,74915,132,0.8242771307204402,0.7537102124807681,0.006577147989774353,0.6439393939393939
"2006,2012,2014,2016,2019","frequency_ratio|F1|n_bins=5,alpha=1.0",2016,74953,170,0.9122252540881027,0.8989865047714178,0.035840150000943705,0.8588235294117647
"2006,2012,2014,2016,2019","frequency_ratio|F1|n_bins=5,alpha=1.0",2019,74839,56,0.9341790819533087,0.8748389010012638,0.009941093090916994,0.9642857142857143
"2006,2012,2014,2016,2019","frequency_ratio|F1|n_bins=10,alpha=1.0",2006,74890,107,0.8413132026482604,0.8373734343666704,0.004413127162188732,0.7570093457943925
"2006,2012,2014,2016,2019","frequency_ratio|F1|n_bins=10,alpha=1.0",2012,74989,206,0.8787333422566703,0.7610170888537552,0.013712449249142026,0.8155339805825242
"2006,2012,2014,2016,2019","frequency_ratio|F1|n_bins=10,alpha=1.0",2014,74915,132,0.81926697811324,0.7656443689924463,0.005525851791535861,0.6212121212121212
"2006,2012,2014,2016,2019","frequency_ratio|F1|n_bins=10,alpha=1.0",2016,74953,170,0.9393688090482974,0.9281158454512669,0.09323667831743072,0.9058823529411765
"2006,2012,2014,2016,2019","frequency_ratio|F1|n_bins=10,alpha=1.0",2019,74839,56,0.9566490951916116,0.9254696172043696,0.010430833095196356,1.0
"2006,2012,2014,2016,2019","random_forest|F1|max_depth=2,min_samples_leaf=200",2006,74890,107,0.8284650629653574,0.8293692083965706,0.004262857811331948,0.7850467289719626
"2006,2012,2014,2016,2019","random_forest|F1|max_depth=2,min_samples_leaf=200",2012,74989,206,0.8615992368339775,0.7381540193048259,0.012711809914908362,0.7572815533980582
"2006,2012,2014,2016,2019","random_forest|F1|max_depth=2,min_samples_leaf=200",2014,74915,132,0.8317890672770794,0.8151046312575722,0.006102000857654326,0.6212121212121212
"2006,2012,2014,2016,2019","random_forest|F1|max_depth=2,min_samples_leaf=200",2016,74953,170,0.9182093130634439,0.9183782095947345,0.020987044487842103,0.8588235294117647
"2006,2012,2014,2016,2019","random_forest|F1|max_depth=2,min_samples_leaf=200",2019,74839,56,0.94518664478749,0.875133558998876,0.014700896193138642,0.875
"2006,2012,2014,2016,2019","random_forest|F1|max_depth=4,min_samples_leaf=400",2006,74890,107,0.8382481350089437,0.84099834127346,0.004284335844043285,0.7383177570093458
"2006,2012,2014,2016,2019","random_forest|F1|max_depth=4,min_samples_leaf=400",2012,74989,206,0.873364669738943,0.7531992804169702,0.014418924422695888,0.7766990291262136
"2006,2012,2014,2016,2019","random_forest|F1|max_depth=4,min_samples_leaf=400",2014,74915,132,0.847076430026432,0.821894534313085,0.007074139234329801,0.6439393939393939
"2006,2012,2014,2016,2019","random_forest|F1|max_depth=4,min_samples_leaf=400",2016,74953,170,0.9165043014651804,0.9179469958564365,0.0182024353123608,0.8588235294117647
"2006,2012,2014,2016,2019","random_forest|F1|max_depth=4,min_samples_leaf=400",2019,74839,56,0.9581221668026155,0.8985911896132134,0.02442535684069085,0.9821428571428571
"2006,2012,2014,2016,2019",xgboost|F1|max_depth=1,2006,74890,107,0.8466398917940893,0.8494794082450497,0.004880922396758235,0.7663551401869159
"2006,2012,2014,2016,2019",xgboost|F1|max_depth=1,2012,74989,206,0.8752113720877065,0.7250448586194994,0.016955812560547866,0.8106796116504854
"2006,2012,2014,2016,2019",xgboost|F1|max_depth=1,2014,74915,132,0.8308209125473743,0.797395455261188,0.007270698511263789,0.6287878787878788
"2006,2012,2014,2016,2019",xgboost|F1|max_depth=1,2016,74953,170,0.9094036785648831,0.9066138909291825,0.028649421547949545,0.8470588235294118
"2006,2012,2014,2016,2019",xgboost|F1|max_depth=1,2019,74839,56,0.9490320565598369,0.9012183349800186,0.019095366102471274,0.9285714285714286
"2006,2012,2014,2016,2019",xgboost|F1|max_depth=3,2006,74890,107,0.8454745262335972,0.844242802826973,0.005037745899402815,0.6542056074766355
"2006,2012,2014,2016,2019",xgboost|F1|max_depth=3,2012,74989,206,0.870555895770403,0.7581004997143543,0.015442992821994638,0.8058252427184466
"2006,2012,2014,2016,2019",xgboost|F1|max_depth=3,2014,74915,132,0.8487203784363566,0.8047782473490733,0.0076757296191483065,0.6742424242424242
"2006,2012,2014,2016,2019",xgboost|F1|max_depth=3,2016,74953,170,0.9048351662181796,0.9057287502638047,0.017317696373803166,0.8705882352941177
"2006,2012,2014,2016,2019",xgboost|F1|max_depth=3,2019,74839,56,0.9592482821726098,0.9115107190806212,0.030397941151692667,0.9821428571428571
"2006,2012,2014,2016,2019",ridge|F2|C=0.1,2006,74890,107,0.7595908960767609,0.7889105340381356,0.0027145329628647354,0.29906542056074764
"2006,2012,2014,2016,2019",ridge|F2|C=0.1,2012,74989,206,0.8424183031058536,0.6863029213663934,0.012022357929269489,0.6941747572815534
"2006,2012,2014,2016,2019",ridge|F2|C=0.1,2014,74915,132,0.8350661246539989,0.7953777864200403,0.006246624680813126,0.7045454545454546
"2006,2012,2014,2016,2019",ridge|F2|C=0.1,2016,74953,170,0.8380991747888596,0.8242764443024674,0.007328479123599921,0.7647058823529411
"2006,2012,2014,2016,2019",ridge|F2|C=0.1,2019,74839,56,0.967878729122929,0.9033093340623127,0.016922362784196527,0.9821428571428571
"2006,2012,2014,2016,2019",ridge|F2|C=1.0,2006,74890,107,0.7566424274795823,0.7898556977954012,0.0026803850955632326,0.2336448598130841
"2006,2012,2014,2016,2019",ridge|F2|C=1.0,2012,74989,206,0.8431804435071623,0.6938865656115543,0.011686046378027662,0.6990291262135923
"2006,2012,2014,2016,2019",ridge|F2|C=1.0,2014,74915,132,0.8355712224338784,0.7902393347070269,0.0063041976355472,0.7121212121212122
"2006,2012,2014,2016,2019",ridge|F2|C=1.0,2016,74953,170,0.8335664522685636,0.8151268634416272,0.007098023077145134,0.7647058823529411
"2006,2012,2014,2016,2019",ridge|F2|C=1.0,2019,74839,56,0.9682118357686335,0.9055086481640645,0.01662466495571804,0.9821428571428571
"2006,2012,2014,2016,2019","frequency_ratio|F2|n_bins=5,alpha=1.0",2006,74890,107,0.8750870587435473,0.8708637236179076,0.007210478493697509,0.8037383177570093
"2006,2012,2014,2016,2019","frequency_ratio|F2|n_bins=5,alpha=1.0",2012,74989,206,0.8773573221368389,0.7328437408010842,0.015687667644000074,0.8106796116504854
"2006,2012,2014,2016,2019","frequency_ratio|F2|n_bins=5,alpha=1.0",2014,74915,132,0.7870401999482137,0.7570863356293214,0.004324363422432964,0.45454545454545453
"2006,2012,2014,2016,2019","frequency_ratio|F2|n_bins=5,alpha=1.0",2016,74953,170,0.8701672525448141,0.8354307580620343,0.013444454045684376,0.8235294117647058
"2006,2012,2014,2016,2019","frequency_ratio|F2|n_bins=5,alpha=1.0",2019,74839,56,0.9380894435519149,0.8784949492530093,0.007755106190078748,0.9642857142857143
"2006,2012,2014,2016,2019","frequency_ratio|F2|n_bins=10,alpha=1.0",2006,74890,107,0.8223241800794098,0.8111305022562671,0.003827839396987957,0.6542056074766355
"2006,2012,2014,2016,2019","frequency_ratio|F2|n_bins=10,alpha=1.0",2012,74989,206,0.8408961644234341,0.7306244000318725,0.01231598161952197,0.6844660194174758
"2006,2012,2014,2016,2019","frequency_ratio|F2|n_bins=10,alpha=1.0",2014,74915,132,0.7853955424158545,0.7746987147130133,0.004404709943662367,0.38636363636363635
"2006,2012,2014,2016,2019","frequency_ratio|F2|n_bins=10,alpha=1.0",2016,74953,170,0.8819292840225563,0.8534925961550831,0.013523037386925988,0.8411764705882353
"2006,2012,2014,2016,2019","frequency_ratio|F2|n_bins=10,alpha=1.0",2019,74839,56,0.9673228350217105,0.9232649232716091,0.013843123656950517,1.0
"2006,2012,2014,2016,2019","random_forest|F2|max_depth=2,min_samples_leaf=200",2006,74890,107,0.8159283539502018,0.8202239216125845,0.0039498106598197386,0.7757009345794392
"2006,2012,2014,2016,2019","random_forest|F2|max_depth=2,min_samples_leaf=200",2012,74989,206,0.8556208390126564,0.6879864729645223,0.01206845086263764,0.7621359223300971
"2006,2012,2014,2016,2019","random_forest|F2|max_depth=2,min_samples_leaf=200",2014,74915,132,0.8190330690130109,0.804421622987304,0.0057186913393766185,0.6287878787878788
"2006,2012,2014,2016,2019","random_forest|F2|max_depth=2,min_samples_leaf=200",2016,74953,170,0.8961225852682783,0.8981502043646504,0.012348560121228248,0.8352941176470589
"2006,2012,2014,2016,2019","random_forest|F2|max_depth=2,min_samples_leaf=200",2019,74839,56,0.9399870768948634,0.8758676732681518,0.012990242564157276,0.875
"2006,2012,2014,2016,2019","random_forest|F2|max_depth=4,min_samples_leaf=400",2006,74890,107,0.814149999856282,0.8294459876361575,0.0036126350044632816,0.7289719626168224
"2006,2012,2014,2016,2019","random_forest|F2|max_depth=4,min_samples_leaf=400",2012,74989,206,0.852189032630203,0.69983134211708,0.015399707114194128,0.7427184466019418
"2006,2012,2014,2016,2019","random_forest|F2|max_depth=4,min_samples_leaf=400",2014,74915,132,0.8129110124282823,0.8029594656407812,0.005938685482621456,0.6515151515151515
"2006,2012,2014,2016,2019","random_forest|F2|max_depth=4,min_samples_leaf=400",2016,74953,170,0.9003038595591479,0.9006938330717627,0.012191363721921688,0.8529411764705882
"2006,2012,2014,2016,2019","random_forest|F2|max_depth=4,min_samples_leaf=400",2019,74839,56,0.9595990589916348,0.8932546013433381,0.04041274263550442,0.9464285714285714
"2006,2012,2014,2016,2019",xgboost|F2|max_depth=1,2006,74890,107,0.8622846588778174,0.8690926803004198,0.005635589790642442,0.8130841121495327
"2006,2012,2014,2016,2019",xgboost|F2|max_depth=1,2012,74989,206,0.843161748639981,0.6694153270435697,0.017823879604335395,0.7718446601941747
"2006,2012,2014,2016,2019",xgboost|F2|max_depth=1,2014,74915,132,0.8064975065229134,0.7672189733938761,0.0067145022627282756,0.6287878787878788
"2006,2012,2014,2016,2019",xgboost|F2|max_depth=1,2016,74953,170,0.8972322272048302,0.8910923936701697,0.01802265033445794,0.8529411764705882
"2006,2012,2014,2016,2019",xgboost|F2|max_depth=1,2019,74839,56,0.9622013501922705,0.9041646373927774,0.030736836681273028,0.9642857142857143
"2006,2012,2014,2016,2019",xgboost|F2|max_depth=3,2006,74890,107,0.8202781355800665,0.8302887907137277,0.0038898605402512276,0.6448598130841121
"2006,2012,2014,2016,2019",xgboost|F2|max_depth=3,2012,74989,206,0.8371827016913271,0.728210396836649,0.012888593643850633,0.6601941747572816
"2006,2012,2014,2016,2019",xgboost|F2|max_depth=3,2014,74915,132,0.8005467536577549,0.7879699019791622,0.005250070991364656,0.6287878787878788
"2006,2012,2014,2016,2019",xgboost|F2|max_depth=3,2016,74953,170,0.8630599436329899,0.8313014650322108,0.008988887123690075,0.6764705882352942
"2006,2012,2014,2016,2019",xgboost|F2|max_depth=3,2019,74839,56,0.9703028858736038,0.9076961576593847,0.04837160661992768,0.9821428571428571
