test_event,role,score,rule,n_objects,sigma_hat,mu0_hat,beta_hat,tau_hat,delta_hat,cell_auc,object_auc,gap,term_size_weight,term_within_object,term_erasure,n_eff,n_survive,top10_share,sd_A,rho_wA,concentration_factor,size_term_product,cov_abs_diff
2012,development,L1,f10,30,2.003576431998231,1.4104810602401674,0.16525717907803228,0.8133732816940696,0.05075064129064455,0.7910914447573926,0.803161166087212,-0.012069721329819427,-0.0157299861740675,-0.0023645840437831,0.0060248488880312,10.223939893458136,26,0.546681823823986,0.14812468439055682,-0.08548910503300453,1.242196016838178,-0.015729986174067633,1.3183898417423734e-16
2012,development,L1,soft,30,2.003576431998231,1.4104810602401674,0.16525717907803228,0.8133732816940696,0.05075064129064455,0.7935255305952551,0.803161166087212,-0.009635635491956895,-0.008908969167002,-0.0007266663249545,0.0,8.940017107823978,30,0.5871326448521975,0.13559383777665213,-0.04280826937858225,1.5348284192157362,-0.008908969167002408,4.0766001685454967e-16
2012,development,hand_acc_neg,f10,30,2.003576431998231,1.5380333578415841,0.24401434694344987,0.3515088365090569,0.0638930278823906,0.8774148216225681,0.8508890754414234,0.02652574618114467,0.0303635261499067,-0.0153154643933459,0.0114776844245836,10.223939893458136,26,0.546681823823986,0.0744706562084254,0.32822895662579404,1.242196016838178,0.030363526149906776,7.632783294297951e-17
2012,development,hand_acc_neg,soft,30,2.003576431998231,1.5380333578415841,0.24401434694344987,0.3515088365090569,0.0638930278823906,0.886979199408312,0.8508890754414234,0.0360901239668886,0.0528927236298607,-0.0168025996629722,0.0,8.940017107823978,30,0.5871326448521975,0.07697400844483951,0.44770505260247295,1.5348284192157362,0.05289272362986086,1.5959455978986625e-16
2012,development,hand_neg,f10,30,2.003576431998231,1.4863589055002517,0.16086927054791608,0.37522872185239026,0.04671733601364525,0.8578793017207788,0.8436921599814527,0.014187141739326004,0.0191658682273938,-0.0158104732358592,0.0108317467477914,10.223939893458136,26,0.546681823823986,0.07269869127223892,0.21223244279857986,1.242196016838178,0.01916586822739374,6.245004513516506e-17
2012,development,hand_neg,soft,30,2.003576431998231,1.4863589055002517,0.16086927054791608,0.37522872185239026,0.04671733601364525,0.8628442043306311,0.8436921599814527,0.019152044349178388,0.0374024242255015,-0.0182503798763229,0.0,8.940017107823978,30,0.5871326448521975,0.07291525632895726,0.3342115948080071,1.5348284192157362,0.03740242422550139,1.1102230246251565e-16
2012,development,impervious,f10,30,2.003576431998231,1.3555533405017142,0.2826920709209166,0.7527106240324448,0.08363182648272183,0.8079026200448239,0.7986423115573349,0.009260308487489044,0.0054710599674056,-0.0123852372828151,0.0161744858028985,10.223939893458136,26,0.546681823823986,0.15635447799383315,0.028168973339127823,1.242196016838178,0.005471059967405496,1.0408340855860843e-16
2012,development,impervious,soft,30,2.003576431998231,1.3555533405017142,0.2826920709209166,0.7527106240324448,0.08363182648272183,0.8041972426288206,0.7986423115573349,0.005554931071485747,0.0071220939356841,-0.0015671628641982,0.0,8.940017107823978,30,0.5871326448521975,0.15967674625212305,0.02906070801661064,1.5348284192157362,0.007122093935683995,1.0495077029659683e-16
2012,development,logit_F1_wf,f10,30,2.003576431998231,0.03382031246116687,-0.17222245825550084,1.453349720374617,-0.06740318803616469,0.523354218253832,0.513355456703192,0.009998761550639945,0.0446012572837284,-0.0034632537632723,-0.0311392419698161,10.223939893458136,26,0.546681823823986,0.3065440472522635,0.11712890468134876,1.242196016838178,0.04460125728372849,9.020562075079397e-17
2012,development,logit_F1_wf,soft,30,2.003576431998231,0.03382031246116687,-0.17222245825550084,1.453349720374617,-0.06740318803616469,0.5186473875412005,0.513355456703192,0.005291930838008496,0.0149030407974006,-0.009611109959392,0.0,8.940017107823978,30,0.5871326448521975,0.29911135495675995,0.03246251460956631,1.5348284192157362,0.014903040797400584,1.5612511283791264e-17
2012,development,relelev_neg,f10,30,2.003576431998231,0.677025625459389,-0.37064022210114816,0.5838989025326508,-0.1830375414305898,0.5869208605003859,0.6645513552765874,-0.07763049477620143,-0.0750907203118915,0.0048232947558857,-0.0073630692201955,10.223939893458136,26,0.546681823823986,0.18224677512152385,-0.33169298435942735,1.242196016838178,-0.07509072031189162,1.249000902703301e-16
2012,development,relelev_neg,soft,30,2.003576431998231,0.677025625459389,-0.37064022210114816,0.5838989025326508,-0.1830375414305898,0.5730440987724115,0.6645513552765874,-0.0915072565041759,-0.0944531944637583,0.0029459379595824,0.0,8.940017107823978,30,0.5871326448521975,0.16492950014114025,-0.37312854599323714,1.5348284192157362,-0.09445319446375833,2.7755575615628914e-17
2012,development,rf_F1_wf,f10,30,2.003576431998231,0.8289929514164588,0.23810837469097723,0.7111928257091957,0.09499382974164117,0.7802727624157165,0.697930200561218,0.08234256185449851,0.084933176683064,-0.0109465340855396,0.008355919256974,10.223939893458136,26,0.546681823823986,0.1823482925893573,0.3749605127825654,1.242196016838178,0.08493317668306405,5.551115123125783e-17
2012,development,rf_F1_wf,soft,30,2.003576431998231,0.8289929514164588,0.23810837469097723,0.7111928257091957,0.09499382974164117,0.7925599200668493,0.697930200561218,0.09462971950563126,0.1101542538824875,-0.0155245343768563,0.0,8.940017107823978,30,0.5871326448521975,0.16389695811133062,0.437895566169379,1.5348284192157362,0.11015425388248762,1.249000902703301e-16
2012,development,slope_neg,f10,30,2.003576431998231,1.2776496286662227,0.5760232641547451,0.673381925598423,0.14942378200596373,0.8717151957228565,0.7753672623638704,0.09634793335898606,0.0997628348819132,-0.0169258033735674,0.0135109018506398,10.223939893458136,26,0.546681823823986,0.16774222289552013,0.47878028111815035,1.242196016838178,0.0997628348819136,4.0245584642661925e-16
2012,development,slope_neg,soft,30,2.003576431998231,1.2776496286662227,0.5760232641547451,0.673381925598423,0.14942378200596373,0.8960071593443988,0.7753672623638704,0.12063989698052835,0.1352322844977667,-0.0145923875172381,0.0,8.940017107823978,30,0.5871326448521975,0.161180377907103,0.5466487796425494,1.5348284192157362,0.13523228449776656,1.3877787807814457e-16
2012,development,twi,f10,30,2.003576431998231,1.0589058034801087,0.42654984518854944,0.8080072734401701,0.136829238085166,0.8222134667323953,0.736788775389006,0.08542469134338926,0.064898248525417,-0.006815450109237,0.0273418929272092,10.223939893458136,26,0.546681823823986,0.17739737558649618,0.2945070213617606,1.242196016838178,0.06489824852541698,1.3877787807814457e-17
2012,development,twi,soft,30,2.003576431998231,1.0589058034801087,0.42654984518854944,0.8080072734401701,0.136829238085166,0.8456566833348573,0.736788775389006,0.10886790794585133,0.1215521035116351,-0.0126841955657835,0.0,8.940017107823978,30,0.5871326448521975,0.1938965983162226,0.4084439399375853,1.5348284192157362,0.12155210351163485,2.498001805406602e-16
2012,development,z_sensitivity,f10,30,2.003576431998231,1.5195975754539361,0.5414540493279113,0.8273262989543682,0.12364989071066379,0.8739552913099086,0.807842654382913,0.06611263692699554,0.0397693383036145,-0.0036740539838574,0.0300173526072387,10.223939893458136,26,0.546681823823986,0.13260005865706914,0.24144294323258855,1.242196016838178,0.0397693383036144,1.0408340855860843e-16
2012,development,z_sensitivity,soft,30,2.003576431998231,1.5195975754539361,0.5414540493279113,0.8273262989543682,0.12364989071066379,0.8825337300767994,0.807842654382913,0.07469107569388633,0.0814055024206907,-0.0067144267268044,0.0,8.940017107823978,30,0.5871326448521975,0.15304682224688052,0.3465529597354147,1.5348284192157362,0.08140550242069068,1.3877787807814457e-17
2014,development,L1,f10,47,1.2935766433447378,1.3461782459891898,0.036656736594991995,0.990829957644777,0.007996789287336936,0.7842200436098242,0.7872517586970175,-0.003031715087193243,-0.0021482841524184,-0.0008834309347747,0.0,22.639484362858383,47,0.37696142848555125,0.19473067612650058,-0.010635242089047151,1.0373133633591418,-0.002148284152418581,1.8127860323957634e-16
2014,development,L1,soft,47,1.2935766433447378,1.3461782459891898,0.036656736594991995,0.990829957644777,0.007996789287336936,0.7892013938891076,0.7872517586970175,0.0019496351920901267,0.0035058072280501,-0.00155617203596,0.0,16.641057410290376,47,0.45940325461284487,0.19904522708323905,0.013040174499238852,1.350681218664097,0.0035058072280500117,8.847089727481716e-17
2014,development,hand_acc_neg,f10,47,1.2935766433447378,1.5316298910487163,0.3155617749839881,0.4411064949804029,0.05581072513437302,0.8662356613378296,0.8437010362005711,0.022534625137258457,0.0385763850564226,-0.0160417599191641,0.0,22.639484362858383,47,0.37696142848555125,0.09936624409422987,0.37425936882282573,1.0373133633591418,0.0385763850564223,2.983724378680108e-16
2014,development,hand_acc_neg,soft,47,1.2935766433447378,1.5316298910487163,0.3155617749839881,0.4411064949804029,0.05581072513437302,0.8801712987800407,0.8437010362005711,0.036470262579469614,0.0523510248028681,-0.0158807622233985,0.0,16.641057410290376,47,0.45940325461284487,0.10017763952751411,0.3869024968479641,1.350681218664097,0.05235102480286801,9.020562075079397e-17
2014,development,hand_neg,f10,47,1.2935766433447378,1.7262823215119838,0.10981807081533349,0.5097597656554417,0.018471254081910415,0.8772223114656155,0.8736694989475937,0.003552812518021753,0.0156766182995994,-0.0121238057815775,0.0,22.639484362858383,47,0.37696142848555125,0.08958089524520224,0.16870463436835742,1.0373133633591418,0.015676618299599127,2.740863092043355e-16
2014,development,hand_neg,soft,47,1.2935766433447378,1.7262823215119838,0.10981807081533349,0.5097597656554417,0.018471254081910415,0.8779656037564988,0.8736694989475937,0.004296104808905077,0.0188709547994038,-0.0145748499904989,0.0,16.641057410290376,47,0.45940325461284487,0.0884600031487333,0.15794070159998155,1.350681218664097,0.01887095479940369,1.0755285551056204e-16
2014,development,impervious,f10,47,1.2935766433447378,0.980985768540071,-0.38092321467626233,0.9447802709938862,-0.10292049222139144,0.6077199292709204,0.708599459805328,-0.10087953053440757,-0.0963178738701061,-0.0045616566643013,0.0,22.639484362858383,47,0.37696142848555125,0.21740079764737413,-0.4271061071167098,1.0373133633591418,-0.09631787387010637,2.7755575615628914e-16
2014,development,impervious,soft,47,1.2935766433447378,0.980985768540071,-0.38092321467626233,0.9447802709938862,-0.10292049222139144,0.5678452584196486,0.708599459805328,-0.1407542013856794,-0.1386171588170035,-0.002137042568676,0.0,16.641057410290376,47,0.45940325461284487,0.21345992802944516,-0.4807815279811338,1.350681218664097,-0.13861715881700337,1.3877787807814457e-16
2014,development,logit_F1_wf,f10,47,1.2935766433447378,1.3896282060399219,0.31311199441467685,0.6851382477496815,0.061551402616219164,0.8354526290701026,0.8075651369732932,0.027887492096809408,0.0478755658562022,-0.0199880737593927,0.0,22.639484362858383,47,0.37696142848555125,0.1393232919163246,0.3312685600227235,1.0373133633591418,0.04787556585620239,1.8735013540549517e-16
2014,development,logit_F1_wf,soft,47,1.2935766433447378,1.3896282060399219,0.31311199441467685,0.6851382477496815,0.061551402616219164,0.8661005747624896,0.8075651369732932,0.05853543778919634,0.0726855056581897,-0.0141500678689934,0.0,16.641057410290376,47,0.45940325461284487,0.13366927340612875,0.4025903564916911,1.350681218664097,0.07268550565818989,1.942890293094024e-16
2014,development,relelev_neg,f10,47,1.2935766433447378,0.7506038235196504,-0.04140959106835363,0.825616659619151,-0.011831807077161693,0.6486230616737605,0.6744521859835443,-0.02582912430978379,-0.0256015213138222,-0.0002276029959614,0.0,22.639484362858383,47,0.37696142848555125,0.19009123794159027,-0.12983557370266754,1.0373133633591418,-0.0256015213138223,1.0061396160665481e-16
2014,development,relelev_neg,soft,47,1.2935766433447378,0.7506038235196504,-0.04140959106835363,0.825616659619151,-0.011831807077161693,0.641410430642556,0.6744521859835443,-0.0330417553409883,-0.0358780577008086,0.0028363023598203,0.0,16.641057410290376,47,0.45940325461284487,0.18821285916563704,-0.14113241426652653,1.350681218664097,-0.03587805770080863,3.469446951953614e-17
2014,development,rf_F1_wf,f10,47,1.2935766433447378,1.524245664104998,0.3382639305639133,0.6604795171095856,0.060288989599247556,0.8522077070862744,0.8293385571693931,0.02286914991688127,0.0425217384279933,-0.0196525885111117,0.0,22.639484362858383,47,0.37696142848555125,0.11496700246022981,0.35655606704601256,1.0373133633591418,0.04252173842799291,3.885780586188048e-16
2014,development,rf_F1_wf,soft,47,1.2935766433447378,1.524245664104998,0.3382639305639133,0.6604795171095856,0.060288989599247556,0.880005685332015,0.8293385571693931,0.050667128162621866,0.0645292993029482,-0.0138621711403266,0.0,16.641057410290376,47,0.45940325461284487,0.11545876988192134,0.4137873048021552,1.350681218664097,0.06452929930294844,2.3592239273284576e-16
2014,development,slope_neg,f10,47,1.2935766433447378,1.206325576126576,0.3839855320663529,0.6384194418659952,0.08187901134372089,0.8131576499973427,0.7776172656544723,0.035540384342870435,0.0582312704024281,-0.0226908860595572,0.0,22.639484362858383,47,0.37696142848555125,0.15306938613650498,0.3667397221922737,1.0373133633591418,0.05823127040242777,3.2612801348363973e-16
2014,development,slope_neg,soft,47,1.2935766433447378,1.206325576126576,0.3839855320663529,0.6384194418659952,0.08187901134372089,0.8474821622682503,0.7776172656544723,0.06986489661377804,0.0862301380762765,-0.0163652414624985,0.0,16.641057410290376,47,0.45940325461284487,0.1507027258598146,0.4236284441781711,1.350681218664097,0.08623013807627652,2.7755575615628914e-17
2014,development,twi,f10,47,1.2935766433447378,1.0567649772296788,0.4474646016877651,0.8107058861127188,0.09930653181360716,0.7909741916158985,0.7326708150843473,0.058303376531551265,0.0757704536020125,-0.0174670770704611,0.0,22.639484362858383,47,0.37696142848555125,0.2052010683708914,0.3559674576225356,1.0373133633591418,0.07577045360201252,2.7755575615628914e-17
2014,development,twi,soft,47,1.2935766433447378,1.0567649772296788,0.4474646016877651,0.8107058861127188,0.09930653181360716,0.8267030134592869,0.7326708150843473,0.09403219837493959,0.1053363338907902,-0.0113041355158504,0.0,16.641057410290376,47,0.45940325461284487,0.1988988559239494,0.39209657897287964,1.350681218664097,0.10533633389079008,1.1102230246251565e-16
2014,development,z_sensitivity,f10,47,1.2935766433447378,1.6284284146442716,0.07936455058624184,0.8027651682642406,0.014774275451748475,0.8378485122254054,0.8421796304418591,-0.004331118216453711,-0.0009191403887225,-0.0034119778277309,0.0,22.639484362858383,47,0.37696142848555125,0.11059014794258647,-0.008012267463636796,1.0373133633591418,-0.0009191403887227613,2.6129272356900657e-16
2014,development,z_sensitivity,soft,47,1.2935766433447378,1.6284284146442716,0.07936455058624184,0.8027651682642406,0.014774275451748475,0.8385685867286817,0.8421796304418591,-0.003611043713177331,0.0019319535741666,-0.0055429972873439,0.0,16.641057410290376,47,0.45940325461284487,0.11382331201639583,0.012566449965086119,1.350681218664097,0.001931953574166316,2.8406096919120216e-16
2016,development,L1,f10,21,0.9511462054926918,2.18684125698242,-0.12937124961582533,0.7789994463559827,-0.01281636588531998,0.9196080255842866,0.9109189164619989,0.008689109122287708,0.0166307166689128,-0.0079416075466247,0.0,13.75990943191995,21,0.3490955274097014,0.1057674775912024,0.2167677180707416,0.7253777194956202,0.016630716668912634,1.6653345369377348e-16
2016,development,L1,soft,21,0.9511462054926918,2.18684125698242,-0.12937124961582533,0.7789994463559827,-0.01281636588531998,0.9296414084355624,0.9109189164619989,0.01872249197356357,0.0192053146951879,-0.0004828227216245,0.0,11.671259491318544,21,0.4198621654516996,0.09720918483840614,0.22098433187897681,0.894031135708436,0.019205314695188047,1.457167719820518e-16
2016,development,hand_acc_neg,f10,21,0.9511462054926918,1.6844860988283596,0.05664150398839785,0.3236647466488901,0.007390078282544343,0.8657460259126912,0.8768686451689308,-0.011122619256239585,0.0114367206562541,-0.0225593399124935,0.0,13.75990943191995,21,0.3490955274097014,0.060832201862382446,0.25918136060556657,0.7253777194956202,0.011436720656254003,9.71445146547012e-17
2016,development,hand_acc_neg,soft,21,0.9511462054926918,1.6844860988283596,0.05664150398839785,0.3236647466488901,0.007390078282544343,0.8742870297884011,0.8768686451689308,-0.0025816153805297004,0.0138633372349363,-0.0164449526154663,0.0,11.671259491318544,21,0.4198621654516996,0.05551750560056887,0.27930917300670866,0.894031135708436,0.013863337234936376,7.632783294297951e-17
2016,development,hand_neg,f10,21,0.9511462054926918,1.617957748968623,0.10994699172975982,0.30321392396444974,0.014822828604781568,0.8618256953186699,0.8676084568356411,-0.005782761516971213,0.0171278868692961,-0.0229106483862673,0.0,13.75990943191995,21,0.3490955274097014,0.05854369062692388,0.4033290253085909,0.7253777194956202,0.017127886869295922,1.7694179454963432e-16
2016,development,hand_neg,soft,21,0.9511462054926918,1.617957748968623,0.10994699172975982,0.30321392396444974,0.014822828604781568,0.8684052851279379,0.8676084568356411,0.0007968282922967695,0.0182931990716793,-0.0174963707793825,0.0,11.671259491318544,21,0.4198621654516996,0.05486662205177904,0.372931264396733,0.894031135708436,0.018293199071679242,5.898059818321144e-17
2016,development,impervious,f10,21,0.9511462054926918,2.214199615961375,0.121390656366967,0.3856016754878345,0.009502536775838566,0.9371092571017507,0.9333740514340806,0.0037352056676701606,0.0123782408698323,-0.0086430352021623,0.0,13.75990943191995,21,0.3490955274097014,0.06342391897994054,0.2690553573241324,0.7253777194956202,0.012378240869832332,3.122502256758253e-17
2016,development,impervious,soft,21,0.9511462054926918,2.214199615961375,0.121390656366967,0.3856016754878345,0.009502536775838566,0.9444549711244627,0.9333740514340806,0.011080919690382163,0.0116753237344503,-0.0005944040440685,0.0,11.671259491318544,21,0.4198621654516996,0.04527453922749264,0.28844449088511614,0.894031135708436,0.011675323734450292,8.673617379884035e-18
2016,development,logit_F1_wf,f10,21,0.9511462054926918,1.5929822234676814,-0.09749907852245555,0.6645013806355821,-0.014506512327874255,0.8311109460399871,0.8445551422331852,-0.013444196193198032,0.0059441443126745,-0.0193883405058725,0.0,13.75990943191995,21,0.3490955274097014,0.11600319060161143,0.07064073324669773,0.7253777194956202,0.005944144312674529,2.862293735361732e-17
2016,development,logit_F1_wf,soft,21,0.9511462054926918,1.5929822234676814,-0.09749907852245555,0.6645013806355821,-0.014506512327874255,0.8407216173420657,0.8445551422331852,-0.003833524891119433,0.0080249997267365,-0.0118585246178558,0.0,11.671259491318544,21,0.4198621654516996,0.11852113553652739,0.07573499108896482,0.894031135708436,0.008024999726736457,4.336808689942018e-17
2016,development,relelev_neg,f10,21,0.9511462054926918,0.23700854030892585,-0.005855494464258623,0.2967141563803903,-0.001517548439419647,0.5531201570087028,0.5650621139228988,-0.011941956914196084,-0.0134513547190875,0.0015093978048914,0.0,13.75990943191995,21,0.3490955274097014,0.08460712982210074,-0.21917693588554013,0.7253777194956202,-0.013451354719087745,2.445960101127298e-16
2016,development,relelev_neg,soft,21,0.9511462054926918,0.23700854030892585,-0.005855494464258623,0.2967141563803903,-0.001517548439419647,0.54433178669154,0.5650621139228988,-0.020730327231358814,-0.0247681358909663,0.0040378086596073,0.0,11.671259491318544,21,0.4198621654516996,0.08243969394294795,-0.33605031520836076,0.894031135708436,-0.024768135890966467,1.6653345369377348e-16
2016,development,rf_F1_wf,f10,21,0.9511462054926918,2.1111951471740493,-0.22381731093478535,0.7176782836784955,-0.024235550797332417,0.9009228561822178,0.907361802580625,-0.006438946398407253,0.0086679671098335,-0.015106913508241,0.0,13.75990943191995,21,0.3490955274097014,0.0870740194181359,0.13723486221096062,0.7253777194956202,0.008667967109833651,1.5092094240998222e-16
2016,development,rf_F1_wf,soft,21,0.9511462054926918,2.1111951471740493,-0.22381731093478535,0.7176782836784955,-0.024235550797332417,0.9128949298520308,0.907361802580625,0.005533127271405758,0.0144944722985883,-0.0089613450271825,0.0,11.671259491318544,21,0.4198621654516996,0.08415682355976599,0.19264619239966954,0.894031135708436,0.014494472298588513,2.1337098754514727e-16
2016,development,slope_neg,f10,21,0.9511462054926918,1.7034567051563176,0.18690263703806348,0.7306494592672287,0.02368114781544539,0.8710982008116287,0.855174793438586,0.015923407373042653,0.0386551332970445,-0.022731725924002,0.0,13.75990943191995,21,0.3490955274097014,0.1416553447176766,0.37619238324073645,0.7253777194956202,0.03865513329704457,6.938893903907228e-17
2016,development,slope_neg,soft,21,0.9511462054926918,1.7034567051563176,0.18690263703806348,0.7306494592672287,0.02368114781544539,0.8899032457181498,0.855174793438586,0.03472845227956378,0.0481860614372481,-0.0134576091576847,0.0,11.671259491318544,21,0.4198621654516996,0.13546882575717126,0.3978592135001464,0.894031135708436,0.04818606143724842,3.191891195797325e-16
2016,development,twi,f10,21,0.9511462054926918,1.4307279752074358,0.08312820121970223,0.6883752160544053,0.012953614820945258,0.8332331047532665,0.8197152754231677,0.013517829330098818,0.0364283004699329,-0.0229104711398343,0.0,13.75990943191995,21,0.3490955274097014,0.15248451986133685,0.3293433825985339,0.7253777194956202,0.036428300469933186,2.8449465006019636e-16
2016,development,twi,soft,21,0.9511462054926918,1.4307279752074358,0.08312820121970223,0.6883752160544053,0.012953614820945258,0.8497418087930776,0.8197152754231677,0.030026533369909902,0.041796739030007,-0.0117702056600971,0.0,11.671259491318544,21,0.4198621654516996,0.14481092810287044,0.32284080288807254,0.894031135708436,0.04179673903000716,1.5959455978986625e-16
2016,development,z_sensitivity,f10,21,0.9511462054926918,2.5990701195687356,-0.10599835111489857,0.5751319025970013,-0.006569528635866129,0.9540419576045228,0.9545869503642532,-0.0005449927597304116,0.005519709757224,-0.0060647025169547,0.0,13.75990943191995,21,0.3490955274097014,0.05051126845646132,0.15064813351035056,0.7253777194956202,0.005519709757224254,2.5413698923060224e-16
2016,development,z_sensitivity,soft,21,0.9511462054926918,2.5990701195687356,-0.10599835111489857,0.5751319025970013,-0.006569528635866129,0.9590534544145016,0.9545869503642532,0.004466504050248399,0.0056412580707843,-0.0011747540205364,0.0,11.671259491318544,21,0.4198621654516996,0.04443932591633061,0.1419893795009039,0.894031135708436,0.005641258070784622,3.217912047936977e-16
2024-09-20,holdout,L1,f10,183,2.455791085177303,1.0443805699616695,-0.826801027646786,0.8417054867815992,-0.41847430156745397,0.4315530361645636,0.7072260306270866,-0.27567299446252297,-0.1974531883616678,-0.0005697282373446,-0.0776500778635104,25.19040136295362,127,0.7245305780318668,0.20238107030045738,-0.48530799219055615,2.010373815394831,-0.19745318836166767,1.3877787807814457e-16
2024-09-20,holdout,L1,soft,183,2.455791085177303,1.0443805699616695,-0.826801027646786,0.8417054867815992,-0.41847430156745397,0.401322971146789,0.7072260306270866,-0.30590305948029756,-0.3026674341755721,-0.0032356253047253,0.0,19.491049703737293,183,0.8018715812112296,0.21639640934851387,-0.48290588062226364,2.8963640660324206,-0.3026674341755721,0.0
2024-09-20,holdout,hand_acc_neg,f10,183,2.455791085177303,1.64271484941857,0.28808053162274716,0.5595658350060556,0.07981933814756514,0.9224031127258684,0.8550357083401543,0.06736740438571409,0.0482629991280214,-0.0052909776405876,0.0243953828982801,25.19040136295362,127,0.7245305780318668,0.08789138727718415,0.27314368712216264,2.010373815394831,0.0482629991280212,2.0122792321330962e-16
2024-09-20,holdout,hand_acc_neg,soft,183,2.455791085177303,1.64271484941857,0.28808053162274716,0.5595658350060556,0.07981933814756514,0.9296038442641732,0.8550357083401543,0.0745681359240189,0.082930740048946,-0.0083626041249266,0.0,19.491049703737293,183,0.8018715812112296,0.10383691733000067,0.27574687776482243,2.8963640660324206,0.08293074004894599,1.3877787807814457e-17
2024-09-20,holdout,hand_neg,f10,183,2.455791085177303,1.5820717964477917,0.36275972449667754,0.5051399038548109,0.09818304856174476,0.923768016471317,0.84652798008457,0.07724003638674704,0.0456515987896004,-0.004720744206397,0.0363091818035433,25.19040136295362,127,0.7245305780318668,0.08122071864258858,0.27958401989574294,2.010373815394831,0.045651598789600595,1.942890293094024e-16
2024-09-20,holdout,hand_neg,soft,183,2.455791085177303,1.5820717964477917,0.36275972449667754,0.5051399038548109,0.09818304856174476,0.9283137354165842,0.84652798008457,0.08178575533201426,0.0905738790485417,-0.0087881237165272,0.0,19.491049703737293,183,0.8018715812112296,0.1055644029015322,0.29623223932306203,2.8963640660324206,0.09057387904854201,3.191891195797325e-16
2024-09-20,holdout,impervious,f10,183,2.455791085177303,0.5986900878869058,-0.9050761478768923,0.8383412529792431,-0.43171709144179204,0.4227358972476004,0.6037830418505054,-0.18104714460290494,-0.0600960125410425,0.0030836712137075,-0.1240348032755699,25.19040136295362,127,0.7245305780318668,0.1887915206842389,-0.15833843685112475,2.010373815394831,-0.060096012541042555,5.551115123125783e-17
2024-09-20,holdout,impervious,soft,183,2.455791085177303,0.5986900878869058,-0.9050761478768923,0.8383412529792431,-0.43171709144179204,0.4010633187135726,0.6037830418505054,-0.20271972313693276,-0.1996113691614824,-0.00310835397545,0.0,19.491049703737293,183,0.8018715812112296,0.2524042444042249,-0.2730457802162369,2.8963640660324206,-0.19961136916148248,8.326672684688674e-17
2024-09-20,holdout,logit_F1_wf,f10,183,2.455791085177303,1.6084270969810073,-0.16624651569377208,0.9078685788834406,-0.06820357830686463,0.8459306181162206,0.8318238028175525,0.014106815298668085,0.0178860643183355,-0.0040838574698019,0.0003046084501345,25.19040136295362,127,0.7245305780318668,0.10519186429496234,0.08457768952328458,2.010373815394831,0.01788606431833552,2.0816681711721685e-17
2024-09-20,holdout,logit_F1_wf,soft,183,2.455791085177303,1.6084270969810073,-0.16624651569377208,0.9078685788834406,-0.06820357830686463,0.8468317624871803,0.8318238028175525,0.015007959669627757,0.0226788449633408,-0.0076708852937127,0.0,19.491049703737293,183,0.8018715812112296,0.13457811553588364,0.058182628678275526,2.8963640660324206,0.022678844963340637,1.6306400674181987e-16
2024-09-20,holdout,relelev_neg,f10,183,2.455791085177303,0.5208309387222299,-0.1610890636636648,0.7948496734213875,-0.09470288391292525,0.4612044683081627,0.6194379133162633,-0.1582334450081006,-0.1563318043337082,-0.00097269251095,-0.0009289481634422,25.19040136295362,127,0.7245305780318668,0.19843137836431496,-0.39188638214833943,2.010373815394831,-0.15633180433370825,5.551115123125783e-17
2024-09-20,holdout,relelev_neg,soft,183,2.455791085177303,0.5208309387222299,-0.1610890636636648,0.7948496734213875,-0.09470288391292525,0.44497737468639,0.6194379133162633,-0.17446053862987332,-0.1740140280932216,-0.0004465105366516,0.0,19.491049703737293,183,0.8018715812112296,0.1844283164867824,-0.32576431399077177,2.8963640660324206,-0.17401402809322167,5.551115123125783e-17
2024-09-20,holdout,rf_F1_wf,f10,183,2.455791085177303,1.623420680493639,-0.20028948082350542,0.8220832478589506,-0.08386954217504372,0.8427513224372053,0.839442883768566,0.0033084386686392797,0.0195175903062513,-0.0061022079542923,-0.0101069436833196,25.19040136295362,127,0.7245305780318668,0.09658923649440265,0.10051263196317363,2.010373815394831,0.019517590306251303,3.469446951953614e-18
2024-09-20,holdout,rf_F1_wf,soft,183,2.455791085177303,1.623420680493639,-0.20028948082350542,0.8220832478589506,-0.08386954217504372,0.8444467855562335,0.839442883768566,0.00500390178766752,0.0134000732183037,-0.0083961714306359,0.0,19.491049703737293,183,0.8018715812112296,0.11146144358964762,0.0415077657505188,2.8963640660324206,0.013400073218303608,9.194034422677078e-17
2024-09-20,holdout,slope_neg,f10,183,2.455791085177303,1.4966852071253427,0.29945363201112185,0.819491011485867,0.09427986641518793,0.9225589273389702,0.81894334574124,0.10361558159773021,0.0862495608719493,-0.004700340784149,0.0220663615099299,25.19040136295362,127,0.7245305780318668,0.13009408826312463,0.32977863172572586,2.010373815394831,0.08624956087194932,2.7755575615628914e-17
2024-09-20,holdout,slope_neg,soft,183,2.455791085177303,1.4966852071253427,0.29945363201112185,0.819491011485867,0.09427986641518793,0.9353234083662256,0.81894334574124,0.11638006262498568,0.1244000150878069,-0.0080199524628215,0.0,19.491049703737293,183,0.8018715812112296,0.1509479803093471,0.28453780424729364,2.8963640660324206,0.12440001508780738,4.718447854656915e-16
2024-09-20,holdout,twi,f10,183,2.455791085177303,1.425005644509824,0.22419234921790426,0.8219645384286686,0.07830412625042182,0.8906552628546008,0.8122472548540232,0.07840800800057768,0.0537058672839164,-0.0039992023172995,0.0287013430339604,25.19040136295362,127,0.7245305780318668,0.12106107521034597,0.22066852314847657,2.010373815394831,0.05370586728391654,1.3877787807814457e-16
2024-09-20,holdout,twi,soft,183,2.455791085177303,1.425005644509824,0.22419234921790426,0.8219645384286686,0.07830412625042182,0.9007224417095092,0.8122472548540232,0.08847518685548605,0.0950532646879146,-0.0065780778324274,0.0,19.491049703737293,183,0.8018715812112296,0.1534288770010024,0.21389802798532637,2.8963640660324206,0.0950532646879143,3.0531133177191805e-16
2024-09-20,holdout,z_sensitivity,f10,183,2.455791085177303,1.4594464557351319,-0.45923228131410404,0.7716970972850803,-0.22970380245194677,0.733140993301246,0.8081844941834655,-0.07504350088221945,-0.0407815714588731,-0.0038640123632173,-0.030397917060129,25.19040136295362,127,0.7245305780318668,0.09785976346744953,-0.20729220723936997,2.010373815394831,-0.04078157145887309,1.3877787807814457e-17
2024-09-20,holdout,z_sensitivity,soft,183,2.455791085177303,1.4594464557351319,-0.45923228131410404,0.7716970972850803,-0.22970380245194677,0.7249290904104663,0.8081844941834655,-0.08325540377299923,-0.0766895874738846,-0.0065658162991142,0.0,19.491049703737293,183,0.8018715812112296,0.12058070902761345,-0.21958638933993574,2.8963640660324206,-0.07668958747388484,2.3592239273284576e-16
HOLDOUT_ALL,holdout_pooled,L1,f10,196,2.459119556751438,1.0713524194304038,-0.8006535503459493,0.8763241216972155,-0.40568887375018414,0.4356740771516574,0.7117352349228695,-0.2760611577712121,-0.1975067140358888,-0.0003862145103716,-0.0781682292249514,25.69534767624845,130,0.7281462863867095,0.20478171840139164,-0.4787029346372119,2.0147658949659095,-0.19750671403588896,1.6653345369377348e-16
HOLDOUT_ALL,holdout_pooled,L1,soft,196,2.459119556751438,1.0713524194304038,-0.8006535503459493,0.8763241216972155,-0.40568887375018414,0.4026310542693382,0.7117352349228695,-0.3091041806535313,-0.3059006511581711,-0.0032035294953601,0.0,19.638700629425266,196,0.8100902720552122,0.21680695983754283,-0.4708275983385591,2.996713815405715,-0.30590065115817117,5.551115123125783e-17
HOLDOUT_ALL,holdout_pooled,hand_acc_neg,f10,196,2.459119556751438,1.6176538117297408,0.2967521609490981,0.5770565385145554,0.08355790548210085,0.920522492313166,0.8500181805292123,0.07050431178395367,0.0476628600923974,-0.0052141700637836,0.0280556217553398,25.69534767624845,130,0.7281462863867095,0.09042908253896455,0.26160580940192213,2.0147658949659095,0.04766286009239713,2.636779683484747e-16
HOLDOUT_ALL,holdout_pooled,hand_acc_neg,soft,196,2.459119556751438,1.6176538117297408,0.2967521609490981,0.5770565385145554,0.08355790548210085,0.9290102338621308,0.8500181805292123,0.07899205333291848,0.0874294508996327,-0.0084373975667143,0.0,19.638700629425266,196,0.8100902720552122,0.10897473822215775,0.2677235939259659,2.996713815405715,0.08742945089963267,2.7755575615628914e-17
HOLDOUT_ALL,holdout_pooled,hand_neg,f10,196,2.459119556751438,1.5459002868334661,0.37216310743470904,0.5082746497740456,0.10305694394065545,0.9217146158021352,0.8403992014722298,0.08131541432990541,0.0455966385350713,-0.0047078578935803,0.0404266336884143,25.69534767624845,130,0.7281462863867095,0.08345604809147351,0.27117548185635915,2.0147658949659095,0.045596638535071156,1.457167719820518e-16
HOLDOUT_ALL,holdout_pooled,hand_neg,soft,196,2.459119556751438,1.5459002868334661,0.37216310743470904,0.5082746497740456,0.10305694394065545,0.9276241600385936,0.8403992014722298,0.08722495856636381,0.0961871341133208,-0.0089621755469571,0.0,19.638700629425266,196,0.8100902720552122,0.10837414235860866,0.2961733935511047,2.996713815405715,0.09618713411332092,1.1102230246251565e-16
HOLDOUT_ALL,holdout_pooled,impervious,f10,196,2.459119556751438,0.6795625328285766,-0.9001707913527532,0.8535135432756086,-0.43364460350404915,0.4277897163666602,0.6220870991395194,-0.19429738277285924,-0.0647629865154435,0.003912088873619,-0.1334464851310345,25.69534767624845,130,0.7281462863867095,0.1970558199047357,-0.16312217787327865,2.0147658949659095,-0.0647629865154437,1.942890293094024e-16
HOLDOUT_ALL,holdout_pooled,impervious,soft,196,2.459119556751438,0.6795625328285766,-0.9001707913527532,0.8535135432756086,-0.43364460350404915,0.4027715476916345,0.6220870991395194,-0.21931555144788495,-0.216208000044925,-0.0031075514029599,0.0,19.638700629425266,196,0.8100902720552122,0.25440650226263195,-0.28359481245325313,2.996713815405715,-0.2162080000449251,1.1102230246251565e-16
HOLDOUT_ALL,holdout_pooled,logit_F1_wf,f10,196,2.459119556751438,1.602118084852677,-0.15449179964996362,0.9028650137385367,-0.06327128533450455,0.8462656618853861,0.8312644317338274,0.015001230151558742,0.0170743401712641,-0.0038192493077132,0.0017461392880079,25.69534767624845,130,0.7281462863867095,0.10421367038208905,0.0813194901308821,2.0147658949659095,0.017074340171264107,6.938893903907228e-18
HOLDOUT_ALL,holdout_pooled,logit_F1_wf,soft,196,2.459119556751438,1.602118084852677,-0.15449179964996362,0.9028650137385367,-0.06327128533450455,0.8468441118052294,0.8312644317338274,0.015579680071402091,0.0232366581054045,-0.0076569780340023,0.0,19.638700629425266,196,0.8100902720552122,0.1347043618873543,0.057563439934797116,2.996713815405715,0.023236658105404533,3.122502256758253e-17
HOLDOUT_ALL,holdout_pooled,relelev_neg,f10,196,2.459119556751438,0.5052402022319565,-0.14427440415506268,0.7767539263350536,-0.0854393121988074,0.4622606710048029,0.6167049602353801,-0.15444428923057724,-0.1540372885224171,-0.0010004262944185,0.0005934255862585,25.69534767624845,130,0.7281462863867095,0.19668937373802295,-0.3887052236765309,2.0147658949659095,-0.15403728852241733,2.220446049250313e-16
HOLDOUT_ALL,holdout_pooled,relelev_neg,soft,196,2.459119556751438,0.5052402022319565,-0.14427440415506268,0.7767539263350536,-0.0854393121988074,0.4454461332970069,0.6167049602353801,-0.17125882693837324,-0.1708626724261532,-0.0003961545122199,0.0,19.638700629425266,196,0.8100902720552122,0.179923774613071,-0.3168935291795485,2.996713815405715,-0.17086267242615333,1.3877787807814457e-16
HOLDOUT_ALL,holdout_pooled,rf_F1_wf,f10,196,2.459119556751438,1.6225754449209604,-0.18550037829451552,0.8162816121329023,-0.07718801384207186,0.8432285587612213,0.8398413181683706,0.003387240592850671,0.0180889802469444,-0.0057262150369937,-0.0089755246170999,25.69534767624845,130,0.7281462863867095,0.09634168423066498,0.09319127626604239,2.0147658949659095,0.018088980246944438,3.8163916471489756e-17
HOLDOUT_ALL,holdout_pooled,rf_F1_wf,soft,196,2.459119556751438,1.6225754449209604,-0.18550037829451552,0.8162816121329023,-0.07718801384207186,0.844526648575848,0.8398413181683706,0.004685330407477428,0.0130460699498902,-0.0083607395424127,0.0,19.638700629425266,196,0.8100902720552122,0.11151177042924848,0.03904035173046029,2.996713815405715,0.013046069949890533,3.3306690738754696e-16
HOLDOUT_ALL,holdout_pooled,slope_neg,f10,196,2.459119556751438,1.4725964960179871,0.306417039607585,0.805921776233639,0.09750841020402734,0.9217032877969884,0.8157793048419539,0.10592398295503447,0.0848952966987399,-0.0044471935356349,0.0254758797919295,25.69534767624845,130,0.7281462863867095,0.12874583647880558,0.32728480795213444,2.0147658949659095,0.08489529669873996,6.938893903907228e-17
HOLDOUT_ALL,holdout_pooled,slope_neg,soft,196,2.459119556751438,1.4725964960179871,0.306417039607585,0.805921776233639,0.09750841020402734,0.9349196185870616,0.8157793048419539,0.1191403137451077,0.1272415059452547,-0.0081011922001471,0.0,19.638700629425266,196,0.8100902720552122,0.15039794053469768,0.28231999726371965,2.996713815405715,0.12724150594525502,3.0531133177191805e-16
HOLDOUT_ALL,holdout_pooled,twi,f10,196,2.459119556751438,1.4066210699532804,0.21553073873385686,0.8365807197468712,0.07671962378617603,0.890591991647598,0.8079492365041389,0.08264275514345909,0.0529071486420024,-0.003165049983722,0.0329006564851784,25.69534767624845,130,0.7281462863867095,0.11993729789067567,0.218945238840248,2.0147658949659095,0.05290714864200228,1.1796119636642288e-16
HOLDOUT_ALL,holdout_pooled,twi,soft,196,2.459119556751438,1.4066210699532804,0.21553073873385686,0.8365807197468712,0.07671962378617603,0.9004360143143701,0.8079492365041389,0.09248677781023129,0.0989888033034356,-0.0065020254932042,0.0,19.638700629425266,196,0.8100902720552122,0.15621148827987116,0.2114598081685561,2.996713815405715,0.09898880330343596,3.608224830031759e-16
HOLDOUT_ALL,holdout_pooled,z_sensitivity,f10,196,2.459119556751438,1.4725672026797518,-0.4464572784867587,0.7747397047833049,-0.2220031257274263,0.7347788953855638,0.8105463042839595,-0.07576740889839562,-0.0415716958280159,-0.0036241135606954,-0.0305715995096843,25.69534767624845,130,0.7281462863867095,0.09844427077839288,-0.20959586187188173,2.0147658949659095,-0.04157169582801581,9.020562075079397e-17
HOLDOUT_ALL,holdout_pooled,z_sensitivity,soft,196,2.459119556751438,1.4725672026797518,-0.4464572784867587,0.7747397047833049,-0.2220031257274263,0.7253993033245068,0.8105463042839595,-0.08514700095945271,-0.0786544154471172,-0.0064925855123354,0.0,19.638700629425266,196,0.8100902720552122,0.12088116083839227,-0.2171296917399473,2.996713815405715,-0.07865441544711721,1.3877787807814457e-17
