rule,distance_bin,gap_bin,n,auc_unit_flip_rate,unit_flip_rate,grid_pass_rate,object_pass_rate
any,"[-0.05, 0.0)","[-0.1, 0.0)",766,0.0,0.0,0.0,0.0
any,"[-0.05, 0.0)","[-0.2, -0.1)",644,0.0,0.0,0.0,0.0
any,"[-0.05, 0.0)","[-inf, -0.2)",619,0.0,0.0,0.0,0.0
any,"[-0.05, 0.0)","[0.0, 0.1)",805,0.8298136645962733,0.7229813664596273,0.7229813664596273,0.0
any,"[-0.05, 0.0)","[0.1, 0.2)",448,1.0,1.0,1.0,0.0
any,"[-0.05, 0.0)","[0.2, inf)",107,1.0,1.0,1.0,0.0
any,"[-0.1, -0.05)","[-0.1, 0.0)",245,0.0,0.0,0.0,0.0
any,"[-0.1, -0.05)","[-0.2, -0.1)",252,0.0,0.0,0.0,0.0
any,"[-0.1, -0.05)","[-inf, -0.2)",246,0.0,0.0,0.0,0.0
any,"[-0.1, -0.05)","[0.0, 0.1)",268,0.376865671641791,0.29850746268656714,0.29850746268656714,0.0
any,"[-0.1, -0.05)","[0.1, 0.2)",263,1.0,0.9923954372623575,0.9923954372623575,0.0
any,"[-0.1, -0.05)","[0.2, inf)",45,1.0,1.0,1.0,0.0
any,"[-inf, -0.1)","[-0.1, 0.0)",30,0.0,0.0,0.0,0.0
any,"[-inf, -0.1)","[-0.2, -0.1)",73,0.0,0.0,0.0,0.0
any,"[-inf, -0.1)","[-inf, -0.2)",62,0.0,0.0,0.0,0.0
any,"[-inf, -0.1)","[0.0, 0.1)",36,0.0,0.0,0.0,0.0
any,"[-inf, -0.1)","[0.1, 0.2)",45,0.8888888888888888,0.8666666666666667,0.8666666666666667,0.0
any,"[-inf, -0.1)","[0.2, inf)",4,1.0,1.0,1.0,0.0
any,"[0.0, 0.05)","[-0.1, 0.0)",2856,0.5994397759103641,0.5801820728291317,0.21953781512605042,0.7864145658263305
any,"[0.0, 0.05)","[-0.2, -0.1)",1010,1.0,0.7861386138613862,0.0,0.7861386138613862
any,"[0.0, 0.05)","[-inf, -0.2)",400,1.0,0.8675,0.0,0.8675
any,"[0.0, 0.05)","[0.0, 0.1)",3360,0.0,0.21101190476190476,0.9333333333333333,0.7383928571428572
any,"[0.0, 0.05)","[0.1, 0.2)",1199,0.0,0.329441201000834,1.0,0.6705587989991659
any,"[0.0, 0.05)","[0.2, inf)",169,0.0,0.4911242603550296,1.0,0.5088757396449705
any,"[0.05, 0.1)","[-0.1, 0.0)",965,0.1533678756476684,0.28186528497409324,0.7046632124352331,0.9803108808290155
any,"[0.05, 0.1)","[-0.2, -0.1)",305,1.0,0.9934426229508196,0.0,0.9934426229508196
any,"[0.05, 0.1)","[-inf, -0.2)",100,1.0,0.98,0.0,0.98
any,"[0.05, 0.1)","[0.0, 0.1)",1307,0.0,0.02754399387911247,0.9969395562356542,0.9709257842387146
any,"[0.05, 0.1)","[0.1, 0.2)",551,0.0,0.1088929219600726,1.0,0.8911070780399274
any,"[0.05, 0.1)","[0.2, inf)",14,0.0,0.14285714285714285,1.0,0.8571428571428571
any,"[0.1, inf)","[-0.1, 0.0)",340,0.0,0.026470588235294117,0.9735294117647059,1.0
any,"[0.1, inf)","[-0.2, -0.1)",89,0.7752808988764045,0.8426966292134831,0.15730337078651685,1.0
any,"[0.1, inf)","[-inf, -0.2)",12,1.0,1.0,0.0,1.0
any,"[0.1, inf)","[0.0, 0.1)",514,0.0,0.0,1.0,1.0
any,"[0.1, inf)","[0.1, 0.2)",51,0.0,0.0,1.0,1.0
center,"[-0.05, 0.0)","[-0.1, 0.0)",361,0.0,0.0,0.0,0.0
center,"[-0.05, 0.0)","[-0.2, -0.1)",568,0.0,0.0,0.0,0.0
center,"[-0.05, 0.0)","[-inf, -0.2)",1113,0.0,0.0,0.0,0.0
center,"[-0.05, 0.0)","[0.0, 0.1)",401,0.8129675810473815,0.6433915211970075,0.6433915211970075,0.0
center,"[-0.05, 0.0)","[0.1, 0.2)",530,1.0,1.0,1.0,0.0
center,"[-0.05, 0.0)","[0.2, inf)",416,1.0,1.0,1.0,0.0
center,"[-0.1, -0.05)","[-0.1, 0.0)",120,0.0,0.0,0.0,0.0
center,"[-0.1, -0.05)","[-0.2, -0.1)",166,0.0,0.0,0.0,0.0
center,"[-0.1, -0.05)","[-inf, -0.2)",460,0.0,0.0,0.0,0.0
center,"[-0.1, -0.05)","[0.0, 0.1)",124,0.3387096774193548,0.23387096774193547,0.23387096774193547,0.0
center,"[-0.1, -0.05)","[0.1, 0.2)",182,1.0,0.9725274725274725,0.9725274725274725,0.0
center,"[-0.1, -0.05)","[0.2, inf)",267,1.0,1.0,1.0,0.0
center,"[-inf, -0.1)","[-0.1, 0.0)",11,0.0,0.0,0.0,0.0
center,"[-inf, -0.1)","[-0.2, -0.1)",27,0.0,0.0,0.0,0.0
center,"[-inf, -0.1)","[-inf, -0.2)",129,0.0,0.0,0.0,0.0
center,"[-inf, -0.1)","[0.0, 0.1)",12,0.0,0.0,0.0,0.0
center,"[-inf, -0.1)","[0.1, 0.2)",25,0.84,0.84,0.84,0.0
center,"[-inf, -0.1)","[0.2, inf)",46,1.0,1.0,1.0,0.0
center,"[0.0, 0.05)","[-0.1, 0.0)",1832,0.611353711790393,0.5687772925764192,0.19213973799126638,0.7314410480349345
center,"[0.0, 0.05)","[-0.2, -0.1)",1441,1.0,0.8015267175572519,0.0,0.8015267175572519
center,"[0.0, 0.05)","[-inf, -0.2)",1104,1.0,0.8568840579710145,0.0,0.8568840579710145
center,"[0.0, 0.05)","[0.0, 0.1)",2128,0.0,0.24107142857142858,0.9295112781954887,0.7269736842105263
center,"[0.0, 0.05)","[0.1, 0.2)",1869,0.0,0.2857142857142857,1.0,0.7142857142857143
center,"[0.0, 0.05)","[0.2, inf)",620,0.0,0.29838709677419356,1.0,0.7016129032258065
center,"[0.05, 0.1)","[-0.1, 0.0)",737,0.21709633649932158,0.40027137042062416,0.5780189959294437,0.9728629579375848
center,"[0.05, 0.1)","[-0.2, -0.1)",297,1.0,0.9932659932659933,0.0,0.9932659932659933
center,"[0.05, 0.1)","[-inf, -0.2)",352,1.0,0.9943181818181818,0.0,0.9943181818181818
center,"[0.05, 0.1)","[0.0, 0.1)",885,0.0,0.04293785310734463,0.9875706214689266,0.9672316384180791
center,"[0.05, 0.1)","[0.1, 0.2)",890,0.0,0.0651685393258427,1.0,0.9348314606741573
center,"[0.05, 0.1)","[0.2, inf)",81,0.0,0.14814814814814814,1.0,0.8518518518518519
center,"[0.1, inf)","[-0.1, 0.0)",207,0.0,0.0821256038647343,0.9178743961352657,1.0
center,"[0.1, inf)","[-0.2, -0.1)",167,0.7844311377245509,0.8862275449101796,0.11377245508982035,1.0
center,"[0.1, inf)","[-inf, -0.2)",84,1.0,1.0,0.0,1.0
center,"[0.1, inf)","[0.0, 0.1)",340,0.0,0.0,1.0,1.0
center,"[0.1, inf)","[0.1, 0.2)",208,0.0,0.0,1.0,1.0
f01,"[-0.05, 0.0)","[-0.1, 0.0)",733,0.0,0.0,0.0,0.0
f01,"[-0.05, 0.0)","[-0.2, -0.1)",639,0.0,0.0,0.0,0.0
f01,"[-0.05, 0.0)","[-inf, -0.2)",667,0.0,0.0,0.0,0.0
f01,"[-0.05, 0.0)","[0.0, 0.1)",752,0.8271276595744681,0.7273936170212766,0.7273936170212766,0.0
f01,"[-0.05, 0.0)","[0.1, 0.2)",470,1.0,1.0,1.0,0.0
f01,"[-0.05, 0.0)","[0.2, inf)",128,1.0,1.0,1.0,0.0
f01,"[-0.1, -0.05)","[-0.1, 0.0)",222,0.0,0.0,0.0,0.0
f01,"[-0.1, -0.05)","[-0.2, -0.1)",256,0.0,0.0,0.0,0.0
f01,"[-0.1, -0.05)","[-inf, -0.2)",262,0.0,0.0,0.0,0.0
f01,"[-0.1, -0.05)","[0.0, 0.1)",251,0.3745019920318725,0.30278884462151395,0.30278884462151395,0.0
f01,"[-0.1, -0.05)","[0.1, 0.2)",270,1.0,0.9925925925925926,0.9925925925925926,0.0
f01,"[-0.1, -0.05)","[0.2, inf)",58,1.0,1.0,1.0,0.0
f01,"[-inf, -0.1)","[-0.1, 0.0)",29,0.0,0.0,0.0,0.0
f01,"[-inf, -0.1)","[-0.2, -0.1)",66,0.0,0.0,0.0,0.0
f01,"[-inf, -0.1)","[-inf, -0.2)",72,0.0,0.0,0.0,0.0
f01,"[-inf, -0.1)","[0.0, 0.1)",30,0.0,0.0,0.0,0.0
f01,"[-inf, -0.1)","[0.1, 0.2)",46,0.9130434782608695,0.8695652173913043,0.8695652173913043,0.0
f01,"[-inf, -0.1)","[0.2, inf)",7,1.0,1.0,1.0,0.0
f01,"[0.0, 0.05)","[-0.1, 0.0)",2791,0.6040845575062701,0.5800788247939807,0.21461841633823003,0.779648871372268
f01,"[0.0, 0.05)","[-0.2, -0.1)",1059,1.0,0.7950897072710104,0.0,0.7950897072710104
f01,"[0.0, 0.05)","[-inf, -0.2)",446,1.0,0.8677130044843049,0.0,0.8677130044843049
f01,"[0.0, 0.05)","[0.0, 0.1)",3250,0.0,0.2113846153846154,0.936,0.7406153846153846
f01,"[0.0, 0.05)","[0.1, 0.2)",1236,0.0,0.3284789644012945,1.0,0.6715210355987055
f01,"[0.0, 0.05)","[0.2, inf)",212,0.0,0.4528301886792453,1.0,0.5471698113207547
f01,"[0.05, 0.1)","[-0.1, 0.0)",939,0.1554845580404686,0.28753993610223644,0.6975505857294995,0.9808306709265175
f01,"[0.05, 0.1)","[-0.2, -0.1)",320,1.0,0.99375,0.0,0.99375
f01,"[0.05, 0.1)","[-inf, -0.2)",110,1.0,0.9818181818181818,0.0,0.9818181818181818
f01,"[0.05, 0.1)","[0.0, 0.1)",1248,0.0,0.029647435897435896,0.9967948717948718,0.9703525641025641
f01,"[0.05, 0.1)","[0.1, 0.2)",605,0.0,0.09917355371900827,1.0,0.9008264462809917
f01,"[0.05, 0.1)","[0.2, inf)",20,0.0,0.2,1.0,0.8
f01,"[0.1, inf)","[-0.1, 0.0)",331,0.0,0.03625377643504532,0.9637462235649547,1.0
f01,"[0.1, inf)","[-0.2, -0.1)",99,0.7373737373737373,0.8080808080808081,0.1919191919191919,1.0
f01,"[0.1, inf)","[-inf, -0.2)",16,1.0,1.0,0.0,1.0
f01,"[0.1, inf)","[0.0, 0.1)",501,0.0,0.0,1.0,1.0
f01,"[0.1, inf)","[0.1, 0.2)",59,0.0,0.0,1.0,1.0
f10,"[-0.05, 0.0)","[-0.1, 0.0)",646,0.0,0.0,0.0,0.0
f10,"[-0.05, 0.0)","[-0.2, -0.1)",894,0.0,0.0,0.0,0.0
f10,"[-0.05, 0.0)","[-inf, -0.2)",892,0.0,0.0,0.0,0.0
f10,"[-0.05, 0.0)","[0.0, 0.1)",698,0.8065902578796562,0.6876790830945558,0.6876790830945558,0.0
f10,"[-0.05, 0.0)","[0.1, 0.2)",691,1.0,1.0,1.0,0.0
f10,"[-0.05, 0.0)","[0.2, inf)",260,1.0,1.0,1.0,0.0
f10,"[-0.1, -0.05)","[-0.1, 0.0)",203,0.0,0.0,0.0,0.0
f10,"[-0.1, -0.05)","[-0.2, -0.1)",286,0.0,0.0,0.0,0.0
f10,"[-0.1, -0.05)","[-inf, -0.2)",367,0.0,0.0,0.0,0.0
f10,"[-0.1, -0.05)","[0.0, 0.1)",198,0.30303030303030304,0.22727272727272727,0.22727272727272727,0.0
f10,"[-0.1, -0.05)","[0.1, 0.2)",293,1.0,0.9829351535836177,0.9829351535836177,0.0
f10,"[-0.1, -0.05)","[0.2, inf)",166,1.0,1.0,1.0,0.0
f10,"[-inf, -0.1)","[-0.1, 0.0)",29,0.0,0.0,0.0,0.0
f10,"[-inf, -0.1)","[-0.2, -0.1)",61,0.0,0.0,0.0,0.0
f10,"[-inf, -0.1)","[-inf, -0.2)",116,0.0,0.0,0.0,0.0
f10,"[-inf, -0.1)","[0.0, 0.1)",32,0.0,0.0,0.0,0.0
f10,"[-inf, -0.1)","[0.1, 0.2)",46,0.717391304347826,0.6086956521739131,0.6086956521739131,0.0
f10,"[-inf, -0.1)","[0.2, inf)",34,1.0,1.0,1.0,0.0
f10,"[0.0, 0.05)","[-0.1, 0.0)",2957,0.5441325667906662,0.5448089279675347,0.24315184308420695,0.7649644910382144
f10,"[0.0, 0.05)","[-0.2, -0.1)",2165,1.0,0.8069284064665126,0.0,0.8069284064665126
f10,"[0.0, 0.05)","[-inf, -0.2)",729,1.0,0.8518518518518519,0.0,0.8518518518518519
f10,"[0.0, 0.05)","[0.0, 0.1)",3537,0.0,0.22307039864291772,0.9389312977099237,0.7339553293751767
f10,"[0.0, 0.05)","[0.1, 0.2)",2123,0.0,0.28685821950070656,1.0,0.7131417804992934
f10,"[0.0, 0.05)","[0.2, inf)",391,0.0,0.34271099744245526,1.0,0.6572890025575447
f10,"[0.05, 0.1)","[-0.1, 0.0)",1114,0.1615798922800718,0.30430879712746856,0.6840215439856373,0.9829443447037702
f10,"[0.05, 0.1)","[-0.2, -0.1)",455,1.0,0.9934065934065934,0.0,0.9934065934065934
f10,"[0.05, 0.1)","[-inf, -0.2)",237,1.0,0.9915611814345991,0.0,0.9915611814345991
f10,"[0.05, 0.1)","[0.0, 0.1)",1333,0.0,0.024006001500375095,0.9969992498124531,0.9759939984996249
f10,"[0.05, 0.1)","[0.1, 0.2)",839,0.0,0.06793802145411204,1.0,0.932061978545888
f10,"[0.05, 0.1)","[0.2, inf)",46,0.0,0.2391304347826087,1.0,0.7608695652173914
f10,"[0.1, inf)","[-0.1, 0.0)",320,0.0,0.046875,0.953125,1.0
f10,"[0.1, inf)","[-0.2, -0.1)",177,0.655367231638418,0.807909604519774,0.192090395480226,1.0
f10,"[0.1, inf)","[-inf, -0.2)",43,1.0,1.0,0.0,1.0
f10,"[0.1, inf)","[0.0, 0.1)",484,0.0,0.0,1.0,1.0
f10,"[0.1, inf)","[0.1, 0.2)",138,0.0,0.0,1.0,1.0
f25,"[-0.05, 0.0)","[-0.1, 0.0)",325,0.0,0.0,0.0,0.0
f25,"[-0.05, 0.0)","[-0.2, -0.1)",588,0.0,0.0,0.0,0.0
f25,"[-0.05, 0.0)","[-inf, -0.2)",1130,0.0,0.0,0.0,0.0
f25,"[-0.05, 0.0)","[0.0, 0.1)",336,0.7886904761904762,0.6130952380952381,0.6130952380952381,0.0
f25,"[-0.05, 0.0)","[0.1, 0.2)",571,1.0,1.0,1.0,0.0
f25,"[-0.05, 0.0)","[0.2, inf)",439,1.0,1.0,1.0,0.0
f25,"[-0.1, -0.05)","[-0.1, 0.0)",120,0.0,0.0,0.0,0.0
f25,"[-0.1, -0.05)","[-0.2, -0.1)",178,0.0,0.0,0.0,0.0
f25,"[-0.1, -0.05)","[-inf, -0.2)",450,0.0,0.0,0.0,0.0
f25,"[-0.1, -0.05)","[0.0, 0.1)",107,0.35514018691588783,0.21495327102803738,0.21495327102803738,0.0
f25,"[-0.1, -0.05)","[0.1, 0.2)",185,1.0,0.9837837837837838,0.9837837837837838,0.0
f25,"[-0.1, -0.05)","[0.2, inf)",279,1.0,1.0,1.0,0.0
f25,"[-inf, -0.1)","[-0.1, 0.0)",10,0.0,0.0,0.0,0.0
f25,"[-inf, -0.1)","[-0.2, -0.1)",28,0.0,0.0,0.0,0.0
f25,"[-inf, -0.1)","[-inf, -0.2)",129,0.0,0.0,0.0,0.0
f25,"[-inf, -0.1)","[0.0, 0.1)",9,0.0,0.0,0.0,0.0
f25,"[-inf, -0.1)","[0.1, 0.2)",22,0.8636363636363636,0.8636363636363636,0.8636363636363636,0.0
f25,"[-inf, -0.1)","[0.2, inf)",52,1.0,1.0,1.0,0.0
f25,"[0.0, 0.05)","[-0.1, 0.0)",1748,0.5812356979405034,0.5635011441647597,0.19164759725400457,0.7299771167048055
f25,"[0.0, 0.05)","[-0.2, -0.1)",1507,1.0,0.8015925680159257,0.0,0.8015925680159257
f25,"[0.0, 0.05)","[-inf, -0.2)",1112,1.0,0.8579136690647482,0.0,0.8579136690647482
f25,"[0.0, 0.05)","[0.0, 0.1)",2073,0.0,0.2522913651712494,0.9300530631934395,0.7076700434153401
f25,"[0.0, 0.05)","[0.1, 0.2)",1928,0.0,0.27022821576763484,1.0,0.7297717842323651
f25,"[0.0, 0.05)","[0.2, inf)",626,0.0,0.28753993610223644,1.0,0.7124600638977636
f25,"[0.05, 0.1)","[-0.1, 0.0)",729,0.2112482853223594,0.3991769547325103,0.5816186556927297,0.9725651577503429
f25,"[0.05, 0.1)","[-0.2, -0.1)",316,1.0,0.9873417721518988,0.0,0.9873417721518988
f25,"[0.05, 0.1)","[-inf, -0.2)",347,1.0,0.9942363112391931,0.0,0.9942363112391931
f25,"[0.05, 0.1)","[0.0, 0.1)",858,0.0,0.037296037296037296,0.9953379953379954,0.9673659673659674
f25,"[0.05, 0.1)","[0.1, 0.2)",917,0.0,0.062159214830970554,1.0,0.9378407851690295
f25,"[0.05, 0.1)","[0.2, inf)",75,0.0,0.16,1.0,0.84
f25,"[0.1, inf)","[-0.1, 0.0)",204,0.0,0.049019607843137254,0.9509803921568627,1.0
f25,"[0.1, inf)","[-0.2, -0.1)",160,0.79375,0.9375,0.0625,1.0
f25,"[0.1, inf)","[-inf, -0.2)",86,1.0,1.0,0.0,1.0
f25,"[0.1, inf)","[0.0, 0.1)",346,0.0,0.0,1.0,1.0
f25,"[0.1, inf)","[0.1, 0.2)",210,0.0,0.0,1.0,1.0
f50,"[-0.05, 0.0)","[-0.1, 0.0)",197,0.0,0.0,0.0,0.0
f50,"[-0.05, 0.0)","[-0.2, -0.1)",361,0.0,0.0,0.0,0.0
f50,"[-0.05, 0.0)","[-inf, -0.2)",1438,0.0,0.0,0.0,0.0
f50,"[-0.05, 0.0)","[0.0, 0.1)",207,0.782608695652174,0.5217391304347826,0.5217391304347826,0.0
f50,"[-0.05, 0.0)","[0.1, 0.2)",341,1.0,0.9970674486803519,0.9970674486803519,0.0
f50,"[-0.05, 0.0)","[0.2, inf)",753,1.0,1.0,1.0,0.0
f50,"[-0.1, -0.05)","[-0.1, 0.0)",90,0.0,0.0,0.0,0.0
f50,"[-0.1, -0.05)","[-0.2, -0.1)",110,0.0,0.0,0.0,0.0
f50,"[-0.1, -0.05)","[-inf, -0.2)",532,0.0,0.0,0.0,0.0
f50,"[-0.1, -0.05)","[0.0, 0.1)",81,0.2839506172839506,0.09876543209876543,0.09876543209876543,0.0
f50,"[-0.1, -0.05)","[0.1, 0.2)",131,1.0,0.9541984732824428,0.9541984732824428,0.0
f50,"[-0.1, -0.05)","[0.2, inf)",343,1.0,1.0,1.0,0.0
f50,"[-inf, -0.1)","[-0.1, 0.0)",4,0.0,0.0,0.0,0.0
f50,"[-inf, -0.1)","[-0.2, -0.1)",17,0.0,0.0,0.0,0.0
f50,"[-inf, -0.1)","[-inf, -0.2)",144,0.0,0.0,0.0,0.0
f50,"[-inf, -0.1)","[0.0, 0.1)",7,0.0,0.0,0.0,0.0
f50,"[-inf, -0.1)","[0.1, 0.2)",5,1.0,1.0,1.0,0.0
f50,"[-inf, -0.1)","[0.2, inf)",60,1.0,1.0,1.0,0.0
f50,"[0.0, 0.05)","[-0.1, 0.0)",1231,0.5694557270511779,0.554021121039805,0.1933387489845654,0.6921202274573518
f50,"[0.0, 0.05)","[-0.2, -0.1)",1151,1.0,0.7567332754126846,0.0,0.7567332754126846
f50,"[0.0, 0.05)","[-inf, -0.2)",1877,1.0,0.8641449120937666,0.0,0.8641449120937666
f50,"[0.0, 0.05)","[0.0, 0.1)",1310,0.0,0.29923664122137406,0.9,0.6694656488549618
f50,"[0.0, 0.05)","[0.1, 0.2)",2095,0.0,0.2821002386634845,0.9990453460620525,0.716945107398568
f50,"[0.0, 0.05)","[0.2, inf)",1149,0.0,0.23063533507397738,1.0,0.7693646649260226
f50,"[0.05, 0.1)","[-0.1, 0.0)",548,0.19708029197080293,0.40875912408759124,0.572992700729927,0.9671532846715328
f50,"[0.05, 0.1)","[-0.2, -0.1)",265,1.0,0.9924528301886792,0.0,0.9924528301886792
f50,"[0.05, 0.1)","[-inf, -0.2)",508,1.0,0.9940944881889764,0.0,0.9940944881889764
f50,"[0.05, 0.1)","[0.0, 0.1)",620,0.0,0.056451612903225805,0.9822580645161291,0.9612903225806452
f50,"[0.05, 0.1)","[0.1, 0.2)",1018,0.0,0.05697445972495088,1.0,0.9430255402750491
f50,"[0.05, 0.1)","[0.2, inf)",167,0.0,0.07784431137724551,1.0,0.9221556886227545
f50,"[0.1, inf)","[-0.1, 0.0)",171,0.0,0.08771929824561403,0.9122807017543859,1.0
f50,"[0.1, inf)","[-0.2, -0.1)",136,0.8308823529411765,0.9117647058823529,0.08823529411764706,1.0
f50,"[0.1, inf)","[-inf, -0.2)",134,1.0,1.0,0.0,1.0
f50,"[0.1, inf)","[0.0, 0.1)",246,0.0,0.0,1.0,1.0
f50,"[0.1, inf)","[0.1, 0.2)",288,0.0,0.0,1.0,1.0
rep_point,"[-0.05, 0.0)","[-0.1, 0.0)",2092,0.0,0.0,0.0,0.0
rep_point,"[-0.05, 0.0)","[0.0, 0.1)",1297,0.12259059367771781,0.09097918272937548,0.09097918272937548,0.0
rep_point,"[-0.1, -0.05)","[-0.1, 0.0)",811,0.0,0.0,0.0,0.0
rep_point,"[-0.1, -0.05)","[0.0, 0.1)",508,0.0,0.0,0.0,0.0
rep_point,"[-inf, -0.1)","[-0.1, 0.0)",131,0.0,0.0,0.0,0.0
rep_point,"[-inf, -0.1)","[0.0, 0.1)",119,0.0,0.0,0.0,0.0
rep_point,"[0.0, 0.05)","[-0.1, 0.0)",7199,0.1344631198777608,0.1015418808167801,0.6989859702736492,0.7421864147798305
rep_point,"[0.0, 0.05)","[0.0, 0.1)",1795,0.0,0.08579387186629527,0.8584958217270195,0.7883008356545961
rep_point,"[0.05, 0.1)","[-0.1, 0.0)",2488,0.012861736334405145,0.024115755627009645,0.9465434083601286,0.9561897106109325
rep_point,"[0.05, 0.1)","[0.0, 0.1)",754,0.0,0.007957559681697613,0.986737400530504,0.9814323607427056
rep_point,"[0.1, inf)","[-0.1, 0.0)",833,0.0,0.0,1.0,1.0
rep_point,"[0.1, inf)","[0.0, 0.1)",173,0.0,0.0,1.0,1.0
soft,"[-0.05, 0.0)","[-0.1, 0.0)",354,0.0,0.0,0.0,0.0
soft,"[-0.05, 0.0)","[-0.2, -0.1)",568,0.0,0.0,0.0,0.0
soft,"[-0.05, 0.0)","[-inf, -0.2)",1114,0.0,0.0,0.0,0.0
soft,"[-0.05, 0.0)","[0.0, 0.1)",443,0.8329571106094809,0.6839729119638827,0.6839729119638827,0.0
soft,"[-0.05, 0.0)","[0.1, 0.2)",511,1.0,1.0,1.0,0.0
soft,"[-0.05, 0.0)","[0.2, inf)",399,1.0,1.0,1.0,0.0
soft,"[-0.1, -0.05)","[-0.1, 0.0)",124,0.0,0.0,0.0,0.0
soft,"[-0.1, -0.05)","[-0.2, -0.1)",170,0.0,0.0,0.0,0.0
soft,"[-0.1, -0.05)","[-inf, -0.2)",454,0.0,0.0,0.0,0.0
soft,"[-0.1, -0.05)","[0.0, 0.1)",120,0.35833333333333334,0.25833333333333336,0.25833333333333336,0.0
soft,"[-0.1, -0.05)","[0.1, 0.2)",193,1.0,0.9896373056994818,0.9896373056994818,0.0
soft,"[-0.1, -0.05)","[0.2, inf)",258,1.0,1.0,1.0,0.0
soft,"[-inf, -0.1)","[-0.1, 0.0)",12,0.0,0.0,0.0,0.0
soft,"[-inf, -0.1)","[-0.2, -0.1)",24,0.0,0.0,0.0,0.0
soft,"[-inf, -0.1)","[-inf, -0.2)",131,0.0,0.0,0.0,0.0
soft,"[-inf, -0.1)","[0.0, 0.1)",12,0.0,0.0,0.0,0.0
soft,"[-inf, -0.1)","[0.1, 0.2)",25,0.84,0.8,0.8,0.0
soft,"[-inf, -0.1)","[0.2, inf)",46,1.0,1.0,1.0,0.0
soft,"[0.0, 0.05)","[-0.1, 0.0)",1828,0.5946389496717724,0.5760393873085339,0.1925601750547046,0.7390590809628009
soft,"[0.0, 0.05)","[-0.2, -0.1)",1458,1.0,0.7956104252400549,0.0,0.7956104252400549
soft,"[0.0, 0.05)","[-inf, -0.2)",1089,1.0,0.8576675849403123,0.0,0.8576675849403123
soft,"[0.0, 0.05)","[0.0, 0.1)",2174,0.0,0.22953081876724932,0.9319227230910764,0.7272309107635695
soft,"[0.0, 0.05)","[0.1, 0.2)",1840,0.0,0.2896739130434783,1.0,0.7103260869565218
soft,"[0.0, 0.05)","[0.2, inf)",605,0.0,0.2975206611570248,1.0,0.7024793388429752
soft,"[0.05, 0.1)","[-0.1, 0.0)",743,0.19380888290713325,0.3714670255720054,0.6056527590847914,0.971736204576043
soft,"[0.05, 0.1)","[-0.2, -0.1)",305,1.0,0.9901639344262295,0.0,0.9901639344262295
soft,"[0.05, 0.1)","[-inf, -0.2)",344,1.0,0.9941860465116279,0.0,0.9941860465116279
soft,"[0.05, 0.1)","[0.0, 0.1)",900,0.0,0.034444444444444444,0.9955555555555555,0.97
soft,"[0.05, 0.1)","[0.1, 0.2)",874,0.0,0.06864988558352403,1.0,0.931350114416476
soft,"[0.05, 0.1)","[0.2, inf)",76,0.0,0.13157894736842105,1.0,0.868421052631579
soft,"[0.1, inf)","[-0.1, 0.0)",214,0.0,0.04672897196261682,0.9532710280373832,1.0
soft,"[0.1, inf)","[-0.2, -0.1)",155,0.832258064516129,0.9290322580645162,0.07096774193548387,1.0
soft,"[0.1, inf)","[-inf, -0.2)",85,1.0,1.0,0.0,1.0
soft,"[0.1, inf)","[0.0, 0.1)",348,0.0,0.0,1.0,1.0
soft,"[0.1, inf)","[0.1, 0.2)",204,0.0,0.0,1.0,1.0
