pump_name,address,lat,lon,source,reviewed,note
팔용배수장,창원시 의창구 차룡단지로 208,35.236871,128.633378,전국배수펌프장표준데이터(창원시)·카카오맵,Y,"국토지리정보원 전국배수펌프장표준데이터 창원시 공식 레코드(지번 팔용동 56-7, 위도 35.23687115/경도 128.6333784, 전화 055-212-4655)가 카카오 지오코더 결과(35.236923/128.633401)와 5m 이내로 일치해 채택; 네이버 지오코딩 API로 도로명주소(차룡단지로 208) 재검증 시 35.237561/128.633160으로 약 79m 차이 - 도로명·지번 주소가 같은 대지 내 다른 지점을 가리키는 것으로 판단, 지번 기준 공식 시설 레코드 값 유지"
남천배수장,창원시 성산구 신촌동86,35.214475,128.635537,전국배수펌프장표준데이터(창원시)·카카오맵,Y,"국토지리정보원 전국배수펌프장표준데이터 창원시 공식 레코드(남천배수펌프장, 지번 성산구 신촌동 86, 위도 35.2144752/경도 128.6355372) 채택; 기존 카카오 주소 지오코딩 좌표(35.215226/128.635240)와 약 87m 차이 - 동일 대지 내 실제 시설점과 주소 대표점 차이로 판단, 공식 시설 레코드 우선; 네이버 지오코딩 API로 동일 주소 재검증 시 35.2152357/128.6352502로 카카오 값과 1m 이내 일치(도로명·지번 계열 두 값 사이 88m 차이는 유지)"
구항 펌프장,창원시 마산합포구 제2부두로 63,35.198351,128.575401,전국배수펌프장표준데이터(창원시)·카카오맵·네이버지도,Y,"구항배수펌프장 장소 및 제2부두로 63 일치; Kakao place 9684123; 전국배수펌프장표준데이터 창원시 레코드(지번 신포동1가 74-1, 위도 35.19835062/경도 128.5754013)로 19m 이내 교차검증; 네이버 지오코딩 API도 16m 이내 일치"
서항1펌프장,창원시 마산합포구 해운동 56,35.181469,128.565754,전국배수펌프장표준데이터(창원시)·카카오맵·네이버지도,Y,"해운동 56 주소 일치; 지도 간 좌표 차이 2.9m; 전국배수펌프장표준데이터 창원시 레코드(서항 제1배수펌프장, 위도 35.18146917/경도 128.5657539)로 1m 이내 교차검증; 네이버 지오코딩 API도 2m 이내 일치"
서항2펌프장,창원시 마산합포구 해운동 56-3,35.179193,128.567085,전국배수펌프장표준데이터(창원시)·카카오맵·네이버지도,Y,"해운동 56-3 주소 일치; 서항1과 별도 좌표; 전국배수펌프장표준데이터 창원시 레코드(서항 제2배수펌프장, 위도 35.17919318/경도 128.5670854)로 1m 이내 교차검증; 네이버 지오코딩 API도 1m 이내 일치"
양덕배수장,창원시 마산회원구 봉암공단 1길 34,35.219193,128.595299,전국배수펌프장표준데이터(창원시)·카카오맵·네이버지도,Y,"봉암공단1길 34로 띄어쓰기 보정; 전국배수펌프장표준데이터 창원시 레코드(지번 봉암동 473, 위도 35.21919278/경도 128.5952993)로 1m 이내 교차검증; 네이버 지오코딩 API도 9m 이내 일치"
양덕하류펌프장,창원시 마산회원구 양덕동 976-30,35.212508,128.595444,카카오맵·네이버지도,Y,"양덕동 976-30 주소 일치; 지도 간 좌표 차이 1.1m; 전국배수펌프장표준데이터 창원시 레코드에는 이 명칭 없음(교차검증 불가); 네이버 지오코딩 API로는 1m 이내 일치 확인"
봉암펌프장,창원시 마산회원구 봉암동 657-6,35.213246,128.607802,카카오맵·네이버지도·창원시 공식자료,Y,"창원시 공식자료 '경상남도 창원시 배수펌프장 시설현황_20250801'(사용자 제공)에서 주소 봉암동 657-6 확정 확인; 카카오 지오코더로 동일 주소 재검증 시 35.213250/128.607802로 기존 좌표와 오차 1m 이내 일치; 네이버 주소점(35.214321/128.607104, 135m 차이)은 별도 참고용 후보로만 남김(네이버 지오코딩 API로 재확인해도 동일값 재현); 전국배수펌프장표준데이터 창원시 레코드에는 이 명칭 없음(교차검증 불가, 기존 좌표 유지)"
용원 배수장,창원시 진해구 용원1111-12,35.091680,128.817292,전국배수펌프장표준데이터(창원시)·카카오맵·네이버지도,Y,"용원동 1111-12로 동명 보정; 지도 간 좌표 차이 1.3m; 전국배수펌프장표준데이터 창원시 레코드(용원배수펌프장, 위도 35.09168029/경도 128.8172917)로 1m 이내 교차검증; 네이버 지오코딩 API도 2m 이내 일치"
