test_event,role,rule,size_m,n_pos_cells,n_clusters,n_polygons,train_events
2006,development,any,100,126,3,19,[]
2006,development,f01,100,114,3,19,[]
2006,development,f10,100,107,3,19,[]
2006,development,f25,100,94,3,19,[]
2006,development,f50,100,80,3,19,[]
2006,development,center,100,77,4,19,[]
2006,development,rep_point,100,18,10,19,[]
2006,development,soft,100,126,3,19,[]
2006,development,any,200,46,3,19,[]
2006,development,f01,200,41,3,19,[]
2006,development,f10,200,36,3,19,[]
2006,development,f25,200,25,3,19,[]
2006,development,f50,200,16,2,19,[]
2006,development,center,200,19,3,19,[]
2006,development,rep_point,200,14,3,19,[]
2006,development,soft,200,46,3,19,[]
2006,development,any,500,14,3,19,[]
2006,development,f01,500,11,3,19,[]
2006,development,f10,500,6,3,19,[]
2006,development,f25,500,5,2,19,[]
2006,development,f50,500,3,2,19,[]
2006,development,center,500,5,2,19,[]
2006,development,rep_point,500,7,3,19,[]
2006,development,soft,500,14,3,19,[]
2006,development,any,1000,9,3,19,[]
2006,development,f01,1000,7,3,19,[]
2006,development,f10,1000,4,2,19,[]
2006,development,f25,1000,1,1,19,[]
2006,development,f50,1000,0,0,19,[]
2006,development,center,1000,1,1,19,[]
2006,development,rep_point,1000,6,3,19,[]
2006,development,soft,1000,9,3,19,[]
2012,development,any,100,265,13,31,[2006]
2012,development,f01,100,249,13,31,[2006]
2012,development,f10,100,206,14,31,[2006]
2012,development,f25,100,171,9,31,[2006]
2012,development,f50,100,144,6,31,[2006]
2012,development,center,100,148,10,31,[2006]
2012,development,rep_point,100,27,19,31,[2006]
2012,development,soft,100,265,13,31,[2006]
2012,development,any,200,102,12,31,[2006]
2012,development,f01,200,93,12,31,[2006]
2012,development,f10,200,65,10,31,[2006]
2012,development,f25,200,50,6,31,[2006]
2012,development,f50,200,37,4,31,[2006]
2012,development,center,200,40,9,31,[2006]
2012,development,rep_point,200,23,15,31,[2006]
2012,development,soft,200,102,12,31,[2006]
2012,development,any,500,39,8,31,[2006]
2012,development,f01,500,33,9,31,[2006]
2012,development,f10,500,19,5,31,[2006]
2012,development,f25,500,12,3,31,[2006]
2012,development,f50,500,4,4,31,[2006]
2012,development,center,500,7,3,31,[2006]
2012,development,rep_point,500,19,8,31,[2006]
2012,development,soft,500,39,8,31,[2006]
2012,development,any,1000,21,7,31,[2006]
2012,development,f01,1000,14,6,31,[2006]
2012,development,f10,1000,8,4,31,[2006]
2012,development,f25,1000,3,2,31,[2006]
2012,development,f50,1000,0,0,31,[2006]
2012,development,center,1000,1,1,31,[2006]
2012,development,rep_point,1000,14,8,31,[2006]
2012,development,soft,1000,21,7,31,[2006]
2014,development,any,100,199,10,47,"[2006, 2012]"
2014,development,f01,100,182,10,47,"[2006, 2012]"
2014,development,f10,100,132,13,47,"[2006, 2012]"
2014,development,f25,100,106,14,47,"[2006, 2012]"
2014,development,f50,100,71,9,47,"[2006, 2012]"
2014,development,center,100,81,14,47,"[2006, 2012]"
2014,development,rep_point,100,41,20,47,"[2006, 2012]"
2014,development,soft,100,199,10,47,"[2006, 2012]"
2014,development,any,200,85,10,47,"[2006, 2012]"
2014,development,f01,200,73,10,47,"[2006, 2012]"
2014,development,f10,200,41,9,47,"[2006, 2012]"
2014,development,f25,200,30,8,47,"[2006, 2012]"
2014,development,f50,200,14,4,47,"[2006, 2012]"
2014,development,center,200,20,8,47,"[2006, 2012]"
2014,development,rep_point,200,34,12,47,"[2006, 2012]"
2014,development,soft,200,85,10,47,"[2006, 2012]"
2014,development,any,500,32,8,47,"[2006, 2012]"
2014,development,f01,500,27,8,47,"[2006, 2012]"
2014,development,f10,500,10,3,47,"[2006, 2012]"
2014,development,f25,500,4,1,47,"[2006, 2012]"
2014,development,f50,500,1,1,47,"[2006, 2012]"
2014,development,center,500,4,4,47,"[2006, 2012]"
2014,development,rep_point,500,20,9,47,"[2006, 2012]"
2014,development,soft,500,32,8,47,"[2006, 2012]"
2014,development,any,1000,18,7,47,"[2006, 2012]"
2014,development,f01,1000,12,7,47,"[2006, 2012]"
2014,development,f10,1000,3,1,47,"[2006, 2012]"
2014,development,f25,1000,1,1,47,"[2006, 2012]"
2014,development,f50,1000,0,0,47,"[2006, 2012]"
2014,development,center,1000,1,1,47,"[2006, 2012]"
2014,development,rep_point,1000,15,7,47,"[2006, 2012]"
2014,development,soft,1000,18,7,47,"[2006, 2012]"
2016,development,any,100,202,6,21,"[2006, 2012, 2014]"
2016,development,f01,100,189,6,21,"[2006, 2012, 2014]"
2016,development,f10,100,170,6,21,"[2006, 2012, 2014]"
2016,development,f25,100,140,7,21,"[2006, 2012, 2014]"
2016,development,f50,100,116,6,21,"[2006, 2012, 2014]"
2016,development,center,100,121,7,21,"[2006, 2012, 2014]"
2016,development,rep_point,100,21,18,21,"[2006, 2012, 2014]"
2016,development,soft,100,202,6,21,"[2006, 2012, 2014]"
2016,development,any,200,76,4,21,"[2006, 2012, 2014]"
2016,development,f01,200,74,4,21,"[2006, 2012, 2014]"
2016,development,f10,200,58,6,21,"[2006, 2012, 2014]"
2016,development,f25,200,43,5,21,"[2006, 2012, 2014]"
2016,development,f50,200,28,6,21,"[2006, 2012, 2014]"
2016,development,center,200,29,6,21,"[2006, 2012, 2014]"
2016,development,rep_point,200,20,12,21,"[2006, 2012, 2014]"
2016,development,soft,200,76,4,21,"[2006, 2012, 2014]"
2016,development,any,500,24,4,21,"[2006, 2012, 2014]"
2016,development,f01,500,21,4,21,"[2006, 2012, 2014]"
2016,development,f10,500,12,3,21,"[2006, 2012, 2014]"
2016,development,f25,500,8,4,21,"[2006, 2012, 2014]"
2016,development,f50,500,3,2,21,"[2006, 2012, 2014]"
2016,development,center,500,5,3,21,"[2006, 2012, 2014]"
2016,development,rep_point,500,13,4,21,"[2006, 2012, 2014]"
2016,development,soft,500,24,4,21,"[2006, 2012, 2014]"
2016,development,any,1000,13,4,21,"[2006, 2012, 2014]"
2016,development,f01,1000,10,4,21,"[2006, 2012, 2014]"
2016,development,f10,1000,6,3,21,"[2006, 2012, 2014]"
2016,development,f25,1000,1,1,21,"[2006, 2012, 2014]"
2016,development,f50,1000,0,0,21,"[2006, 2012, 2014]"
2016,development,center,1000,1,1,21,"[2006, 2012, 2014]"
2016,development,rep_point,1000,8,4,21,"[2006, 2012, 2014]"
2016,development,soft,1000,13,4,21,"[2006, 2012, 2014]"
2019,development,any,100,70,3,7,"[2006, 2012, 2014, 2016]"
2019,development,f01,100,61,3,7,"[2006, 2012, 2014, 2016]"
2019,development,f10,100,56,3,7,"[2006, 2012, 2014, 2016]"
2019,development,f25,100,44,2,7,"[2006, 2012, 2014, 2016]"
2019,development,f50,100,32,2,7,"[2006, 2012, 2014, 2016]"
2019,development,center,100,36,5,7,"[2006, 2012, 2014, 2016]"
2019,development,rep_point,100,6,5,7,"[2006, 2012, 2014, 2016]"
2019,development,soft,100,70,3,7,"[2006, 2012, 2014, 2016]"
2019,development,any,200,24,3,7,"[2006, 2012, 2014, 2016]"
2019,development,f01,200,23,3,7,"[2006, 2012, 2014, 2016]"
2019,development,f10,200,16,2,7,"[2006, 2012, 2014, 2016]"
2019,development,f25,200,11,2,7,"[2006, 2012, 2014, 2016]"
2019,development,f50,200,9,1,7,"[2006, 2012, 2014, 2016]"
2019,development,center,200,13,2,7,"[2006, 2012, 2014, 2016]"
2019,development,rep_point,200,5,4,7,"[2006, 2012, 2014, 2016]"
2019,development,soft,200,24,3,7,"[2006, 2012, 2014, 2016]"
2019,development,any,500,11,3,7,"[2006, 2012, 2014, 2016]"
2019,development,f01,500,8,2,7,"[2006, 2012, 2014, 2016]"
2019,development,f10,500,3,1,7,"[2006, 2012, 2014, 2016]"
2019,development,f25,500,1,1,7,"[2006, 2012, 2014, 2016]"
2019,development,f50,500,1,1,7,"[2006, 2012, 2014, 2016]"
2019,development,center,500,1,1,7,"[2006, 2012, 2014, 2016]"
2019,development,rep_point,500,5,3,7,"[2006, 2012, 2014, 2016]"
2019,development,soft,500,11,3,7,"[2006, 2012, 2014, 2016]"
2019,development,any,1000,6,2,7,"[2006, 2012, 2014, 2016]"
2019,development,f01,1000,5,1,7,"[2006, 2012, 2014, 2016]"
2019,development,f10,1000,2,1,7,"[2006, 2012, 2014, 2016]"
2019,development,f25,1000,0,0,7,"[2006, 2012, 2014, 2016]"
2019,development,f50,1000,0,0,7,"[2006, 2012, 2014, 2016]"
2019,development,center,1000,0,0,7,"[2006, 2012, 2014, 2016]"
2019,development,rep_point,1000,4,3,7,"[2006, 2012, 2014, 2016]"
2019,development,soft,1000,6,2,7,"[2006, 2012, 2014, 2016]"
2025,development,any,100,59,15,18,"[2006, 2012, 2014, 2016, 2019]"
2025,development,f01,100,49,16,18,"[2006, 2012, 2014, 2016, 2019]"
2025,development,f10,100,25,14,18,"[2006, 2012, 2014, 2016, 2019]"
2025,development,f25,100,7,6,18,"[2006, 2012, 2014, 2016, 2019]"
2025,development,f50,100,0,0,18,"[2006, 2012, 2014, 2016, 2019]"
2025,development,center,100,7,6,18,"[2006, 2012, 2014, 2016, 2019]"
2025,development,rep_point,100,18,16,18,"[2006, 2012, 2014, 2016, 2019]"
2025,development,soft,100,59,15,18,"[2006, 2012, 2014, 2016, 2019]"
2025,development,any,200,37,12,18,"[2006, 2012, 2014, 2016, 2019]"
2025,development,f01,200,27,12,18,"[2006, 2012, 2014, 2016, 2019]"
2025,development,f10,200,4,4,18,"[2006, 2012, 2014, 2016, 2019]"
2025,development,f25,200,0,0,18,"[2006, 2012, 2014, 2016, 2019]"
2025,development,f50,200,0,0,18,"[2006, 2012, 2014, 2016, 2019]"
2025,development,center,200,1,1,18,"[2006, 2012, 2014, 2016, 2019]"
2025,development,rep_point,200,18,13,18,"[2006, 2012, 2014, 2016, 2019]"
2025,development,soft,200,37,12,18,"[2006, 2012, 2014, 2016, 2019]"
2025,development,any,500,20,6,18,"[2006, 2012, 2014, 2016, 2019]"
2025,development,f01,500,8,5,18,"[2006, 2012, 2014, 2016, 2019]"
2025,development,f10,500,0,0,18,"[2006, 2012, 2014, 2016, 2019]"
2025,development,f25,500,0,0,18,"[2006, 2012, 2014, 2016, 2019]"
2025,development,f50,500,0,0,18,"[2006, 2012, 2014, 2016, 2019]"
2025,development,center,500,0,0,18,"[2006, 2012, 2014, 2016, 2019]"
2025,development,rep_point,500,15,7,18,"[2006, 2012, 2014, 2016, 2019]"
2025,development,soft,500,20,6,18,"[2006, 2012, 2014, 2016, 2019]"
2025,development,any,1000,13,3,18,"[2006, 2012, 2014, 2016, 2019]"
2025,development,f01,1000,2,2,18,"[2006, 2012, 2014, 2016, 2019]"
2025,development,f10,1000,0,0,18,"[2006, 2012, 2014, 2016, 2019]"
2025,development,f25,1000,0,0,18,"[2006, 2012, 2014, 2016, 2019]"
2025,development,f50,1000,0,0,18,"[2006, 2012, 2014, 2016, 2019]"
2025,development,center,1000,0,0,18,"[2006, 2012, 2014, 2016, 2019]"
2025,development,rep_point,1000,11,4,18,"[2006, 2012, 2014, 2016, 2019]"
2025,development,soft,1000,13,3,18,"[2006, 2012, 2014, 2016, 2019]"
2022-09-06,holdout,any,100,6,5,5,"[2006, 2012, 2014, 2016, 2019]"
2022-09-06,holdout,f01,100,3,3,5,"[2006, 2012, 2014, 2016, 2019]"
2022-09-06,holdout,f10,100,0,0,5,"[2006, 2012, 2014, 2016, 2019]"
2022-09-06,holdout,f25,100,0,0,5,"[2006, 2012, 2014, 2016, 2019]"
2022-09-06,holdout,f50,100,0,0,5,"[2006, 2012, 2014, 2016, 2019]"
2022-09-06,holdout,center,100,1,1,5,"[2006, 2012, 2014, 2016, 2019]"
2022-09-06,holdout,rep_point,100,5,5,5,"[2006, 2012, 2014, 2016, 2019]"
2022-09-06,holdout,soft,100,6,5,5,"[2006, 2012, 2014, 2016, 2019]"
2022-09-06,holdout,any,200,5,5,5,"[2006, 2012, 2014, 2016, 2019]"
2022-09-06,holdout,f01,200,0,0,5,"[2006, 2012, 2014, 2016, 2019]"
2022-09-06,holdout,f10,200,0,0,5,"[2006, 2012, 2014, 2016, 2019]"
2022-09-06,holdout,f25,200,0,0,5,"[2006, 2012, 2014, 2016, 2019]"
2022-09-06,holdout,f50,200,0,0,5,"[2006, 2012, 2014, 2016, 2019]"
2022-09-06,holdout,center,200,0,0,5,"[2006, 2012, 2014, 2016, 2019]"
2022-09-06,holdout,rep_point,200,5,5,5,"[2006, 2012, 2014, 2016, 2019]"
2022-09-06,holdout,soft,200,5,5,5,"[2006, 2012, 2014, 2016, 2019]"
2022-09-06,holdout,any,500,5,5,5,"[2006, 2012, 2014, 2016, 2019]"
2022-09-06,holdout,f01,500,0,0,5,"[2006, 2012, 2014, 2016, 2019]"
2022-09-06,holdout,f10,500,0,0,5,"[2006, 2012, 2014, 2016, 2019]"
2022-09-06,holdout,f25,500,0,0,5,"[2006, 2012, 2014, 2016, 2019]"
2022-09-06,holdout,f50,500,0,0,5,"[2006, 2012, 2014, 2016, 2019]"
2022-09-06,holdout,center,500,0,0,5,"[2006, 2012, 2014, 2016, 2019]"
2022-09-06,holdout,rep_point,500,5,5,5,"[2006, 2012, 2014, 2016, 2019]"
2022-09-06,holdout,soft,500,5,5,5,"[2006, 2012, 2014, 2016, 2019]"
2022-09-06,holdout,any,1000,5,5,5,"[2006, 2012, 2014, 2016, 2019]"
2022-09-06,holdout,f01,1000,0,0,5,"[2006, 2012, 2014, 2016, 2019]"
2022-09-06,holdout,f10,1000,0,0,5,"[2006, 2012, 2014, 2016, 2019]"
2022-09-06,holdout,f25,1000,0,0,5,"[2006, 2012, 2014, 2016, 2019]"
2022-09-06,holdout,f50,1000,0,0,5,"[2006, 2012, 2014, 2016, 2019]"
2022-09-06,holdout,center,1000,0,0,5,"[2006, 2012, 2014, 2016, 2019]"
2022-09-06,holdout,rep_point,1000,5,5,5,"[2006, 2012, 2014, 2016, 2019]"
2022-09-06,holdout,soft,1000,5,5,5,"[2006, 2012, 2014, 2016, 2019]"
2023-08-10,holdout,any,100,42,3,3,"[2006, 2012, 2014, 2016, 2019]"
2023-08-10,holdout,f01,100,36,3,3,"[2006, 2012, 2014, 2016, 2019]"
2023-08-10,holdout,f10,100,18,3,3,"[2006, 2012, 2014, 2016, 2019]"
2023-08-10,holdout,f25,100,4,2,3,"[2006, 2012, 2014, 2016, 2019]"
2023-08-10,holdout,f50,100,1,1,3,"[2006, 2012, 2014, 2016, 2019]"
2023-08-10,holdout,center,100,2,2,3,"[2006, 2012, 2014, 2016, 2019]"
2023-08-10,holdout,rep_point,100,3,3,3,"[2006, 2012, 2014, 2016, 2019]"
2023-08-10,holdout,soft,100,42,3,3,"[2006, 2012, 2014, 2016, 2019]"
2023-08-10,holdout,any,200,18,3,3,"[2006, 2012, 2014, 2016, 2019]"
2023-08-10,holdout,f01,200,15,3,3,"[2006, 2012, 2014, 2016, 2019]"
2023-08-10,holdout,f10,200,4,3,3,"[2006, 2012, 2014, 2016, 2019]"
2023-08-10,holdout,f25,200,1,1,3,"[2006, 2012, 2014, 2016, 2019]"
2023-08-10,holdout,f50,200,0,0,3,"[2006, 2012, 2014, 2016, 2019]"
2023-08-10,holdout,center,200,2,1,3,"[2006, 2012, 2014, 2016, 2019]"
2023-08-10,holdout,rep_point,200,3,3,3,"[2006, 2012, 2014, 2016, 2019]"
2023-08-10,holdout,soft,200,18,3,3,"[2006, 2012, 2014, 2016, 2019]"
2023-08-10,holdout,any,500,8,3,3,"[2006, 2012, 2014, 2016, 2019]"
2023-08-10,holdout,f01,500,6,3,3,"[2006, 2012, 2014, 2016, 2019]"
2023-08-10,holdout,f10,500,0,0,3,"[2006, 2012, 2014, 2016, 2019]"
2023-08-10,holdout,f25,500,0,0,3,"[2006, 2012, 2014, 2016, 2019]"
2023-08-10,holdout,f50,500,0,0,3,"[2006, 2012, 2014, 2016, 2019]"
2023-08-10,holdout,center,500,0,0,3,"[2006, 2012, 2014, 2016, 2019]"
2023-08-10,holdout,rep_point,500,3,3,3,"[2006, 2012, 2014, 2016, 2019]"
2023-08-10,holdout,soft,500,8,3,3,"[2006, 2012, 2014, 2016, 2019]"
2023-08-10,holdout,any,1000,8,3,3,"[2006, 2012, 2014, 2016, 2019]"
2023-08-10,holdout,f01,1000,1,1,3,"[2006, 2012, 2014, 2016, 2019]"
2023-08-10,holdout,f10,1000,0,0,3,"[2006, 2012, 2014, 2016, 2019]"
2023-08-10,holdout,f25,1000,0,0,3,"[2006, 2012, 2014, 2016, 2019]"
2023-08-10,holdout,f50,1000,0,0,3,"[2006, 2012, 2014, 2016, 2019]"
2023-08-10,holdout,center,1000,0,0,3,"[2006, 2012, 2014, 2016, 2019]"
2023-08-10,holdout,rep_point,1000,3,3,3,"[2006, 2012, 2014, 2016, 2019]"
2023-08-10,holdout,soft,1000,8,3,3,"[2006, 2012, 2014, 2016, 2019]"
2024-07-24,holdout,any,100,23,5,5,"[2006, 2012, 2014, 2016, 2019]"
2024-07-24,holdout,f01,100,18,5,5,"[2006, 2012, 2014, 2016, 2019]"
2024-07-24,holdout,f10,100,0,0,5,"[2006, 2012, 2014, 2016, 2019]"
2024-07-24,holdout,f25,100,0,0,5,"[2006, 2012, 2014, 2016, 2019]"
2024-07-24,holdout,f50,100,0,0,5,"[2006, 2012, 2014, 2016, 2019]"
2024-07-24,holdout,center,100,0,0,5,"[2006, 2012, 2014, 2016, 2019]"
2024-07-24,holdout,rep_point,100,5,5,5,"[2006, 2012, 2014, 2016, 2019]"
2024-07-24,holdout,soft,100,23,5,5,"[2006, 2012, 2014, 2016, 2019]"
2024-07-24,holdout,any,200,13,4,5,"[2006, 2012, 2014, 2016, 2019]"
2024-07-24,holdout,f01,200,8,5,5,"[2006, 2012, 2014, 2016, 2019]"
2024-07-24,holdout,f10,200,0,0,5,"[2006, 2012, 2014, 2016, 2019]"
2024-07-24,holdout,f25,200,0,0,5,"[2006, 2012, 2014, 2016, 2019]"
2024-07-24,holdout,f50,200,0,0,5,"[2006, 2012, 2014, 2016, 2019]"
2024-07-24,holdout,center,200,0,0,5,"[2006, 2012, 2014, 2016, 2019]"
2024-07-24,holdout,rep_point,200,5,4,5,"[2006, 2012, 2014, 2016, 2019]"
2024-07-24,holdout,soft,200,13,4,5,"[2006, 2012, 2014, 2016, 2019]"
2024-07-24,holdout,any,500,6,4,5,"[2006, 2012, 2014, 2016, 2019]"
2024-07-24,holdout,f01,500,0,0,5,"[2006, 2012, 2014, 2016, 2019]"
2024-07-24,holdout,f10,500,0,0,5,"[2006, 2012, 2014, 2016, 2019]"
2024-07-24,holdout,f25,500,0,0,5,"[2006, 2012, 2014, 2016, 2019]"
2024-07-24,holdout,f50,500,0,0,5,"[2006, 2012, 2014, 2016, 2019]"
2024-07-24,holdout,center,500,0,0,5,"[2006, 2012, 2014, 2016, 2019]"
2024-07-24,holdout,rep_point,500,5,4,5,"[2006, 2012, 2014, 2016, 2019]"
2024-07-24,holdout,soft,500,6,4,5,"[2006, 2012, 2014, 2016, 2019]"
2024-07-24,holdout,any,1000,5,3,5,"[2006, 2012, 2014, 2016, 2019]"
2024-07-24,holdout,f01,1000,0,0,5,"[2006, 2012, 2014, 2016, 2019]"
2024-07-24,holdout,f10,1000,0,0,5,"[2006, 2012, 2014, 2016, 2019]"
2024-07-24,holdout,f25,1000,0,0,5,"[2006, 2012, 2014, 2016, 2019]"
2024-07-24,holdout,f50,1000,0,0,5,"[2006, 2012, 2014, 2016, 2019]"
2024-07-24,holdout,center,1000,0,0,5,"[2006, 2012, 2014, 2016, 2019]"
2024-07-24,holdout,rep_point,1000,4,4,5,"[2006, 2012, 2014, 2016, 2019]"
2024-07-24,holdout,soft,1000,5,3,5,"[2006, 2012, 2014, 2016, 2019]"
2024-09-20,holdout,any,100,1612,90,183,"[2006, 2012, 2014, 2016, 2019]"
2024-09-20,holdout,f01,100,1500,86,183,"[2006, 2012, 2014, 2016, 2019]"
2024-09-20,holdout,f10,100,1254,52,183,"[2006, 2012, 2014, 2016, 2019]"
2024-09-20,holdout,f25,100,1101,44,183,"[2006, 2012, 2014, 2016, 2019]"
2024-09-20,holdout,f50,100,928,37,183,"[2006, 2012, 2014, 2016, 2019]"
2024-09-20,holdout,center,100,937,47,183,"[2006, 2012, 2014, 2016, 2019]"
2024-09-20,holdout,rep_point,100,170,135,183,"[2006, 2012, 2014, 2016, 2019]"
2024-09-20,holdout,soft,100,1612,90,183,"[2006, 2012, 2014, 2016, 2019]"
2024-09-20,holdout,any,200,606,69,183,"[2006, 2012, 2014, 2016, 2019]"
2024-09-20,holdout,f01,200,514,55,183,"[2006, 2012, 2014, 2016, 2019]"
2024-09-20,holdout,f10,200,370,34,183,"[2006, 2012, 2014, 2016, 2019]"
2024-09-20,holdout,f25,200,293,27,183,"[2006, 2012, 2014, 2016, 2019]"
2024-09-20,holdout,f50,200,220,19,183,"[2006, 2012, 2014, 2016, 2019]"
2024-09-20,holdout,center,200,239,32,183,"[2006, 2012, 2014, 2016, 2019]"
2024-09-20,holdout,rep_point,200,155,96,183,"[2006, 2012, 2014, 2016, 2019]"
2024-09-20,holdout,soft,200,606,69,183,"[2006, 2012, 2014, 2016, 2019]"
2024-09-20,holdout,any,500,220,45,183,"[2006, 2012, 2014, 2016, 2019]"
2024-09-20,holdout,f01,500,147,17,183,"[2006, 2012, 2014, 2016, 2019]"
2024-09-20,holdout,f10,500,80,14,183,"[2006, 2012, 2014, 2016, 2019]"
2024-09-20,holdout,f25,500,52,10,183,"[2006, 2012, 2014, 2016, 2019]"
2024-09-20,holdout,f50,500,33,6,183,"[2006, 2012, 2014, 2016, 2019]"
2024-09-20,holdout,center,500,48,11,183,"[2006, 2012, 2014, 2016, 2019]"
2024-09-20,holdout,rep_point,500,117,59,183,"[2006, 2012, 2014, 2016, 2019]"
2024-09-20,holdout,soft,500,220,45,183,"[2006, 2012, 2014, 2016, 2019]"
2024-09-20,holdout,any,1000,120,16,183,"[2006, 2012, 2014, 2016, 2019]"
2024-09-20,holdout,f01,1000,58,9,183,"[2006, 2012, 2014, 2016, 2019]"
2024-09-20,holdout,f10,1000,28,4,183,"[2006, 2012, 2014, 2016, 2019]"
2024-09-20,holdout,f25,1000,11,3,183,"[2006, 2012, 2014, 2016, 2019]"
2024-09-20,holdout,f50,1000,7,3,183,"[2006, 2012, 2014, 2016, 2019]"
2024-09-20,holdout,center,1000,9,6,183,"[2006, 2012, 2014, 2016, 2019]"
2024-09-20,holdout,rep_point,1000,90,18,183,"[2006, 2012, 2014, 2016, 2019]"
2024-09-20,holdout,soft,1000,120,16,183,"[2006, 2012, 2014, 2016, 2019]"
HOLDOUT_ALL,holdout_pooled,any,100,1674,102,196,"[2006, 2012, 2014, 2016, 2019]"
HOLDOUT_ALL,holdout_pooled,f01,100,1550,96,196,"[2006, 2012, 2014, 2016, 2019]"
HOLDOUT_ALL,holdout_pooled,f10,100,1267,54,196,"[2006, 2012, 2014, 2016, 2019]"
HOLDOUT_ALL,holdout_pooled,f25,100,1102,45,196,"[2006, 2012, 2014, 2016, 2019]"
HOLDOUT_ALL,holdout_pooled,f50,100,928,37,196,"[2006, 2012, 2014, 2016, 2019]"
HOLDOUT_ALL,holdout_pooled,center,100,939,49,196,"[2006, 2012, 2014, 2016, 2019]"
HOLDOUT_ALL,holdout_pooled,rep_point,100,182,147,196,"[2006, 2012, 2014, 2016, 2019]"
HOLDOUT_ALL,holdout_pooled,soft,100,1674,102,196,"[2006, 2012, 2014, 2016, 2019]"
HOLDOUT_ALL,holdout_pooled,any,200,637,79,196,"[2006, 2012, 2014, 2016, 2019]"
HOLDOUT_ALL,holdout_pooled,f01,200,533,62,196,"[2006, 2012, 2014, 2016, 2019]"
HOLDOUT_ALL,holdout_pooled,f10,200,372,36,196,"[2006, 2012, 2014, 2016, 2019]"
HOLDOUT_ALL,holdout_pooled,f25,200,293,27,196,"[2006, 2012, 2014, 2016, 2019]"
HOLDOUT_ALL,holdout_pooled,f50,200,220,19,196,"[2006, 2012, 2014, 2016, 2019]"
HOLDOUT_ALL,holdout_pooled,center,200,241,33,196,"[2006, 2012, 2014, 2016, 2019]"
HOLDOUT_ALL,holdout_pooled,rep_point,200,167,106,196,"[2006, 2012, 2014, 2016, 2019]"
HOLDOUT_ALL,holdout_pooled,soft,200,637,79,196,"[2006, 2012, 2014, 2016, 2019]"
HOLDOUT_ALL,holdout_pooled,any,500,237,52,196,"[2006, 2012, 2014, 2016, 2019]"
HOLDOUT_ALL,holdout_pooled,f01,500,151,19,196,"[2006, 2012, 2014, 2016, 2019]"
HOLDOUT_ALL,holdout_pooled,f10,500,80,14,196,"[2006, 2012, 2014, 2016, 2019]"
HOLDOUT_ALL,holdout_pooled,f25,500,52,10,196,"[2006, 2012, 2014, 2016, 2019]"
HOLDOUT_ALL,holdout_pooled,f50,500,33,6,196,"[2006, 2012, 2014, 2016, 2019]"
HOLDOUT_ALL,holdout_pooled,center,500,48,11,196,"[2006, 2012, 2014, 2016, 2019]"
HOLDOUT_ALL,holdout_pooled,rep_point,500,129,66,196,"[2006, 2012, 2014, 2016, 2019]"
HOLDOUT_ALL,holdout_pooled,soft,500,237,52,196,"[2006, 2012, 2014, 2016, 2019]"
HOLDOUT_ALL,holdout_pooled,any,1000,135,20,196,"[2006, 2012, 2014, 2016, 2019]"
HOLDOUT_ALL,holdout_pooled,f01,1000,58,9,196,"[2006, 2012, 2014, 2016, 2019]"
HOLDOUT_ALL,holdout_pooled,f10,1000,28,4,196,"[2006, 2012, 2014, 2016, 2019]"
HOLDOUT_ALL,holdout_pooled,f25,1000,11,3,196,"[2006, 2012, 2014, 2016, 2019]"
HOLDOUT_ALL,holdout_pooled,f50,1000,7,3,196,"[2006, 2012, 2014, 2016, 2019]"
HOLDOUT_ALL,holdout_pooled,center,1000,9,6,196,"[2006, 2012, 2014, 2016, 2019]"
HOLDOUT_ALL,holdout_pooled,rep_point,1000,101,23,196,"[2006, 2012, 2014, 2016, 2019]"
HOLDOUT_ALL,holdout_pooled,soft,1000,135,20,196,"[2006, 2012, 2014, 2016, 2019]"
