verdict,rule,size_m,config_class,other,diff_ref,diff,material_reversal
V1,any,100,rule_only,slope_neg,-0.48602921064533106,-0.4189007492983723,False
V1,any,100,rule_only,relelev_neg,-0.02658659385314549,-0.006031227836377329,False
V1,any,100,rule_only,twi,-0.4549179144959405,-0.38767592303330123,False
V1,any,100,rule_only,impervious,0.007884360784997269,-0.00033639523734940724,False
V1,any,100,rule_only,hand_neg,-0.48604053865047775,-0.42835970904700527,False
V1,any,100,rule_only,hand_acc_neg,-0.4848484151615086,-0.4278389110105806,False
V1,any,100,rule_only,z_sensitivity,-0.2991048182339064,-0.26594795557226636,False
V1,any,100,rule_only,rf_F1_wf,-0.4075544816095638,-0.3592893287817518,False
V1,any,100,rule_only,logit_F1_wf,-0.41059158473372864,-0.3593924950114782,False
V2,any,100,rule_only,slope_neg,-0.08062375096546393,-0.06273571292504598,False
V2,any,100,rule_only,relelev_neg,0.24240681919101803,0.2257070292723291,False
V2,any,100,rule_only,twi,-0.04935528729476246,-0.024837295145619942,False
V2,any,100,rule_only,impervious,-0.016811175287431368,-0.02903815469338511,False
V2,any,100,rule_only,hand_neg,-0.07073425056127736,-0.06707341449618032,False
V2,any,100,rule_only,hand_acc_neg,-0.08632337686517555,-0.08225201863900655,False
V2,any,100,rule_only,z_sensitivity,-0.082863846552516,-0.04694320393873763,False
V2,any,100,rule_only,rf_F1_wf,-0.06348447564061732,-0.06073313151942428,False
V2,any,100,rule_only,logit_F1_wf,-0.05483917335882804,-0.05161734961078546,False
V1,any,200,both,slope_neg,-0.48602921064533106,-0.35804457212562024,False
V1,any,200,both,relelev_neg,-0.02658659385314549,0.004751392389542142,False
V1,any,200,both,twi,-0.4549179144959405,-0.3478519857971354,False
V1,any,200,both,impervious,0.007884360784997269,-0.026870023595361392,False
V1,any,200,both,hand_neg,-0.48604053865047775,-0.3872298999192163,False
V1,any,200,both,hand_acc_neg,-0.4848484151615086,-0.38316747608601887,False
V1,any,200,both,z_sensitivity,-0.2991048182339064,-0.2410727717727309,False
V1,any,200,both,rf_F1_wf,-0.4075544816095638,-0.3130970165354121,False
V1,any,200,both,logit_F1_wf,-0.41059158473372864,-0.3134471235167102,False
V2,any,200,both,slope_neg,-0.08062375096546393,-0.0699946592626427,False
V2,any,200,both,relelev_neg,0.24240681919101803,0.17143012025615167,False
V2,any,200,both,twi,-0.04935528729476246,-0.06978916221666287,False
V2,any,200,both,impervious,-0.016811175287431368,-0.07798593139621524,False
V2,any,200,both,hand_neg,-0.07073425056127736,-0.07075123488818713,False
V2,any,200,both,hand_acc_neg,-0.08632337686517555,-0.10172482562406826,False
V2,any,200,both,z_sensitivity,-0.082863846552516,-0.06233704017425046,False
V2,any,200,both,rf_F1_wf,-0.06348447564061732,-0.08195629981405983,False
V2,any,200,both,logit_F1_wf,-0.05483917335882804,-0.06807954095913504,False
V1,any,500,both,slope_neg,-0.48602921064533106,-0.26271036883733623,False
V1,any,500,both,relelev_neg,-0.02658659385314549,0.018612996208414168,False
V1,any,500,both,twi,-0.4549179144959405,-0.2691898894611029,False
V1,any,500,both,impervious,0.007884360784997269,-0.08223101934297017,False
V1,any,500,both,hand_neg,-0.48604053865047775,-0.2833047226366763,False
V1,any,500,both,hand_acc_neg,-0.4848484151615086,-0.27522286930526807,False
V1,any,500,both,z_sensitivity,-0.2991048182339064,-0.20573764793334515,False
V1,any,500,both,rf_F1_wf,-0.4075544816095638,-0.24723786451899266,False
V1,any,500,both,logit_F1_wf,-0.41059158473372864,-0.24647981475242398,False
V2,any,500,both,slope_neg,-0.08062375096546393,-0.05034465139489952,False
V2,any,500,both,relelev_neg,0.24240681919101803,0.11992861300687307,False
V2,any,500,both,twi,-0.04935528729476246,-0.08313338725356034,False
V2,any,500,both,impervious,-0.016811175287431368,-0.1267479010256234,False
V2,any,500,both,hand_neg,-0.07073425056127736,-0.03739084226931211,False
V2,any,500,both,hand_acc_neg,-0.08632337686517555,-0.0649006651567895,False
V2,any,500,both,z_sensitivity,-0.082863846552516,-0.08058837369918315,False
V2,any,500,both,rf_F1_wf,-0.06348447564061732,-0.10330047427485278,False
V2,any,500,both,logit_F1_wf,-0.05483917335882804,-0.08978217439291658,False
V1,any,1000,both,slope_neg,-0.48602921064533106,-0.17569415760245988,False
V1,any,1000,both,relelev_neg,-0.02658659385314549,0.02112074900178995,True
V1,any,1000,both,twi,-0.4549179144959405,-0.19402909725090645,False
V1,any,1000,both,impervious,0.007884360784997269,-0.10263435678553401,False
V1,any,1000,both,hand_neg,-0.48604053865047775,-0.18738813162604984,False
V1,any,1000,both,hand_acc_neg,-0.4848484151615086,-0.17859929322135026,False
V1,any,1000,both,z_sensitivity,-0.2991048182339064,-0.17771352517325256,False
V1,any,1000,both,rf_F1_wf,-0.4075544816095638,-0.19339116067740603,False
V1,any,1000,both,logit_F1_wf,-0.41059158473372864,-0.18903116251319474,False
V2,any,1000,both,slope_neg,-0.08062375096546393,-0.023772150755526522,False
V2,any,1000,both,relelev_neg,0.24240681919101803,0.10714576682153398,False
V2,any,1000,both,twi,-0.04935528729476246,-0.07071825887439753,False
V2,any,1000,both,impervious,-0.016811175287431368,-0.10377500405641038,False
V2,any,1000,both,hand_neg,-0.07073425056127736,0.004095137539641414,False
V2,any,1000,both,hand_acc_neg,-0.08632337686517555,-0.012593878005671355,False
V2,any,1000,both,z_sensitivity,-0.082863846552516,-0.06790776636904428,False
V2,any,1000,both,rf_F1_wf,-0.06348447564061732,-0.07790821771611522,False
V2,any,1000,both,logit_F1_wf,-0.05483917335882804,-0.0629375063902039,False
V1,center,100,rule_only,slope_neg,-0.48602921064533106,-0.5378183766361585,False
V1,center,100,rule_only,relelev_neg,-0.02658659385314549,-0.04487723551746292,False
V1,center,100,rule_only,twi,-0.4549179144959405,-0.5037411140416019,False
V1,center,100,rule_only,impervious,0.007884360784997269,0.0018782623788918817,False
V1,center,100,rule_only,hand_neg,-0.48604053865047775,-0.5283098002758311,False
V1,center,100,rule_only,hand_acc_neg,-0.4848484151615086,-0.5311722102981659,False
V1,center,100,rule_only,z_sensitivity,-0.2991048182339064,-0.3248956551491622,False
V1,center,100,rule_only,rf_F1_wf,-0.4075544816095638,-0.4460296481584036,False
V1,center,100,rule_only,logit_F1_wf,-0.41059158473372864,-0.44788722942769144,False
V2,center,100,rule_only,slope_neg,-0.08062375096546393,-0.12202607736166016,False
V2,center,100,rule_only,relelev_neg,0.24240681919101803,0.2584837190557858,False
V2,center,100,rule_only,twi,-0.04935528729476246,-0.0787144059501762,False
V2,center,100,rule_only,impervious,-0.016811175287431368,0.10325732642133523,False
V2,center,100,rule_only,hand_neg,-0.07073425056127736,-0.07872305155804615,False
V2,center,100,rule_only,hand_acc_neg,-0.08632337686517555,-0.10161754705909298,False
V2,center,100,rule_only,z_sensitivity,-0.082863846552516,-0.06844063598684214,False
V2,center,100,rule_only,rf_F1_wf,-0.06348447564061732,-0.07698347940109806,False
V2,center,100,rule_only,logit_F1_wf,-0.05483917335882804,-0.054335574281684895,False
V1,center,200,both,slope_neg,-0.48602921064533106,-0.5477171953985511,False
V1,center,200,both,relelev_neg,-0.02658659385314549,-0.054217930089823396,False
V1,center,200,both,twi,-0.4549179144959405,-0.533542311704902,False
V1,center,200,both,impervious,0.007884360784997269,-0.01137898123097758,False
V1,center,200,both,hand_neg,-0.48604053865047775,-0.5603988681398444,False
V1,center,200,both,hand_acc_neg,-0.4848484151615086,-0.5559386430357866,False
V1,center,200,both,z_sensitivity,-0.2991048182339064,-0.33920525682710834,False
V1,center,200,both,rf_F1_wf,-0.4075544816095638,-0.4471573248525764,False
V1,center,200,both,logit_F1_wf,-0.41059158473372864,-0.45493433494590185,False
V2,center,200,both,slope_neg,-0.08062375096546393,-0.0741933794973999,False
V2,center,200,both,relelev_neg,0.24240681919101803,0.26944484045913764,False
V2,center,200,both,twi,-0.04935528729476246,-0.07113050334886761,False
V2,center,200,both,impervious,-0.016811175287431368,-0.021457593992696644,False
V2,center,200,both,hand_neg,-0.07073425056127736,-0.0686462532969554,False
V2,center,200,both,hand_acc_neg,-0.08632337686517555,-0.08722740832176079,False
V2,center,200,both,z_sensitivity,-0.082863846552516,-0.076026076222805,False
V2,center,200,both,rf_F1_wf,-0.06348447564061732,-0.050378306873503975,False
V2,center,200,both,logit_F1_wf,-0.05483917335882804,-0.03285093773380554,False
V1,center,500,both,slope_neg,-0.48602921064533106,-0.5366529646238167,False
V1,center,500,both,relelev_neg,-0.02658659385314549,-0.10298953662182364,False
V1,center,500,both,twi,-0.4549179144959405,-0.5577852516193323,False
V1,center,500,both,impervious,0.007884360784997269,-0.09777964623816637,False
V1,center,500,both,hand_neg,-0.48604053865047775,-0.5636522172396611,False
V1,center,500,both,hand_acc_neg,-0.4848484151615086,-0.5593236173393125,False
V1,center,500,both,z_sensitivity,-0.2991048182339064,-0.36416915794718485,False
V1,center,500,both,rf_F1_wf,-0.4075544816095638,-0.4450548081714001,False
V1,center,500,both,logit_F1_wf,-0.41059158473372864,-0.4587693074240159,False
V2,center,500,both,slope_neg,-0.08062375096546393,-0.17801911614670018,False
V2,center,500,both,relelev_neg,0.24240681919101803,0.17469635020512975,False
V2,center,500,both,twi,-0.04935528729476246,-0.19189160729191868,False
V2,center,500,both,impervious,-0.016811175287431368,-0.14564171799848125,False
V2,center,500,both,hand_neg,-0.07073425056127736,-0.1907109697476449,False
V2,center,500,both,hand_acc_neg,-0.08632337686517555,-0.17919975369097418,False
V2,center,500,both,z_sensitivity,-0.082863846552516,-0.14602143279048185,False
V2,center,500,both,rf_F1_wf,-0.06348447564061732,-0.12741540798244877,False
V2,center,500,both,logit_F1_wf,-0.05483917335882804,-0.13004489928234886,False
V1,center,1000,both,slope_neg,-0.48602921064533106,-0.6233178516136715,False
V1,center,1000,both,relelev_neg,-0.02658659385314549,-0.194831487435989,False
V1,center,1000,both,twi,-0.4549179144959405,-0.6253423841848279,False
V1,center,1000,both,impervious,0.007884360784997269,-0.1359414076455877,False
V1,center,1000,both,hand_neg,-0.48604053865047775,-0.638204120519233,False
V1,center,1000,both,hand_acc_neg,-0.4848484151615086,-0.6282005478146957,False
V1,center,1000,both,z_sensitivity,-0.2991048182339064,-0.44253900202453256,False
V1,center,1000,both,rf_F1_wf,-0.4075544816095638,-0.49720138144575443,False
V1,center,1000,both,logit_F1_wf,-0.41059158473372864,-0.509944027628915,False
V2,center,1000,both,slope_neg,-0.08062375096546393,-0.6233178516136715,False
V2,center,1000,both,relelev_neg,0.24240681919101803,-0.194831487435989,True
V2,center,1000,both,twi,-0.04935528729476246,-0.6253423841848279,False
V2,center,1000,both,impervious,-0.016811175287431368,-0.1359414076455877,False
V2,center,1000,both,hand_neg,-0.07073425056127736,-0.638204120519233,False
V2,center,1000,both,hand_acc_neg,-0.08632337686517555,-0.6282005478146957,False
V2,center,1000,both,z_sensitivity,-0.082863846552516,-0.44253900202453256,False
V2,center,1000,both,rf_F1_wf,-0.06348447564061732,-0.49720138144575443,False
V2,center,1000,both,logit_F1_wf,-0.05483917335882804,-0.509944027628915,False
V1,f01,100,rule_only,slope_neg,-0.48602921064533106,-0.4347209600978443,False
V1,f01,100,rule_only,relelev_neg,-0.02658659385314549,-0.012023552536746196,False
V1,f01,100,rule_only,twi,-0.4549179144959405,-0.40408608557013986,False
V1,f01,100,rule_only,impervious,0.007884360784997269,0.0013884028217615585,False
V1,f01,100,rule_only,hand_neg,-0.48604053865047775,-0.44229511433376295,False
V1,f01,100,rule_only,hand_acc_neg,-0.4848484151615086,-0.4415101928494987,False
V1,f01,100,rule_only,z_sensitivity,-0.2991048182339064,-0.2742686089938193,False
V1,f01,100,rule_only,rf_F1_wf,-0.4075544816095638,-0.37112915893157444,False
V1,f01,100,rule_only,logit_F1_wf,-0.41059158473372864,-0.3720003843885819,False
V2,f01,100,rule_only,slope_neg,-0.08062375096546393,-0.10601873472928247,False
V2,f01,100,rule_only,relelev_neg,0.24240681919101803,0.2075665978132264,False
V2,f01,100,rule_only,twi,-0.04935528729476246,-0.06554829047872524,False
V2,f01,100,rule_only,impervious,-0.016811175287431368,-0.04433672185837878,False
V2,f01,100,rule_only,hand_neg,-0.07073425056127736,-0.1034031756429239,False
V2,f01,100,rule_only,hand_acc_neg,-0.08632337686517555,-0.11293802111731732,False
V2,f01,100,rule_only,z_sensitivity,-0.082863846552516,-0.07365495104480602,False
V2,f01,100,rule_only,rf_F1_wf,-0.06348447564061732,-0.08889099273345669,False
V2,f01,100,rule_only,logit_F1_wf,-0.05483917335882804,-0.07556052818661962,False
V1,f01,200,both,slope_neg,-0.48602921064533106,-0.40882157548995823,False
V1,f01,200,both,relelev_neg,-0.02658659385314549,-0.013627349547293,False
V1,f01,200,both,twi,-0.4549179144959405,-0.3997753543194048,False
V1,f01,200,both,impervious,0.007884360784997269,-0.02058765290311726,False
V1,f01,200,both,hand_neg,-0.48604053865047775,-0.4386578187884579,False
V1,f01,200,both,hand_acc_neg,-0.4848484151615086,-0.4326434232477092,False
V1,f01,200,both,z_sensitivity,-0.2991048182339064,-0.2668482775349371,False
V1,f01,200,both,rf_F1_wf,-0.4075544816095638,-0.34918740439687745,False
V1,f01,200,both,logit_F1_wf,-0.41059158473372864,-0.3536776448340899,False
V2,f01,200,both,slope_neg,-0.08062375096546393,-0.08295738405853581,False
V2,f01,200,both,relelev_neg,0.24240681919101803,0.18496889126434046,False
V2,f01,200,both,twi,-0.04935528729476246,-0.08507279076379559,False
V2,f01,200,both,impervious,-0.016811175287431368,-0.06701039375330042,False
V2,f01,200,both,hand_neg,-0.07073425056127736,-0.09436206511435152,False
V2,f01,200,both,hand_acc_neg,-0.08632337686517555,-0.10902289780015129,False
V2,f01,200,both,z_sensitivity,-0.082863846552516,-0.07611418478770515,False
V2,f01,200,both,rf_F1_wf,-0.06348447564061732,-0.09025881572180094,False
V2,f01,200,both,logit_F1_wf,-0.05483917335882804,-0.07953072790039317,False
V1,f01,500,both,slope_neg,-0.48602921064533106,-0.3809683336669784,False
V1,f01,500,both,relelev_neg,-0.02658659385314549,-0.036387071997908194,False
V1,f01,500,both,twi,-0.4549179144959405,-0.38743458171106887,False
V1,f01,500,both,impervious,0.007884360784997269,-0.08368536305362967,False
V1,f01,500,both,hand_neg,-0.48604053865047775,-0.41020688725380045,False
V1,f01,500,both,hand_acc_neg,-0.4848484151615086,-0.4003190737464814,False
V1,f01,500,both,z_sensitivity,-0.2991048182339064,-0.26625294663174975,False
V1,f01,500,both,rf_F1_wf,-0.4075544816095638,-0.3343819325001736,False
V1,f01,500,both,logit_F1_wf,-0.41059158473372864,-0.3332890742775901,False
V2,f01,500,both,slope_neg,-0.08062375096546393,-0.06321592337616688,False
V2,f01,500,both,relelev_neg,0.24240681919101803,0.1861197719294131,False
V2,f01,500,both,twi,-0.04935528729476246,-0.09938362340569173,False
V2,f01,500,both,impervious,-0.016811175287431368,-0.07852386886292118,False
V2,f01,500,both,hand_neg,-0.07073425056127736,-0.04631365988447378,False
V2,f01,500,both,hand_acc_neg,-0.08632337686517555,-0.044237740548768056,False
V2,f01,500,both,z_sensitivity,-0.082863846552516,-0.044473544187596525,False
V2,f01,500,both,rf_F1_wf,-0.06348447564061732,-0.09657878136258569,False
V2,f01,500,both,logit_F1_wf,-0.05483917335882804,-0.0749387516768254,False
V1,f01,1000,both,slope_neg,-0.48602921064533106,-0.39965283195506335,False
V1,f01,1000,both,relelev_neg,-0.02658659385314549,-0.10007411452644716,False
V1,f01,1000,both,twi,-0.4549179144959405,-0.41787915431424555,False
V1,f01,1000,both,impervious,0.007884360784997269,-0.12237673584022485,False
V1,f01,1000,both,hand_neg,-0.48604053865047775,-0.42483226712435646,False
V1,f01,1000,both,hand_acc_neg,-0.4848484151615086,-0.4144757372444999,False
V1,f01,1000,both,z_sensitivity,-0.2991048182339064,-0.3008854735528164,False
V1,f01,1000,both,rf_F1_wf,-0.4075544816095638,-0.3521220159151193,False
V1,f01,1000,both,logit_F1_wf,-0.41059158473372864,-0.3514588859416446,False
V2,f01,1000,both,slope_neg,-0.08062375096546393,0.004889307913486629,False
V2,f01,1000,both,relelev_neg,0.24240681919101803,0.1600215517241379,False
V2,f01,1000,both,twi,-0.04935528729476246,-0.021290949597243092,False
V2,f01,1000,both,impervious,-0.016811175287431368,-0.07289100985221675,False
V2,f01,1000,both,hand_neg,-0.07073425056127736,0.03508463955817487,True
V2,f01,1000,both,hand_acc_neg,-0.08632337686517555,0.02237857829975265,True
V2,f01,1000,both,z_sensitivity,-0.082863846552516,-0.03548337438423643,False
V2,f01,1000,both,rf_F1_wf,-0.06348447564061732,0.004169290395203307,False
V2,f01,1000,both,logit_F1_wf,-0.05483917335882804,0.0048324203686780365,False
V1,f10,100,reference,slope_neg,-0.48602921064533106,-0.48602921064533106,False
V1,f10,100,reference,relelev_neg,-0.02658659385314549,-0.02658659385314549,False
V1,f10,100,reference,twi,-0.4549179144959405,-0.4549179144959405,False
V1,f10,100,reference,impervious,0.007884360784997269,0.007884360784997269,False
V1,f10,100,reference,hand_neg,-0.48604053865047775,-0.48604053865047775,False
V1,f10,100,reference,hand_acc_neg,-0.4848484151615086,-0.4848484151615086,False
V1,f10,100,reference,z_sensitivity,-0.2991048182339064,-0.2991048182339064,False
V1,f10,100,reference,rf_F1_wf,-0.4075544816095638,-0.4075544816095638,False
V1,f10,100,reference,logit_F1_wf,-0.41059158473372864,-0.41059158473372864,False
V2,f10,100,reference,slope_neg,-0.08062375096546393,-0.08062375096546393,False
V2,f10,100,reference,relelev_neg,0.24240681919101803,0.24240681919101803,False
V2,f10,100,reference,twi,-0.04935528729476246,-0.04935528729476246,False
V2,f10,100,reference,impervious,-0.016811175287431368,-0.016811175287431368,False
V2,f10,100,reference,hand_neg,-0.07073425056127736,-0.07073425056127736,False
V2,f10,100,reference,hand_acc_neg,-0.08632337686517555,-0.08632337686517555,False
V2,f10,100,reference,z_sensitivity,-0.082863846552516,-0.082863846552516,False
V2,f10,100,reference,rf_F1_wf,-0.06348447564061732,-0.06348447564061732,False
V2,f10,100,reference,logit_F1_wf,-0.05483917335882804,-0.05483917335882804,False
V1,f10,200,size_only,slope_neg,-0.48602921064533106,-0.4845199775167486,False
V1,f10,200,size_only,relelev_neg,-0.02658659385314549,-0.04118370718209352,False
V1,f10,200,size_only,twi,-0.4549179144959405,-0.4764759275607192,False
V1,f10,200,size_only,impervious,0.007884360784997269,-0.011011504380464276,False
V1,f10,200,size_only,hand_neg,-0.48604053865047775,-0.5110659401808224,False
V1,f10,200,size_only,hand_acc_neg,-0.4848484151615086,-0.5041314240574166,False
V1,f10,200,size_only,z_sensitivity,-0.2991048182339064,-0.30714858807318646,False
V1,f10,200,size_only,rf_F1_wf,-0.4075544816095638,-0.403658198312856,False
V1,f10,200,size_only,logit_F1_wf,-0.41059158473372864,-0.409460323193927,False
V2,f10,200,size_only,slope_neg,-0.08062375096546393,-0.06123105445383725,False
V2,f10,200,size_only,relelev_neg,0.24240681919101803,0.24923275322002425,False
V2,f10,200,size_only,twi,-0.04935528729476246,-0.05083914133462886,False
V2,f10,200,size_only,impervious,-0.016811175287431368,-0.05136788229794709,False
V2,f10,200,size_only,hand_neg,-0.07073425056127736,-0.07508576499203756,False
V2,f10,200,size_only,hand_acc_neg,-0.08632337686517555,-0.0824021328347212,False
V2,f10,200,size_only,z_sensitivity,-0.082863846552516,-0.08626492469318703,False
V2,f10,200,size_only,rf_F1_wf,-0.06348447564061732,-0.05562790942399143,False
V2,f10,200,size_only,logit_F1_wf,-0.05483917335882804,-0.03078934436895786,False
V1,f10,500,size_only,slope_neg,-0.48602921064533106,-0.5000452761847269,False
V1,f10,500,size_only,relelev_neg,-0.02658659385314549,-0.07650166012677334,False
V1,f10,500,size_only,twi,-0.4549179144959405,-0.5127829761545428,False
V1,f10,500,size_only,impervious,0.007884360784997269,-0.08201592212496228,False
V1,f10,500,size_only,hand_neg,-0.48604053865047775,-0.5239341231512225,False
V1,f10,500,size_only,hand_acc_neg,-0.4848484151615086,-0.5185745547841836,False
V1,f10,500,size_only,z_sensitivity,-0.2991048182339064,-0.3343080289767583,False
V1,f10,500,size_only,rf_F1_wf,-0.4075544816095638,-0.41699743434953224,False
V1,f10,500,size_only,logit_F1_wf,-0.41059158473372864,-0.42553199517054024,False
V2,f10,500,size_only,slope_neg,-0.08062375096546393,-0.05724719842320947,False
V2,f10,500,size_only,relelev_neg,0.24240681919101803,0.19878493579844336,False
V2,f10,500,size_only,twi,-0.04935528729476246,-0.06878628965876821,False
V2,f10,500,size_only,impervious,-0.016811175287431368,-0.043017922604704606,False
V2,f10,500,size_only,hand_neg,-0.07073425056127736,-0.0837689259269383,False
V2,f10,500,size_only,hand_acc_neg,-0.08632337686517555,-0.0834197210418357,False
V2,f10,500,size_only,z_sensitivity,-0.082863846552516,-0.05776745956130014,False
V2,f10,500,size_only,rf_F1_wf,-0.06348447564061732,-0.05731928177396606,False
V2,f10,500,size_only,logit_F1_wf,-0.05483917335882804,-0.052185076142549414,False
V1,f10,1000,size_only,slope_neg,-0.48602921064533106,-0.5154345107846201,False
V1,f10,1000,size_only,relelev_neg,-0.02658659385314549,-0.13269771803688646,False
V1,f10,1000,size_only,twi,-0.4549179144959405,-0.536202719599875,False
V1,f10,1000,size_only,impervious,0.007884360784997269,-0.18410050015629875,False
V1,f10,1000,size_only,hand_neg,-0.48604053865047775,-0.5351281650515787,False
V1,f10,1000,size_only,hand_acc_neg,-0.4848484151615086,-0.5261800562675836,False
V1,f10,1000,size_only,z_sensitivity,-0.2991048182339064,-0.380626758361988,False
V1,f10,1000,size_only,rf_F1_wf,-0.4075544816095638,-0.44439668646452,False
V1,f10,1000,size_only,logit_F1_wf,-0.41059158473372864,-0.45072678962175683,False
V2,f10,1000,size_only,slope_neg,-0.08062375096546393,-0.012044967880085689,False
V2,f10,1000,size_only,relelev_neg,0.24240681919101803,0.17731801765527666,False
V2,f10,1000,size_only,twi,-0.04935528729476246,-0.0432949678800858,False
V2,f10,1000,size_only,impervious,-0.016811175287431368,-0.08110278372591018,False
V2,f10,1000,size_only,hand_neg,-0.07073425056127736,-0.01525695931477522,False
V2,f10,1000,size_only,hand_acc_neg,-0.08632337686517555,-0.02951017130620992,False
V2,f10,1000,size_only,z_sensitivity,-0.082863846552516,-0.09716274089935772,False
V2,f10,1000,size_only,rf_F1_wf,-0.06348447564061732,-0.0019279228051056752,False
V2,f10,1000,size_only,logit_F1_wf,-0.05483917335882804,0.016527419364678386,False
V1,f25,100,rule_only,slope_neg,-0.48602921064533106,-0.5118277555841614,False
V1,f25,100,rule_only,relelev_neg,-0.02658659385314549,-0.03673835374971807,False
V1,f25,100,rule_only,twi,-0.4549179144959405,-0.4800790205763331,False
V1,f25,100,rule_only,impervious,0.007884360784997269,0.007303338070718091,False
V1,f25,100,rule_only,hand_neg,-0.48604053865047775,-0.5084842217529942,False
V1,f25,100,rule_only,hand_acc_neg,-0.4848484151615086,-0.5097466429763226,False
V1,f25,100,rule_only,z_sensitivity,-0.2991048182339064,-0.31180910796317907,False
V1,f25,100,rule_only,rf_F1_wf,-0.4075544816095638,-0.42675817093854496,False
V1,f25,100,rule_only,logit_F1_wf,-0.41059158473372864,-0.42964564537012595,False
V2,f25,100,rule_only,slope_neg,-0.08062375096546393,-0.11629043526895666,False
V2,f25,100,rule_only,relelev_neg,0.24240681919101803,0.2644487746513168,False
V2,f25,100,rule_only,twi,-0.04935528729476246,-0.07397607224989844,False
V2,f25,100,rule_only,impervious,-0.016811175287431368,0.0971054572508383,False
V2,f25,100,rule_only,hand_neg,-0.07073425056127736,-0.07567637084467138,False
V2,f25,100,rule_only,hand_acc_neg,-0.08632337686517555,-0.09761989631504908,False
V2,f25,100,rule_only,z_sensitivity,-0.082863846552516,-0.06844776528418939,False
V2,f25,100,rule_only,rf_F1_wf,-0.06348447564061732,-0.062297962781007965,False
V2,f25,100,rule_only,logit_F1_wf,-0.05483917335882804,-0.048605897544665155,False
V1,f25,200,both,slope_neg,-0.48602921064533106,-0.5286104288531961,False
V1,f25,200,both,relelev_neg,-0.02658659385314549,-0.049683335497192616,False
V1,f25,200,both,twi,-0.4549179144959405,-0.5159734610069595,False
V1,f25,200,both,impervious,0.007884360784997269,-0.018629672379847972,False
V1,f25,200,both,hand_neg,-0.48604053865047775,-0.5478171402554304,False
V1,f25,200,both,hand_acc_neg,-0.4848484151615086,-0.5420956591797136,False
V1,f25,200,both,z_sensitivity,-0.2991048182339064,-0.32943334750216535,False
V1,f25,200,both,rf_F1_wf,-0.4075544816095638,-0.4328225736171606,False
V1,f25,200,both,logit_F1_wf,-0.41059158473372864,-0.44019994059761647,False
V2,f25,200,both,slope_neg,-0.08062375096546393,-0.09509597077136822,False
V2,f25,200,both,relelev_neg,0.24240681919101803,0.2373480855721274,False
V2,f25,200,both,twi,-0.04935528729476246,-0.0713496247799712,False
V2,f25,200,both,impervious,-0.016811175287431368,-0.0569896567694127,False
V2,f25,200,both,hand_neg,-0.07073425056127736,-0.09419271667667961,False
V2,f25,200,both,hand_acc_neg,-0.08632337686517555,-0.10861575670251622,False
V2,f25,200,both,z_sensitivity,-0.082863846552516,-0.09525549323316007,False
V2,f25,200,both,rf_F1_wf,-0.06348447564061732,-0.07379654813369574,False
V2,f25,200,both,logit_F1_wf,-0.05483917335882804,-0.05109529070799368,False
V1,f25,500,both,slope_neg,-0.48602921064533106,-0.5687380563166258,False
V1,f25,500,both,relelev_neg,-0.02658659385314549,-0.10112702323118372,False
V1,f25,500,both,twi,-0.4549179144959405,-0.576854005019225,False
V1,f25,500,both,impervious,0.007884360784997269,-0.07251110906453623,False
V1,f25,500,both,hand_neg,-0.48604053865047775,-0.5857757926000968,False
V1,f25,500,both,hand_acc_neg,-0.4848484151615086,-0.5816257223769945,False
V1,f25,500,both,z_sensitivity,-0.2991048182339064,-0.3712499712200401,False
V1,f25,500,both,rf_F1_wf,-0.4075544816095638,-0.4621198167292152,False
V1,f25,500,both,logit_F1_wf,-0.41059158473372864,-0.4718071512444456,False
V2,f25,500,both,slope_neg,-0.08062375096546393,-0.08619244799369008,False
V2,f25,500,both,relelev_neg,0.24240681919101803,0.1783496007098493,False
V2,f25,500,both,twi,-0.04935528729476246,-0.12481716403728016,False
V2,f25,500,both,impervious,-0.016811175287431368,-0.09878734102336584,False
V2,f25,500,both,hand_neg,-0.07073425056127736,-0.1002602954996139,False
V2,f25,500,both,hand_acc_neg,-0.08632337686517555,-0.10302671793355012,False
V2,f25,500,both,z_sensitivity,-0.082863846552516,-0.11222025041900807,False
V2,f25,500,both,rf_F1_wf,-0.06348447564061732,-0.06731243221926453,False
V2,f25,500,both,logit_F1_wf,-0.05483917335882804,-0.07547157611481714,False
V1,f25,1000,both,slope_neg,-0.48602921064533106,-0.6191778146665364,False
V1,f25,1000,both,relelev_neg,-0.02658659385314549,-0.1570159164144127,False
V1,f25,1000,both,twi,-0.4549179144959405,-0.6259154379455132,False
V1,f25,1000,both,impervious,0.007884360784997269,-0.16887999218826288,False
V1,f25,1000,both,hand_neg,-0.48604053865047775,-0.6278683722292745,False
V1,f25,1000,both,hand_acc_neg,-0.4848484151615086,-0.6220583927350846,False
V1,f25,1000,both,z_sensitivity,-0.2991048182339064,-0.45034664583536754,False
V1,f25,1000,both,rf_F1_wf,-0.4075544816095638,-0.5065911532076947,False
V1,f25,1000,both,logit_F1_wf,-0.41059158473372864,-0.5212381603359048,False
V2,f25,1000,both,slope_neg,-0.08062375096546393,-0.6191778146665364,False
V2,f25,1000,both,relelev_neg,0.24240681919101803,-0.1570159164144127,True
V2,f25,1000,both,twi,-0.04935528729476246,-0.6259154379455132,False
V2,f25,1000,both,impervious,-0.016811175287431368,-0.16887999218826288,False
V2,f25,1000,both,hand_neg,-0.07073425056127736,-0.6278683722292745,False
V2,f25,1000,both,hand_acc_neg,-0.08632337686517555,-0.6220583927350846,False
V2,f25,1000,both,z_sensitivity,-0.082863846552516,-0.45034664583536754,False
V2,f25,1000,both,rf_F1_wf,-0.06348447564061732,-0.5065911532076947,False
V2,f25,1000,both,logit_F1_wf,-0.05483917335882804,-0.5212381603359048,False
V1,f50,100,rule_only,slope_neg,-0.48602921064533106,-0.545956623711388,False
V1,f50,100,rule_only,relelev_neg,-0.02658659385314549,-0.046407513492689734,False
V1,f50,100,rule_only,twi,-0.4549179144959405,-0.511199317331948,False
V1,f50,100,rule_only,impervious,0.007884360784997269,-0.001904477926904291,False
V1,f50,100,rule_only,hand_neg,-0.48604053865047775,-0.5353737582697127,False
V1,f50,100,rule_only,hand_acc_neg,-0.4848484151615086,-0.5379564302227915,False
V1,f50,100,rule_only,z_sensitivity,-0.2991048182339064,-0.32962294495779026,False
V1,f50,100,rule_only,rf_F1_wf,-0.4075544816095638,-0.4522783933373709,False
V1,f50,100,rule_only,logit_F1_wf,-0.41059158473372864,-0.4541183003054145,False
V2,f50,100,rule_only,slope_neg,-0.08062375096546393,-0.1114255009567342,False
V2,f50,100,rule_only,relelev_neg,0.24240681919101803,0.24889820292492226,False
V2,f50,100,rule_only,twi,-0.04935528729476246,-0.05918386536916953,False
V2,f50,100,rule_only,impervious,-0.016811175287431368,-0.008158679485135156,False
V2,f50,100,rule_only,hand_neg,-0.07073425056127736,-0.07510376021603005,False
V2,f50,100,rule_only,hand_acc_neg,-0.08632337686517555,-0.09768914697093167,False
V2,f50,100,rule_only,z_sensitivity,-0.082863846552516,-0.09163204410427217,False
V2,f50,100,rule_only,rf_F1_wf,-0.06348447564061732,-0.09991482956925168,False
V2,f50,100,rule_only,logit_F1_wf,-0.05483917335882804,-0.054645289963736965,False
V1,f50,200,both,slope_neg,-0.48602921064533106,-0.5823741227883885,False
V1,f50,200,both,relelev_neg,-0.02658659385314549,-0.06995865837946519,False
V1,f50,200,both,twi,-0.4549179144959405,-0.5660523235784098,False
V1,f50,200,both,impervious,0.007884360784997269,-0.020393665670881078,False
V1,f50,200,both,hand_neg,-0.48604053865047775,-0.5934308825680887,False
V1,f50,200,both,hand_acc_neg,-0.4848484151615086,-0.590397629935864,False
V1,f50,200,both,z_sensitivity,-0.2991048182339064,-0.3573638581737008,False
V1,f50,200,both,rf_F1_wf,-0.4075544816095638,-0.47246971348746786,False
V1,f50,200,both,logit_F1_wf,-0.41059158473372864,-0.48028651253226856,False
V2,f50,200,both,slope_neg,-0.08062375096546393,-0.10323390344988614,False
V2,f50,200,both,relelev_neg,0.24240681919101803,0.24512129349159817,False
V2,f50,200,both,twi,-0.04935528729476246,-0.11564405858458282,False
V2,f50,200,both,impervious,-0.016811175287431368,-0.03805409852926045,False
V2,f50,200,both,hand_neg,-0.07073425056127736,-0.08594416693768747,False
V2,f50,200,both,hand_acc_neg,-0.08632337686517555,-0.10936301105847923,False
V2,f50,200,both,z_sensitivity,-0.082863846552516,-0.09432774335582106,False
V2,f50,200,both,rf_F1_wf,-0.06348447564061732,-0.11606230590816713,False
V2,f50,200,both,logit_F1_wf,-0.05483917335882804,-0.04599189812274995,False
V1,f50,500,both,slope_neg,-0.48602921064533106,-0.604834054834055,False
V1,f50,500,both,relelev_neg,-0.02658659385314549,-0.09997294372294374,False
V1,f50,500,both,twi,-0.4549179144959405,-0.6081800144300145,False
V1,f50,500,both,impervious,0.007884360784997269,-0.06265331890331888,False
V1,f50,500,both,hand_neg,-0.48604053865047775,-0.6123511904761904,False
V1,f50,500,both,hand_acc_neg,-0.4848484151615086,-0.6093885281385283,False
V1,f50,500,both,z_sensitivity,-0.2991048182339064,-0.40181277056277065,False
V1,f50,500,both,rf_F1_wf,-0.4075544816095638,-0.47957251082251084,False
V1,f50,500,both,logit_F1_wf,-0.41059158473372864,-0.5008477633477634,False
V2,f50,500,both,slope_neg,-0.08062375096546393,-0.604834054834055,False
V2,f50,500,both,relelev_neg,0.24240681919101803,-0.09997294372294374,True
V2,f50,500,both,twi,-0.04935528729476246,-0.6081800144300145,False
V2,f50,500,both,impervious,-0.016811175287431368,-0.06265331890331888,False
V2,f50,500,both,hand_neg,-0.07073425056127736,-0.6123511904761904,False
V2,f50,500,both,hand_acc_neg,-0.08632337686517555,-0.6093885281385283,False
V2,f50,500,both,z_sensitivity,-0.082863846552516,-0.40181277056277065,False
V2,f50,500,both,rf_F1_wf,-0.06348447564061732,-0.47957251082251084,False
V2,f50,500,both,logit_F1_wf,-0.05483917335882804,-0.5008477633477634,False
V1,f50,1000,both,slope_neg,-0.48602921064533106,-0.6369747899159663,False
V1,f50,1000,both,relelev_neg,-0.02658659385314549,-0.17356760886172645,False
V1,f50,1000,both,twi,-0.4549179144959405,-0.6379679144385026,False
V1,f50,1000,both,impervious,0.007884360784997269,-0.12230710466004585,False
V1,f50,1000,both,hand_neg,-0.48604053865047775,-0.6385026737967914,False
V1,f50,1000,both,hand_acc_neg,-0.4848484151615086,-0.6318563789152025,False
V1,f50,1000,both,z_sensitivity,-0.2991048182339064,-0.4482811306340719,False
V1,f50,1000,both,rf_F1_wf,-0.4075544816095638,-0.5067990832696716,False
V1,f50,1000,both,logit_F1_wf,-0.41059158473372864,-0.5229946524064171,False
V2,f50,1000,both,slope_neg,-0.08062375096546393,-0.6369747899159663,False
V2,f50,1000,both,relelev_neg,0.24240681919101803,-0.17356760886172645,True
V2,f50,1000,both,twi,-0.04935528729476246,-0.6379679144385026,False
V2,f50,1000,both,impervious,-0.016811175287431368,-0.12230710466004585,False
V2,f50,1000,both,hand_neg,-0.07073425056127736,-0.6385026737967914,False
V2,f50,1000,both,hand_acc_neg,-0.08632337686517555,-0.6318563789152025,False
V2,f50,1000,both,z_sensitivity,-0.082863846552516,-0.4482811306340719,False
V2,f50,1000,both,rf_F1_wf,-0.06348447564061732,-0.5067990832696716,False
V2,f50,1000,both,logit_F1_wf,-0.05483917335882804,-0.5229946524064171,False
V1,rep_point,100,rule_only,slope_neg,-0.48602921064533106,-0.106345833166541,False
V1,rep_point,100,rule_only,relelev_neg,-0.02658659385314549,0.0731505990353607,True
V1,rep_point,100,rule_only,twi,-0.4549179144959405,-0.10510811212770832,False
V1,rep_point,100,rule_only,impervious,0.007884360784997269,0.09752502542792096,False
V1,rep_point,100,rule_only,hand_neg,-0.48604053865047775,-0.13647784651733175,False
V1,rep_point,100,rule_only,hand_acc_neg,-0.4848484151615086,-0.14379788827726814,False
V1,rep_point,100,rule_only,z_sensitivity,-0.2991048182339064,-0.10097090683519461,False
V1,rep_point,100,rule_only,rf_F1_wf,-0.4075544816095638,-0.1294638382968304,False
V1,rep_point,100,rule_only,logit_F1_wf,-0.41059158473372864,-0.12207564298819051,False
V2,rep_point,100,rule_only,slope_neg,-0.08062375096546393,0.009597381818449602,False
V2,rep_point,100,rule_only,relelev_neg,0.24240681919101803,0.20733460366184908,False
V2,rep_point,100,rule_only,twi,-0.04935528729476246,0.008085783783993161,False
V2,rep_point,100,rule_only,impervious,-0.016811175287431368,-0.014208940067896303,False
V2,rep_point,100,rule_only,hand_neg,-0.07073425056127736,-0.02728867305153293,False
V2,rep_point,100,rule_only,hand_acc_neg,-0.08632337686517555,-0.033531458671228975,False
V2,rep_point,100,rule_only,z_sensitivity,-0.082863846552516,-0.03061070279921163,False
V2,rep_point,100,rule_only,rf_F1_wf,-0.06348447564061732,-0.022758387829033833,False
V2,rep_point,100,rule_only,logit_F1_wf,-0.05483917335882804,-0.01716726598214313,False
V1,rep_point,200,both,slope_neg,-0.48602921064533106,-0.11514917979324013,False
V1,rep_point,200,both,relelev_neg,-0.02658659385314549,0.06150961692270862,True
V1,rep_point,200,both,twi,-0.4549179144959405,-0.1314260586303062,False
V1,rep_point,200,both,impervious,0.007884360784997269,0.04649104152432337,False
V1,rep_point,200,both,hand_neg,-0.48604053865047775,-0.15225254605719196,False
V1,rep_point,200,both,hand_acc_neg,-0.4848484151615086,-0.14825288334079434,False
V1,rep_point,200,both,z_sensitivity,-0.2991048182339064,-0.11135318925206117,False
V1,rep_point,200,both,rf_F1_wf,-0.4075544816095638,-0.14051923074538453,False
V1,rep_point,200,both,logit_F1_wf,-0.41059158473372864,-0.13495870135893062,False
V2,rep_point,200,both,slope_neg,-0.08062375096546393,0.021776995270607058,True
V2,rep_point,200,both,relelev_neg,0.24240681919101803,0.19501842115928614,False
V2,rep_point,200,both,twi,-0.04935528729476246,0.000296410639787803,False
V2,rep_point,200,both,impervious,-0.016811175287431368,-0.043878621513284255,False
V2,rep_point,200,both,hand_neg,-0.07073425056127736,-0.03267011844144696,False
V2,rep_point,200,both,hand_acc_neg,-0.08632337686517555,-0.030773582975466618,False
V2,rep_point,200,both,z_sensitivity,-0.082863846552516,-0.03315125887430359,False
V2,rep_point,200,both,rf_F1_wf,-0.06348447564061732,-0.03624665743724542,False
V2,rep_point,200,both,logit_F1_wf,-0.05483917335882804,-0.02007132262908018,False
V1,rep_point,500,both,slope_neg,-0.48602921064533106,-0.14271023331813348,False
V1,rep_point,500,both,relelev_neg,-0.02658659385314549,0.038030570755434034,True
V1,rep_point,500,both,twi,-0.4549179144959405,-0.16405300007599932,False
V1,rep_point,500,both,impervious,0.007884360784997269,-0.02937020253837952,False
V1,rep_point,500,both,hand_neg,-0.48604053865047775,-0.1602910301717585,False
V1,rep_point,500,both,hand_acc_neg,-0.4848484151615086,-0.1561455008359931,False
V1,rep_point,500,both,z_sensitivity,-0.2991048182339064,-0.13735465116279066,False
V1,rep_point,500,both,rf_F1_wf,-0.4075544816095638,-0.1626101991184069,False
V1,rep_point,500,both,logit_F1_wf,-0.41059158473372864,-0.16190245478036158,False
V2,rep_point,500,both,slope_neg,-0.08062375096546393,-0.020300329690990715,False
V2,rep_point,500,both,relelev_neg,0.24240681919101803,0.12379349167357256,False
V2,rep_point,500,both,twi,-0.04935528729476246,-0.036149717073012066,False
V2,rep_point,500,both,impervious,-0.016811175287431368,-0.08478945836295004,False
V2,rep_point,500,both,hand_neg,-0.07073425056127736,-0.017900630503295933,False
V2,rep_point,500,both,hand_acc_neg,-0.08632337686517555,-0.020949680340341392,False
V2,rep_point,500,both,z_sensitivity,-0.082863846552516,-0.061554563692441944,False
V2,rep_point,500,both,rf_F1_wf,-0.06348447564061732,-0.0945862268858173,False
V2,rep_point,500,both,logit_F1_wf,-0.05483917335882804,-0.09069584326832247,False
V1,rep_point,1000,both,slope_neg,-0.48602921064533106,-0.12097809067470378,False
V1,rep_point,1000,both,relelev_neg,-0.02658659385314549,0.036437056309673754,True
V1,rep_point,1000,both,twi,-0.4549179144959405,-0.13984412709998695,False
V1,rep_point,1000,both,impervious,0.007884360784997269,-0.09238765731507748,False
V1,rep_point,1000,both,hand_neg,-0.48604053865047775,-0.13224473458047337,False
V1,rep_point,1000,both,hand_acc_neg,-0.4848484151615086,-0.12616992971592045,False
V1,rep_point,1000,both,z_sensitivity,-0.2991048182339064,-0.14211040604655,False
V1,rep_point,1000,both,rf_F1_wf,-0.4075544816095638,-0.14992759680248657,False
V1,rep_point,1000,both,logit_F1_wf,-0.41059158473372864,-0.15063396946115526,False
V2,rep_point,1000,both,slope_neg,-0.08062375096546393,0.009622535089779838,False
V2,rep_point,1000,both,relelev_neg,0.24240681919101803,0.10944868900559546,False
V2,rep_point,1000,both,twi,-0.04935528729476246,-0.0135994796143587,False
V2,rep_point,1000,both,impervious,-0.016811175287431368,-0.046273919236444305,False
V2,rep_point,1000,both,hand_neg,-0.07073425056127736,-0.004036428619267118,False
V2,rep_point,1000,both,hand_acc_neg,-0.08632337686517555,-0.0006670544881459683,False
V2,rep_point,1000,both,z_sensitivity,-0.082863846552516,-0.046700255577107,False
V2,rep_point,1000,both,rf_F1_wf,-0.06348447564061732,-0.06248734065546202,False
V2,rep_point,1000,both,logit_F1_wf,-0.05483917335882804,-0.05484343779007017,False
V1,soft,100,rule_only,slope_neg,-0.48602921064533106,-0.5322885643177233,False
V1,soft,100,rule_only,relelev_neg,-0.02658659385314549,-0.042815079027668734,False
V1,soft,100,rule_only,twi,-0.4549179144959405,-0.49780496004503194,False
V1,soft,100,rule_only,impervious,0.007884360784997269,-0.00014049342229632833,False
V1,soft,100,rule_only,hand_neg,-0.48604053865047775,-0.5249931057692554,False
V1,soft,100,rule_only,hand_acc_neg,-0.4848484151615086,-0.5263791795927926,False
V1,soft,100,rule_only,z_sensitivity,-0.2991048182339064,-0.32276824905516854,False
V1,soft,100,rule_only,rf_F1_wf,-0.4075544816095638,-0.4418955943065098,False
V1,soft,100,rule_only,logit_F1_wf,-0.41059158473372864,-0.44421305753589124,False
V2,soft,100,rule_only,slope_neg,-0.08062375096546393,-0.09637771512289472,False
V2,soft,100,rule_only,relelev_neg,0.24240681919101803,0.24919374390371507,False
V2,soft,100,rule_only,twi,-0.04935528729476246,-0.05213115273960223,False
V2,soft,100,rule_only,impervious,-0.016811175287431368,-0.08807534759200952,False
V2,soft,100,rule_only,hand_neg,-0.07073425056127736,-0.06931867373537604,False
V2,soft,100,rule_only,hand_acc_neg,-0.08632337686517555,-0.08664576818478564,False
V2,soft,100,rule_only,z_sensitivity,-0.082863846552516,-0.04504305613342663,False
V2,soft,100,rule_only,rf_F1_wf,-0.06348447564061732,-0.05228833826830637,False
V2,soft,100,rule_only,logit_F1_wf,-0.05483917335882804,-0.0527870237771354,False
V1,soft,200,both,slope_neg,-0.48602921064533106,-0.5405748987566086,False
V1,soft,200,both,relelev_neg,-0.02658659385314549,-0.05486715619368432,False
V1,soft,200,both,twi,-0.4549179144959405,-0.5268688852170598,False
V1,soft,200,both,impervious,0.007884360784997269,-0.010689598111391918,False
V1,soft,200,both,hand_neg,-0.48604053865047775,-0.5566351916366925,False
V1,soft,200,both,hand_acc_neg,-0.4848484151615086,-0.5519748286268384,False
V1,soft,200,both,z_sensitivity,-0.2991048182339064,-0.3354301230641095,False
V1,soft,200,both,rf_F1_wf,-0.4075544816095638,-0.4414413846868525,False
V1,soft,200,both,logit_F1_wf,-0.41059158473372864,-0.4489111382583319,False
V2,soft,200,both,slope_neg,-0.08062375096546393,-0.08575920389007019,False
V2,soft,200,both,relelev_neg,0.24240681919101803,0.24467814979177782,False
V2,soft,200,both,twi,-0.04935528729476246,-0.06561577385376949,False
V2,soft,200,both,impervious,-0.016811175287431368,-0.08573052769332923,False
V2,soft,200,both,hand_neg,-0.07073425056127736,-0.08713734288831065,False
V2,soft,200,both,hand_acc_neg,-0.08632337686517555,-0.09109858399447857,False
V2,soft,200,both,z_sensitivity,-0.082863846552516,-0.0438318032747359,False
V2,soft,200,both,rf_F1_wf,-0.06348447564061732,-0.07546598705692165,False
V2,soft,200,both,logit_F1_wf,-0.05483917335882804,-0.05067854022668061,False
V1,soft,500,both,slope_neg,-0.48602921064533106,-0.5470006452475953,False
V1,soft,500,both,relelev_neg,-0.02658659385314549,-0.09027836538678685,False
V1,soft,500,both,twi,-0.4549179144959405,-0.5529820877658225,False
V1,soft,500,both,impervious,0.007884360784997269,-0.07078722209937632,False
V1,soft,500,both,hand_neg,-0.48604053865047775,-0.5620714101112609,False
V1,soft,500,both,hand_acc_neg,-0.4848484151615086,-0.557074786987238,False
V1,soft,500,both,z_sensitivity,-0.2991048182339064,-0.36186043190046857,False
V1,soft,500,both,rf_F1_wf,-0.4075544816095638,-0.4438166671809547,False
V1,soft,500,both,logit_F1_wf,-0.41059158473372864,-0.4560734707754702,False
V2,soft,500,both,slope_neg,-0.08062375096546393,-0.049819728215749315,False
V2,soft,500,both,relelev_neg,0.24240681919101803,0.1926637215769228,False
V2,soft,500,both,twi,-0.04935528729476246,-0.056979317904914395,False
V2,soft,500,both,impervious,-0.016811175287431368,-0.0913079277112594,False
V2,soft,500,both,hand_neg,-0.07073425056127736,-0.06742224983616063,False
V2,soft,500,both,hand_acc_neg,-0.08632337686517555,-0.07355991145294738,False
V2,soft,500,both,z_sensitivity,-0.082863846552516,-0.043821663308772685,False
V2,soft,500,both,rf_F1_wf,-0.06348447564061732,-0.06033636325845859,False
V2,soft,500,both,logit_F1_wf,-0.05483917335882804,-0.05534749089178592,False
V1,soft,1000,both,slope_neg,-0.48602921064533106,-0.5442453363255167,False
V1,soft,1000,both,relelev_neg,-0.02658659385314549,-0.14744716751042797,False
V1,soft,1000,both,twi,-0.4549179144959405,-0.5564203498884545,False
V1,soft,1000,both,impervious,0.007884360784997269,-0.14788572798300548,False
V1,soft,1000,both,hand_neg,-0.48604053865047775,-0.5581980339876098,False
V1,soft,1000,both,hand_acc_neg,-0.4848484151615086,-0.5508503218907944,False
V1,soft,1000,both,z_sensitivity,-0.2991048182339064,-0.3960864568775815,False
V1,soft,1000,both,rf_F1_wf,-0.4075544816095638,-0.45377321087206723,False
V1,soft,1000,both,logit_F1_wf,-0.41059158473372864,-0.46224505207101163,False
V2,soft,1000,both,slope_neg,-0.08062375096546393,-0.018259760519545143,False
V2,soft,1000,both,relelev_neg,0.24240681919101803,0.10489439816847979,False
V2,soft,1000,both,twi,-0.04935528729476246,-0.05225632493546106,False
V2,soft,1000,both,impervious,-0.016811175287431368,-0.10422822249417052,False
V2,soft,1000,both,hand_neg,-0.07073425056127736,-0.013495629566424139,False
V2,soft,1000,both,hand_acc_neg,-0.08632337686517555,-0.023532559545260012,False
V2,soft,1000,both,z_sensitivity,-0.082863846552516,-0.04025375676780385,False
V2,soft,1000,both,rf_F1_wf,-0.06348447564061732,-0.052066519808879774,False
V2,soft,1000,both,logit_F1_wf,-0.05483917335882804,-0.043293305949627325,False
