score,unit,stratum,storm,metric,value,ci_lo,ci_hi,n_units,test_event,role,year,n_polygons,run_id
L1,cell_gate,ALL,ALL,observed-label_auc,0.38693237174000983,0.3647,0.428,107,2006,development,2006,19,walkforward_20260926T135215Z_3d14fc1
L1,cluster_gate,ALL,ALL,observed-label_auc,0.3952,0.3647,0.428,3,2006,development,2006,19,walkforward_20260926T135215Z_3d14fc1
L1,cell_gate,ALL,ALL,capture_0.2,0.0,,,107,2006,development,2006,19,walkforward_20260926T135215Z_3d14fc1
L1,object,ALL,ALL,capture_0.2,0.0,,,19,2006,development,2006,19,walkforward_20260926T135215Z_3d14fc1
z_sensitivity,cell_gate,ALL,ALL,observed-label_auc,0.7544419303478709,0.6972,0.7887,107,2006,development,2006,19,walkforward_20260926T135215Z_3d14fc1
z_sensitivity,cluster_gate,ALL,ALL,observed-label_auc,0.7429,0.6972,0.7887,3,2006,development,2006,19,walkforward_20260926T135215Z_3d14fc1
z_sensitivity,cell_gate,ALL,ALL,capture_0.2,0.3178,,,107,2006,development,2006,19,walkforward_20260926T135215Z_3d14fc1
z_sensitivity,object,ALL,ALL,capture_0.2,0.2381150850002445,,,19,2006,development,2006,19,walkforward_20260926T135215Z_3d14fc1
city_flood_map,cell_gate,ALL,ALL,observed-label_auc,0.43802212689094605,0.438,0.438,107,2006,development,2006,19,walkforward_20260926T135215Z_3d14fc1
city_flood_map,cluster_gate,ALL,ALL,observed-label_auc,0.438,0.438,0.438,3,2006,development,2006,19,walkforward_20260926T135215Z_3d14fc1
city_flood_map,cell_gate,ALL,ALL,capture_0.2,0.0,,,107,2006,development,2006,19,walkforward_20260926T135215Z_3d14fc1
city_flood_map,object,ALL,ALL,capture_0.2,0.0,,,19,2006,development,2006,19,walkforward_20260926T135215Z_3d14fc1
L1,object,ALL,ALL,observed-label_auc,0.369319488208016,0.3309815304664778,0.4068226318512331,19,2006,development,2006,19,walkforward_20260926T135215Z_3d14fc1
z_sensitivity,object,ALL,ALL,observed-label_auc,0.7339420037034096,0.6965492932521357,0.7678549523942265,19,2006,development,2006,19,walkforward_20260926T135215Z_3d14fc1
city_flood_map,object,ALL,ALL,observed-label_auc,0.43954326758323864,0.43954326758323853,0.43954326758323864,19,2006,development,2006,19,walkforward_20260926T135215Z_3d14fc1
L1,cell_gate,ALL,ALL,observed-label_auc,0.7910914447573926,0.6387,0.9438,206,2012,development,2012,31,walkforward_20260926T135215Z_3d14fc1
L1,cluster_gate,ALL,ALL,observed-label_auc,0.8179,0.7562,0.8758,14,2012,development,2012,31,walkforward_20260926T135215Z_3d14fc1
L1,cell_gate,ALL,ALL,capture_0.2,0.5583,,,206,2012,development,2012,31,walkforward_20260926T135215Z_3d14fc1
L1,object,ALL,ALL,capture_0.2,0.583914460597245,,,30,2012,development,2012,31,walkforward_20260926T135215Z_3d14fc1
z_sensitivity,cell_gate,ALL,ALL,observed-label_auc,0.8739552913099088,0.7895,0.953,206,2012,development,2012,31,walkforward_20260926T135215Z_3d14fc1
z_sensitivity,cluster_gate,ALL,ALL,observed-label_auc,0.7932,0.6955,0.8788,14,2012,development,2012,31,walkforward_20260926T135215Z_3d14fc1
z_sensitivity,cell_gate,ALL,ALL,capture_0.2,0.7476,,,206,2012,development,2012,31,walkforward_20260926T135215Z_3d14fc1
z_sensitivity,object,ALL,ALL,capture_0.2,0.5276901047574326,,,30,2012,development,2012,31,walkforward_20260926T135215Z_3d14fc1
city_flood_map,cell_gate,ALL,ALL,observed-label_auc,0.7327572226765666,0.566,0.9072,206,2012,development,2012,31,walkforward_20260926T135215Z_3d14fc1
city_flood_map,cluster_gate,ALL,ALL,observed-label_auc,0.6598,0.5495,0.7735,14,2012,development,2012,31,walkforward_20260926T135215Z_3d14fc1
city_flood_map,cell_gate,ALL,ALL,capture_0.2,0.5922,,,206,2012,development,2012,31,walkforward_20260926T135215Z_3d14fc1
city_flood_map,object,ALL,ALL,capture_0.2,0.4039652620515271,,,30,2012,development,2012,31,walkforward_20260926T135215Z_3d14fc1
rf_walkforward,cell_gate,ALL,ALL,observed-label_auc,0.7802727624157164,0.6516,0.8201,206,2012,development,2012,31,walkforward_20260926T135215Z_3d14fc1
rf_walkforward,cluster_gate,ALL,ALL,observed-label_auc,0.6855,0.6108,0.7615,14,2012,development,2012,31,walkforward_20260926T135215Z_3d14fc1
rf_walkforward,cell_gate,ALL,ALL,capture_0.2,0.6068,,,206,2012,development,2012,31,walkforward_20260926T135215Z_3d14fc1
rf_walkforward,object,ALL,ALL,capture_0.2,0.3539044767420271,,,30,2012,development,2012,31,walkforward_20260926T135215Z_3d14fc1
L1,object,ALL,ALL,observed-label_auc,0.803161166087212,0.75512221408188,0.8480790189056471,30,2012,development,2012,31,walkforward_20260926T135215Z_3d14fc1
z_sensitivity,object,ALL,ALL,observed-label_auc,0.8078426543829131,0.7489569250134269,0.8586767804372076,30,2012,development,2012,31,walkforward_20260926T135215Z_3d14fc1
city_flood_map,object,ALL,ALL,observed-label_auc,0.6426093838432789,0.5511700564560064,0.7212428156318583,30,2012,development,2012,31,walkforward_20260926T135215Z_3d14fc1
rf_walkforward,object,ALL,ALL,observed-label_auc,0.697930200561218,0.6369362334778746,0.7535203145185495,30,2012,development,2012,31,walkforward_20260926T135215Z_3d14fc1
L1,cell_gate,ALL,ALL,observed-label_auc,0.7842200436098241,0.7173,0.8854,132,2014,development,2014,47,walkforward_20260926T135215Z_3d14fc1
L1,cluster_gate,ALL,ALL,observed-label_auc,0.8225,0.7128,0.9141,13,2014,development,2014,47,walkforward_20260926T135215Z_3d14fc1
L1,cell_gate,ALL,ALL,capture_0.2,0.4924,,,132,2014,development,2014,47,walkforward_20260926T135215Z_3d14fc1
L1,object,ALL,ALL,capture_0.2,0.6179481100951334,,,47,2014,development,2014,47,walkforward_20260926T135215Z_3d14fc1
z_sensitivity,cell_gate,ALL,ALL,observed-label_auc,0.8378485122254055,0.8062,0.8932,132,2014,development,2014,47,walkforward_20260926T135215Z_3d14fc1
z_sensitivity,cluster_gate,ALL,ALL,observed-label_auc,0.8572,0.7981,0.9181,13,2014,development,2014,47,walkforward_20260926T135215Z_3d14fc1
z_sensitivity,cell_gate,ALL,ALL,capture_0.2,0.6894,,,132,2014,development,2014,47,walkforward_20260926T135215Z_3d14fc1
z_sensitivity,object,ALL,ALL,capture_0.2,0.6408986752154908,,,47,2014,development,2014,47,walkforward_20260926T135215Z_3d14fc1
city_flood_map,cell_gate,ALL,ALL,observed-label_auc,0.5789676706749699,0.4811,0.748,132,2014,development,2014,47,walkforward_20260926T135215Z_3d14fc1
city_flood_map,cluster_gate,ALL,ALL,observed-label_auc,0.631,0.514,0.768,13,2014,development,2014,47,walkforward_20260926T135215Z_3d14fc1
city_flood_map,cell_gate,ALL,ALL,capture_0.2,0.2727,,,132,2014,development,2014,47,walkforward_20260926T135215Z_3d14fc1
city_flood_map,object,ALL,ALL,capture_0.2,0.37605378135456563,,,47,2014,development,2014,47,walkforward_20260926T135215Z_3d14fc1
rf_walkforward,cell_gate,ALL,ALL,observed-label_auc,0.8522077070862744,0.778,0.8831,132,2014,development,2014,47,walkforward_20260926T135215Z_3d14fc1
rf_walkforward,cluster_gate,ALL,ALL,observed-label_auc,0.817,0.7714,0.8673,13,2014,development,2014,47,walkforward_20260926T135215Z_3d14fc1
rf_walkforward,cell_gate,ALL,ALL,capture_0.2,0.6742,,,132,2014,development,2014,47,walkforward_20260926T135215Z_3d14fc1
rf_walkforward,object,ALL,ALL,capture_0.2,0.5161249078528557,,,47,2014,development,2014,47,walkforward_20260926T135215Z_3d14fc1
L1,object,ALL,ALL,observed-label_auc,0.7872517586970172,0.7276980893334015,0.8425317207539614,47,2014,development,2014,47,walkforward_20260926T135215Z_3d14fc1
z_sensitivity,object,ALL,ALL,observed-label_auc,0.8421796304418592,0.8104509662197552,0.8736944259268739,47,2014,development,2014,47,walkforward_20260926T135215Z_3d14fc1
city_flood_map,object,ALL,ALL,observed-label_auc,0.6327244172284664,0.5661283902824854,0.7026226255958303,47,2014,development,2014,47,walkforward_20260926T135215Z_3d14fc1
rf_walkforward,object,ALL,ALL,observed-label_auc,0.8293385571693932,0.7972314851879627,0.8602143424195294,47,2014,development,2014,47,walkforward_20260926T135215Z_3d14fc1
L1,cell_gate,ALL,ALL,observed-label_auc,0.9196080255842867,0.8634,0.957,170,2016,development,2016,21,walkforward_20260926T135215Z_3d14fc1
L1,cluster_gate,ALL,ALL,observed-label_auc,0.9243,0.8725,0.9687,6,2016,development,2016,21,walkforward_20260926T135215Z_3d14fc1
L1,cell_gate,ALL,ALL,capture_0.2,0.9353,,,170,2016,development,2016,21,walkforward_20260926T135215Z_3d14fc1
L1,object,ALL,ALL,capture_0.2,0.8935959886872256,,,21,2016,development,2016,21,walkforward_20260926T135215Z_3d14fc1
z_sensitivity,cell_gate,ALL,ALL,observed-label_auc,0.9540419576045226,0.9304,0.9685,170,2016,development,2016,21,walkforward_20260926T135215Z_3d14fc1
z_sensitivity,cluster_gate,ALL,ALL,observed-label_auc,0.9542,0.9311,0.9763,6,2016,development,2016,21,walkforward_20260926T135215Z_3d14fc1
z_sensitivity,cell_gate,ALL,ALL,capture_0.2,0.9824,,,170,2016,development,2016,21,walkforward_20260926T135215Z_3d14fc1
z_sensitivity,object,ALL,ALL,capture_0.2,0.9807899242903245,,,21,2016,development,2016,21,walkforward_20260926T135215Z_3d14fc1
city_flood_map,cell_gate,ALL,ALL,observed-label_auc,0.9566137961232613,0.899,0.9817,170,2016,development,2016,21,walkforward_20260926T135215Z_3d14fc1
city_flood_map,cluster_gate,ALL,ALL,observed-label_auc,0.9575,0.9067,0.9874,6,2016,development,2016,21,walkforward_20260926T135215Z_3d14fc1
city_flood_map,cell_gate,ALL,ALL,capture_0.2,0.9706,,,170,2016,development,2016,21,walkforward_20260926T135215Z_3d14fc1
city_flood_map,object,ALL,ALL,capture_0.2,0.9310661531027064,,,21,2016,development,2016,21,walkforward_20260926T135215Z_3d14fc1
rf_walkforward,cell_gate,ALL,ALL,observed-label_auc,0.9009228561822177,0.8667,0.9155,170,2016,development,2016,21,walkforward_20260926T135215Z_3d14fc1
rf_walkforward,cluster_gate,ALL,ALL,observed-label_auc,0.9049,0.8593,0.9457,6,2016,development,2016,21,walkforward_20260926T135215Z_3d14fc1
rf_walkforward,cell_gate,ALL,ALL,capture_0.2,0.8588,,,170,2016,development,2016,21,walkforward_20260926T135215Z_3d14fc1
rf_walkforward,object,ALL,ALL,capture_0.2,0.8216960086919121,,,21,2016,development,2016,21,walkforward_20260926T135215Z_3d14fc1
L1,object,ALL,ALL,observed-label_auc,0.910918916461999,0.8656112421977461,0.9481020113297132,21,2016,development,2016,21,walkforward_20260926T135215Z_3d14fc1
z_sensitivity,object,ALL,ALL,observed-label_auc,0.9545869503642535,0.9353268684573415,0.9715666672001927,21,2016,development,2016,21,walkforward_20260926T135215Z_3d14fc1
city_flood_map,object,ALL,ALL,observed-label_auc,0.9362371191459641,0.8742000784418076,0.9786901356355013,21,2016,development,2016,21,walkforward_20260926T135215Z_3d14fc1
rf_walkforward,object,ALL,ALL,observed-label_auc,0.907361802580625,0.872050413708203,0.9390096495539905,21,2016,development,2016,21,walkforward_20260926T135215Z_3d14fc1
L1,cell_gate,ALL,ALL,observed-label_auc,0.9608919944331523,0.7978,0.9662,56,2019,development,2019,7,walkforward_20260926T135215Z_3d14fc1
L1,cluster_gate,ALL,ALL,observed-label_auc,0.9067,0.7978,0.9662,3,2019,development,2019,7,walkforward_20260926T135215Z_3d14fc1
L1,cell_gate,ALL,ALL,capture_0.2,0.9821,,,56,2019,development,2019,7,walkforward_20260926T135215Z_3d14fc1
L1,object,ALL,ALL,capture_0.2,0.6988923900256243,,,7,2019,development,2019,7,walkforward_20260926T135215Z_3d14fc1
z_sensitivity,cell_gate,ALL,ALL,observed-label_auc,0.9719467660710494,0.8154,0.9771,56,2019,development,2019,7,walkforward_20260926T135215Z_3d14fc1
z_sensitivity,cluster_gate,ALL,ALL,observed-label_auc,0.9222,0.8154,0.9771,3,2019,development,2019,7,walkforward_20260926T135215Z_3d14fc1
z_sensitivity,cell_gate,ALL,ALL,capture_0.2,1.0,,,56,2019,development,2019,7,walkforward_20260926T135215Z_3d14fc1
z_sensitivity,object,ALL,ALL,capture_0.2,1.0,,,7,2019,development,2019,7,walkforward_20260926T135215Z_3d14fc1
city_flood_map,cell_gate,ALL,ALL,observed-label_auc,0.9553264503003367,0.9143,0.957,56,2019,development,2019,7,walkforward_20260926T135215Z_3d14fc1
city_flood_map,cluster_gate,ALL,ALL,observed-label_auc,0.9424,0.9143,0.957,3,2019,development,2019,7,walkforward_20260926T135215Z_3d14fc1
city_flood_map,cell_gate,ALL,ALL,capture_0.2,1.0,,,56,2019,development,2019,7,walkforward_20260926T135215Z_3d14fc1
city_flood_map,object,ALL,ALL,capture_0.2,1.0,,,7,2019,development,2019,7,walkforward_20260926T135215Z_3d14fc1
rf_walkforward,cell_gate,ALL,ALL,observed-label_auc,0.9717274150183539,0.7886,0.9761,56,2019,development,2019,7,walkforward_20260926T135215Z_3d14fc1
rf_walkforward,cluster_gate,ALL,ALL,observed-label_auc,0.9121,0.7886,0.9761,3,2019,development,2019,7,walkforward_20260926T135215Z_3d14fc1
rf_walkforward,cell_gate,ALL,ALL,capture_0.2,0.9821,,,56,2019,development,2019,7,walkforward_20260926T135215Z_3d14fc1
rf_walkforward,object,ALL,ALL,capture_0.2,0.6988923900256243,,,7,2019,development,2019,7,walkforward_20260926T135215Z_3d14fc1
L1,object,ALL,ALL,observed-label_auc,0.9075982682132838,0.8528448999256634,0.9630926809654143,7,2019,development,2019,7,walkforward_20260926T135215Z_3d14fc1
z_sensitivity,object,ALL,ALL,observed-label_auc,0.923337503988858,0.8719736694427297,0.9759789866739136,7,2019,development,2019,7,walkforward_20260926T135215Z_3d14fc1
city_flood_map,object,ALL,ALL,observed-label_auc,0.9457516139722871,0.9310950843102024,0.9592789525505965,7,2019,development,2019,7,walkforward_20260926T135215Z_3d14fc1
rf_walkforward,object,ALL,ALL,observed-label_auc,0.9132502124893644,0.8581910502736322,0.9777496420962298,7,2019,development,2019,7,walkforward_20260926T135215Z_3d14fc1
L1,cell_gate,ALL,ALL,observed-label_auc,0.3648270646766169,0.3156,0.436,25,2025,development,2025,18,walkforward_20260926T135215Z_3d14fc1
L1,cluster_gate,ALL,ALL,observed-label_auc,0.3806,0.3219,0.4523,14,2025,development,2025,18,walkforward_20260926T135215Z_3d14fc1
L1,cell_gate,ALL,ALL,capture_0.2,0.0,,,25,2025,development,2025,18,walkforward_20260926T135215Z_3d14fc1
L1,object,ALL,ALL,capture_0.2,0.0,,,18,2025,development,2025,18,walkforward_20260926T135215Z_3d14fc1
z_sensitivity,cell_gate,ALL,ALL,observed-label_auc,0.7237057379767827,0.6962,0.7637,25,2025,development,2025,18,walkforward_20260926T135215Z_3d14fc1
z_sensitivity,cluster_gate,ALL,ALL,observed-label_auc,0.7319,0.701,0.7703,14,2025,development,2025,18,walkforward_20260926T135215Z_3d14fc1
z_sensitivity,cell_gate,ALL,ALL,capture_0.2,0.16,,,25,2025,development,2025,18,walkforward_20260926T135215Z_3d14fc1
z_sensitivity,object,ALL,ALL,capture_0.2,0.13411960206706794,,,18,2025,development,2025,18,walkforward_20260926T135215Z_3d14fc1
city_flood_map,cell_gate,ALL,ALL,observed-label_auc,0.43808955223880597,0.4381,0.4381,25,2025,development,2025,18,walkforward_20260926T135215Z_3d14fc1
city_flood_map,cluster_gate,ALL,ALL,observed-label_auc,0.4381,0.4381,0.4381,14,2025,development,2025,18,walkforward_20260926T135215Z_3d14fc1
city_flood_map,cell_gate,ALL,ALL,capture_0.2,0.0,,,25,2025,development,2025,18,walkforward_20260926T135215Z_3d14fc1
city_flood_map,object,ALL,ALL,capture_0.2,0.0,,,18,2025,development,2025,18,walkforward_20260926T135215Z_3d14fc1
rf_walkforward,cell_gate,ALL,ALL,observed-label_auc,0.85457592039801,0.8347,0.8765,25,2025,development,2025,18,walkforward_20260926T135215Z_3d14fc1
rf_walkforward,cluster_gate,ALL,ALL,observed-label_auc,0.856,0.837,0.8751,14,2025,development,2025,18,walkforward_20260926T135215Z_3d14fc1
rf_walkforward,cell_gate,ALL,ALL,capture_0.2,0.96,,,25,2025,development,2025,18,walkforward_20260926T135215Z_3d14fc1
rf_walkforward,object,ALL,ALL,capture_0.2,0.8977440272827969,,,18,2025,development,2025,18,walkforward_20260926T135215Z_3d14fc1
L1,object,ALL,ALL,observed-label_auc,0.35980076796506233,0.31485125629151123,0.4177835258956562,18,2025,development,2025,18,walkforward_20260926T135215Z_3d14fc1
z_sensitivity,object,ALL,ALL,observed-label_auc,0.72851659305147,0.7040538963901802,0.7590145015606653,18,2025,development,2025,18,walkforward_20260926T135215Z_3d14fc1
city_flood_map,object,ALL,ALL,observed-label_auc,0.43954326758323864,0.4395432675832386,0.43954326758323864,18,2025,development,2025,18,walkforward_20260926T135215Z_3d14fc1
rf_walkforward,object,ALL,ALL,observed-label_auc,0.8559792627169514,0.83559550799416,0.8769394934477406,18,2025,development,2025,18,walkforward_20260926T135215Z_3d14fc1
L1,cell_gate,ALL,ALL,observed-label_auc,,,,0,2022-09-06,holdout,2022,5,walkforward_20260926T135215Z_3d14fc1
L1,cluster_gate,ALL,ALL,observed-label_auc,,,,0,2022-09-06,holdout,2022,5,walkforward_20260926T135215Z_3d14fc1
L1,cell_gate,ALL,ALL,capture_0.2,0.0,,,0,2022-09-06,holdout,2022,5,walkforward_20260926T135215Z_3d14fc1
L1,object,ALL,ALL,capture_0.2,1.0,,,5,2022-09-06,holdout,2022,5,walkforward_20260926T135215Z_3d14fc1
z_sensitivity,cell_gate,ALL,ALL,observed-label_auc,,,,0,2022-09-06,holdout,2022,5,walkforward_20260926T135215Z_3d14fc1
z_sensitivity,cluster_gate,ALL,ALL,observed-label_auc,,,,0,2022-09-06,holdout,2022,5,walkforward_20260926T135215Z_3d14fc1
z_sensitivity,cell_gate,ALL,ALL,capture_0.2,0.0,,,0,2022-09-06,holdout,2022,5,walkforward_20260926T135215Z_3d14fc1
z_sensitivity,object,ALL,ALL,capture_0.2,0.8,,,5,2022-09-06,holdout,2022,5,walkforward_20260926T135215Z_3d14fc1
city_flood_map,cell_gate,ALL,ALL,observed-label_auc,,,,0,2022-09-06,holdout,2022,5,walkforward_20260926T135215Z_3d14fc1
city_flood_map,cluster_gate,ALL,ALL,observed-label_auc,,,,0,2022-09-06,holdout,2022,5,walkforward_20260926T135215Z_3d14fc1
city_flood_map,cell_gate,ALL,ALL,capture_0.2,0.0,,,0,2022-09-06,holdout,2022,5,walkforward_20260926T135215Z_3d14fc1
city_flood_map,object,ALL,ALL,capture_0.2,0.8,,,5,2022-09-06,holdout,2022,5,walkforward_20260926T135215Z_3d14fc1
rf_walkforward,cell_gate,ALL,ALL,observed-label_auc,,,,0,2022-09-06,holdout,2022,5,walkforward_20260926T135215Z_3d14fc1
rf_walkforward,cluster_gate,ALL,ALL,observed-label_auc,,,,0,2022-09-06,holdout,2022,5,walkforward_20260926T135215Z_3d14fc1
rf_walkforward,cell_gate,ALL,ALL,capture_0.2,0.0,,,0,2022-09-06,holdout,2022,5,walkforward_20260926T135215Z_3d14fc1
rf_walkforward,object,ALL,ALL,capture_0.2,0.6000108853563687,,,5,2022-09-06,holdout,2022,5,walkforward_20260926T135215Z_3d14fc1
L1,object,ALL,ALL,observed-label_auc,0.9153128672505149,0.8543528024892739,0.9705899688840759,5,2022-09-06,holdout,2022,5,walkforward_20260926T135215Z_3d14fc1
z_sensitivity,object,ALL,ALL,observed-label_auc,0.8890136346808595,0.7802998052290206,0.9720998451057531,5,2022-09-06,holdout,2022,5,walkforward_20260926T135215Z_3d14fc1
city_flood_map,object,ALL,ALL,observed-label_auc,0.8625868813692689,0.6492399319634871,0.9774909873480185,5,2022-09-06,holdout,2022,5,walkforward_20260926T135215Z_3d14fc1
rf_walkforward,object,ALL,ALL,observed-label_auc,0.8606011672691304,0.7658442689921576,0.9500034268638713,5,2022-09-06,holdout,2022,5,walkforward_20260926T135215Z_3d14fc1
L1,cell_gate,ALL,ALL,observed-label_auc,0.8637141492664031,0.4873,0.9828,18,2023-08-10,holdout,2023,3,walkforward_20260926T135215Z_3d14fc1
L1,cluster_gate,ALL,ALL,observed-label_auc,0.8087,0.4873,0.9828,3,2023-08-10,holdout,2023,3,walkforward_20260926T135215Z_3d14fc1
L1,cell_gate,ALL,ALL,capture_0.2,0.7778,,,18,2023-08-10,holdout,2023,3,walkforward_20260926T135215Z_3d14fc1
L1,object,ALL,ALL,capture_0.2,0.6666666666666666,,,3,2023-08-10,holdout,2023,3,walkforward_20260926T135215Z_3d14fc1
z_sensitivity,cell_gate,ALL,ALL,observed-label_auc,0.8925775089249128,0.7763,0.9285,18,2023-08-10,holdout,2023,3,walkforward_20260926T135215Z_3d14fc1
z_sensitivity,cluster_gate,ALL,ALL,observed-label_auc,0.8757,0.7763,0.9285,3,2023-08-10,holdout,2023,3,walkforward_20260926T135215Z_3d14fc1
z_sensitivity,cell_gate,ALL,ALL,capture_0.2,0.8333,,,18,2023-08-10,holdout,2023,3,walkforward_20260926T135215Z_3d14fc1
z_sensitivity,object,ALL,ALL,capture_0.2,0.7560108689805372,,,3,2023-08-10,holdout,2023,3,walkforward_20260926T135215Z_3d14fc1
city_flood_map,cell_gate,ALL,ALL,observed-label_auc,0.8464019556687568,0.4382,0.9769,18,2023-08-10,holdout,2023,3,walkforward_20260926T135215Z_3d14fc1
city_flood_map,cluster_gate,ALL,ALL,observed-label_auc,0.7892,0.4382,0.9769,3,2023-08-10,holdout,2023,3,walkforward_20260926T135215Z_3d14fc1
city_flood_map,cell_gate,ALL,ALL,capture_0.2,0.7778,,,18,2023-08-10,holdout,2023,3,walkforward_20260926T135215Z_3d14fc1
city_flood_map,object,ALL,ALL,capture_0.2,0.6666666666666666,,,3,2023-08-10,holdout,2023,3,walkforward_20260926T135215Z_3d14fc1
rf_walkforward,cell_gate,ALL,ALL,observed-label_auc,0.8918961644247522,0.8475,0.9413,18,2023-08-10,holdout,2023,3,walkforward_20260926T135215Z_3d14fc1
rf_walkforward,cluster_gate,ALL,ALL,observed-label_auc,0.8985,0.8475,0.9413,3,2023-08-10,holdout,2023,3,walkforward_20260926T135215Z_3d14fc1
rf_walkforward,cell_gate,ALL,ALL,capture_0.2,0.9444,,,18,2023-08-10,holdout,2023,3,walkforward_20260926T135215Z_3d14fc1
rf_walkforward,object,ALL,ALL,capture_0.2,0.8994238642203606,,,3,2023-08-10,holdout,2023,3,walkforward_20260926T135215Z_3d14fc1
L1,object,ALL,ALL,observed-label_auc,0.8025215799183364,0.46931468731822307,0.979838878859376,3,2023-08-10,holdout,2023,3,walkforward_20260926T135215Z_3d14fc1
z_sensitivity,object,ALL,ALL,observed-label_auc,0.8726054419973029,0.7690758451940761,0.9287409601164885,3,2023-08-10,holdout,2023,3,walkforward_20260926T135215Z_3d14fc1
city_flood_map,object,ALL,ALL,observed-label_auc,0.7919005696989235,0.4395432675832385,0.9806020316437939,3,2023-08-10,holdout,2023,3,walkforward_20260926T135215Z_3d14fc1
rf_walkforward,object,ALL,ALL,observed-label_auc,0.8956295902795756,0.8543239761795922,0.9469357979097527,3,2023-08-10,holdout,2023,3,walkforward_20260926T135215Z_3d14fc1
L1,cell_gate,ALL,ALL,observed-label_auc,,,,0,2024-07-24,holdout,2024,5,walkforward_20260926T135215Z_3d14fc1
L1,cluster_gate,ALL,ALL,observed-label_auc,,,,0,2024-07-24,holdout,2024,5,walkforward_20260926T135215Z_3d14fc1
L1,cell_gate,ALL,ALL,capture_0.2,0.0,,,0,2024-07-24,holdout,2024,5,walkforward_20260926T135215Z_3d14fc1
L1,object,ALL,ALL,capture_0.2,0.24189305473202127,,,5,2024-07-24,holdout,2024,5,walkforward_20260926T135215Z_3d14fc1
z_sensitivity,cell_gate,ALL,ALL,observed-label_auc,,,,0,2024-07-24,holdout,2024,5,walkforward_20260926T135215Z_3d14fc1
z_sensitivity,cluster_gate,ALL,ALL,observed-label_auc,,,,0,2024-07-24,holdout,2024,5,walkforward_20260926T135215Z_3d14fc1
z_sensitivity,cell_gate,ALL,ALL,capture_0.2,0.0,,,0,2024-07-24,holdout,2024,5,walkforward_20260926T135215Z_3d14fc1
z_sensitivity,object,ALL,ALL,capture_0.2,0.3642258190372264,,,5,2024-07-24,holdout,2024,5,walkforward_20260926T135215Z_3d14fc1
city_flood_map,cell_gate,ALL,ALL,observed-label_auc,,,,0,2024-07-24,holdout,2024,5,walkforward_20260926T135215Z_3d14fc1
city_flood_map,cluster_gate,ALL,ALL,observed-label_auc,,,,0,2024-07-24,holdout,2024,5,walkforward_20260926T135215Z_3d14fc1
city_flood_map,cell_gate,ALL,ALL,capture_0.2,0.0,,,0,2024-07-24,holdout,2024,5,walkforward_20260926T135215Z_3d14fc1
city_flood_map,object,ALL,ALL,capture_0.2,0.530555700784382,,,5,2024-07-24,holdout,2024,5,walkforward_20260926T135215Z_3d14fc1
rf_walkforward,cell_gate,ALL,ALL,observed-label_auc,,,,0,2024-07-24,holdout,2024,5,walkforward_20260926T135215Z_3d14fc1
rf_walkforward,cluster_gate,ALL,ALL,observed-label_auc,,,,0,2024-07-24,holdout,2024,5,walkforward_20260926T135215Z_3d14fc1
rf_walkforward,cell_gate,ALL,ALL,capture_0.2,0.0,,,0,2024-07-24,holdout,2024,5,walkforward_20260926T135215Z_3d14fc1
rf_walkforward,object,ALL,ALL,capture_0.2,0.4160487794663541,,,5,2024-07-24,holdout,2024,5,walkforward_20260926T135215Z_3d14fc1
L1,object,ALL,ALL,observed-label_auc,0.6187226728236329,0.4573048920962187,0.7937501797208577,5,2024-07-24,holdout,2024,5,walkforward_20260926T135215Z_3d14fc1
z_sensitivity,object,ALL,ALL,observed-label_auc,0.7812857409371732,0.6713222213727799,0.890073832971624,5,2024-07-24,holdout,2024,5,walkforward_20260926T135215Z_3d14fc1
city_flood_map,object,ALL,ALL,observed-label_auc,0.6884152803863154,0.498891234834837,0.8787255864737066,5,2024-07-24,holdout,2024,5,walkforward_20260926T135215Z_3d14fc1
rf_walkforward,object,ALL,ALL,observed-label_auc,0.8001912048337104,0.6885566928903607,0.906897686731055,5,2024-07-24,holdout,2024,5,walkforward_20260926T135215Z_3d14fc1
L1,cell_gate,ALL,ALL,observed-label_auc,0.43155303616456364,0.3811,0.5864,1254,2024-09-20,holdout,2024,183,walkforward_20260926T135215Z_3d14fc1
L1,cluster_gate,ALL,ALL,observed-label_auc,0.5974,0.5362,0.6593,52,2024-09-20,holdout,2024,183,walkforward_20260926T135215Z_3d14fc1
L1,cell_gate,ALL,ALL,capture_0.2,0.067,,,1254,2024-09-20,holdout,2024,183,walkforward_20260926T135215Z_3d14fc1
L1,object,ALL,ALL,capture_0.2,0.4249470478889804,,,183,2024-09-20,holdout,2024,183,walkforward_20260926T135215Z_3d14fc1
z_sensitivity,cell_gate,ALL,ALL,observed-label_auc,0.7331409933012462,0.7169,0.7534,1254,2024-09-20,holdout,2024,183,walkforward_20260926T135215Z_3d14fc1
z_sensitivity,cluster_gate,ALL,ALL,observed-label_auc,0.7579,0.7274,0.7852,52,2024-09-20,holdout,2024,183,walkforward_20260926T135215Z_3d14fc1
z_sensitivity,cell_gate,ALL,ALL,capture_0.2,0.2193,,,1254,2024-09-20,holdout,2024,183,walkforward_20260926T135215Z_3d14fc1
z_sensitivity,object,ALL,ALL,capture_0.2,0.5069109254203319,,,183,2024-09-20,holdout,2024,183,walkforward_20260926T135215Z_3d14fc1
city_flood_map,cell_gate,ALL,ALL,observed-label_auc,0.4464839156729055,0.4398,0.4684,1254,2024-09-20,holdout,2024,183,walkforward_20260926T135215Z_3d14fc1
city_flood_map,cluster_gate,ALL,ALL,observed-label_auc,0.4863,0.4495,0.5309,52,2024-09-20,holdout,2024,183,walkforward_20260926T135215Z_3d14fc1
city_flood_map,cell_gate,ALL,ALL,capture_0.2,0.0191,,,1254,2024-09-20,holdout,2024,183,walkforward_20260926T135215Z_3d14fc1
city_flood_map,object,ALL,ALL,capture_0.2,0.3015496659133205,,,183,2024-09-20,holdout,2024,183,walkforward_20260926T135215Z_3d14fc1
rf_walkforward,cell_gate,ALL,ALL,observed-label_auc,0.8427513224372053,0.8199,0.8515,1254,2024-09-20,holdout,2024,183,walkforward_20260926T135215Z_3d14fc1
rf_walkforward,cluster_gate,ALL,ALL,observed-label_auc,0.8187,0.7917,0.8433,52,2024-09-20,holdout,2024,183,walkforward_20260926T135215Z_3d14fc1
rf_walkforward,cell_gate,ALL,ALL,capture_0.2,0.7616,,,1254,2024-09-20,holdout,2024,183,walkforward_20260926T135215Z_3d14fc1
rf_walkforward,object,ALL,ALL,capture_0.2,0.6193676839051939,,,183,2024-09-20,holdout,2024,183,walkforward_20260926T135215Z_3d14fc1
L1,object,ALL,ALL,observed-label_auc,0.7072260306270862,0.6769982023933624,0.7390493109536415,183,2024-09-20,holdout,2024,183,walkforward_20260926T135215Z_3d14fc1
z_sensitivity,object,ALL,ALL,observed-label_auc,0.8081844941834656,0.791116105597034,0.8259629284877674,183,2024-09-20,holdout,2024,183,walkforward_20260926T135215Z_3d14fc1
city_flood_map,object,ALL,ALL,observed-label_auc,0.5935787294454675,0.5613696349291473,0.6254953043274061,183,2024-09-20,holdout,2024,183,walkforward_20260926T135215Z_3d14fc1
rf_walkforward,object,ALL,ALL,observed-label_auc,0.839442883768565,0.8235601111337821,0.8555444567899644,183,2024-09-20,holdout,2024,183,walkforward_20260926T135215Z_3d14fc1
