시설명,시도명,시군구명,소재지도로명주소,소재지지번주소,위도,경도,전화번호,설치년도,설치목적,데이터기준일자,제공기관코드,제공기관명
행신배수펌프장,경기도,고양시,경기도 고양시 덕양구 서정마을로 12,경기도 고양시 덕양구 행신동 1072,37.61801404,126.8478314,031-8075-3032,2007,침수방지,2026-05-22,3940000,경기도 고양시
도내배수펌프장,경기도,고양시,경기도 고양시 덕양구 중앙로 299-36,경기도 고양시 덕양구 도내동 916,37.60992415,126.8570171,031-8075-3028,1998,침수방지,2026-05-22,3940000,경기도 고양시
현천배수펌프장,경기도,고양시,경기도 고양시 덕양구 해포길 170,경기도 고양시 덕양구 현천동 534-1,37.59846162,126.8493498,031-8075-3031,1998,침수방지,2026-05-22,3940000,경기도 고양시
강매배수펌프장,경기도,고양시,경기도 고양시 덕양구 강매로 103,경기도 고양시 덕양구 강매동 290-2,37.59823255,126.8429052,031-8075-3025,2000,침수방지,2026-05-22,3940000,경기도 고양시
"신평1,2배수펌프장",경기도,고양시,경기도 고양시 덕양구 신평길 107,경기도 고양시 덕양구 신평동 25-2,37.62186369,126.7943554,031-8075-3030,2019,침수방지,2026-05-22,3940000,경기도 고양시
"대화1,2배수펌프장",경기도,고양시,경기도 고양시 일산서구 멱절길 72,경기도 고양시 일산서구 법곳동 740-11,37.65730766,126.7306428,031-8075-3027,2015,침수방지,2026-05-22,3940000,경기도 고양시
송포배수펌프장,경기도,고양시,경기도 고양시 일산서구 이산포길 132,경기도 고양시 일산서구 법곳동 1563,37.66231981,126.7147388,031-8075-3029,2001,침수방지,2026-05-22,3940000,경기도 고양시
구산배수펌프장,경기도,고양시,경기도 고양시 일산서구 이산포길 664,경기도 고양시 일산서구 구산동 672-8,37.69528528,126.6831067,031-8075-3026,1990,침수방지,2026-05-22,3940000,경기도 고양시
청평배수펌프장,경기도,가평군,경기도 가평군 청평면 강변로 17,경기도 가평군 청평면 청평리 619-39번지,37.73476149,127.4144395,,1997,도시침수방지,2026-05-26,4160000,경기도 가평군
가평배수펌프장,경기도,가평군,경기도 가평군 가평읍 가평제방길 97,경기도 가평군 가평읍 대곡리 11번지,37.82396267,127.5178095,,1995,도시침수방지,2026-05-26,4160000,경기도 가평군
길정천 배수펌프장,인천광역시,강화군,인천광역시 강화군 길상면 해안남로 779-34,인천광역시 강화군 길상면 선두리 1210-1,37.60432424,126.4772714,032-930-3697,2009,농경지 침수 예방,2026-05-20,3570000,인천광역시 강화군
석관빗물펌프장,서울특별시,성북구,서울특별시 성북구 한천로66길 203,서울특별시 성북구 석관동 134-2,37.61347394,127.0654917,02-2241-6371,2002,침수방지,2026-06-08,3070000,서울특별시 성북구
장위빗물펌프장,서울특별시,성북구,서울특별시 성북구 한천로 724,서울특별시 성북구 장위동 270-1,37.61881681,127.0558742,02-2241-6376,2004,침수방지,2026-06-08,3070000,서울특별시 성북구
내비산빗물펌프시설,경기도,안양시,안양시 안양시 동안구 경수대로868번길 16,경기도 안양시 동안구 비산동1116번지,37.4009894,126.950136,,2025,침수예방,2026-05-31,3830000,경기도 안양시
세전배수펌프장,전북특별자치도,남원시,전북특별자치도 남원시 송동면 노송로 150-151,전북특별자치도 남원시 송동면 세전리 1401-28,35.31088901,127.3223166,063-620-6388,2003,재해예방,2026-06-24,4701000,전북특별자치도 남원시
용산배수펌프장,전북특별자치도,남원시,,전북특별자치도 남원시 덕과면 용산리 1063-6,35.55037026,127.3442497,063-620-6463,2020,재해예방,2026-06-24,4701000,전북특별자치도 남원시
석수빗물배수펌프시설,경기도,안양시,,경기도 안양시 만안구 석수동 438-2,37.43049793,126.898947,,2018,침수예방,2026-05-31,3830000,경기도 안양시
박달빗물배수펌프장,경기도,안양시,경기도 안양시 만안구 양화로135번길 88,경기도 안양시 만안구 박달동 838-7,37.405076,126.9046523,,2003,침수예방,2026-05-31,3830000,경기도 안양시
연현빗물배수펌프장,경기도,안양시,"경기도 안양시 만안구 연현로 128,(석수동)",경기도 안양시 만안구 석수동 358-2,37.435656,126.9017482,,2000,침수예방,2026-05-31,3830000,경기도 안양시
덕천빗물배수펌프장(전기동),경기도,안양시,경기도 안양시 만안구 안양천서로 190,경기도 안양시 만안구 안양동 250,37.38893225,126.9410053,,2022,침수예방,2026-05-31,3830000,경기도 안양시
덕천빗물배수펌프장,경기도,안양시,경기도 안양시 만안구 안양천서로 190,경기도 안양시 만안구 안양동 250,37.38893225,126.9410053,,2000,침수예방,2026-05-31,3830000,경기도 안양시
비산빗물펌프장,경기도,안양시,안양시 안양시 동안구 경수대로868번길 16,경기도 안양시 동안구 비산동1116번지,37.396132,126.9405601,,2000,침수예방,2026-05-31,3830000,경기도 안양시
충훈2교빗물배수펌프시설,경기도,안양시,,경기도 안양시 만안구 석수동 666-37,37.405140,126.8956970891,,2025,침수예방,2026-05-31,3830000,경기도 안양시
충훈고앞빗물배수펌프시설,경기도,안양시,,경기도 안양시 만안구 석수동 594-1,37.4090059072,126.8929829431,,2025,침수예방,2026-05-31,3830000,경기도 안양시
공릉1빗물펌프장,서울특별시,노원구,,서울특별시 노원구 공릉동 687-8,37.61692018,127.0741241,02-2116-4198,2002,수해방지,2026-04-10,3100000,서울특별시 노원구
신백배수펌프장,충청북도,제천시,충청북도 제천시 단양로 3374,,37.125152,128.225946,,2005,침수방지,2026-03-23,4400000,충청북도 제천시
동대배수펌프장,충청남도,보령시,충청남도 보령시 천변남길 291,충청남도 보령시 동대동 748-3,36.351467,126.602675,041-931-1422,1997,재난 상황 시 빗물 등 배수(排水),2026-04-15,4510000,충청남도 보령시
대천배수펌프장,충청남도,보령시,충청남도 보령시 대천방조제로 6,충청남도 보령시 대천동 288-205,36.345679,126.590231,041-931-1422,1989,재난 상황 시 빗물 등 배수(排水),2026-04-15,4510000,충청남도 보령시
궁촌배수펌프장,충청남도,보령시,충청남도 보령시 대해로 109,충청남도 보령시 궁촌동 133-4,36.340527,126.588929,041-931-1422,2006,재난 상황 시 빗물 등 배수(排水),2026-04-15,4510000,충청남도 보령시
공릉2빗물펌프장,서울특별시,노원구,,서울특별시 노원구 공릉동 406-1,37.62432325,127.0705705,02-2116-4196,2016,수해방지,2026-04-10,3100000,서울특별시 노원구
북고2배수장,충청남도,부여군,충청남도 부여군 장암면 의자로 1082,충청남도 부여군 장암면 정암리 96,36.24840604,126.9150059,,2002,재해대비 원활한 배수,2026-01-07,4570000,충청남도 부여군
북고1배수장,충청남도,부여군,충청남도 부여군 장암면 의자로 870,충청남도 부여군 장암면 북고리 105,36.24519942,126.9353479,,2002,재해대비 원활한 배수,2026-01-07,4570000,충청남도 부여군
홍산배수펌프장,충청남도,부여군,,충청남도 부여군 홍산면 북촌리 181,36.21583308,126.7586993,,2000,도시침수 방지,2026-01-07,4570000,충청남도 부여군
장암석동배수장,충청남도,부여군,충청남도 부여군 장암면 충절로 1937-7,충청남도 부여군 장암면 석동리 719-7,36.2453132,126.8837025,,2006,재해위험지역 침수방지용,2026-01-07,4570000,충청남도 부여군
외리배수장,충청남도,부여군,,충청남도 부여군 규암면 외리 101-1,36.26893488,126.886351,,2012,농경지 배수,2026-01-07,4570000,충청남도 부여군
규암배수장,충청남도,부여군,,충청남도 부여군 규암면 규암리 104-20,36.27364934,126.8880208,,2012,도시 및 취락지 배수,2026-01-07,4570000,충청남도 부여군
왕포배수펌프장,충청남도,부여군,,충청남도 부여군 부여읍 중정리 3-10 외 5필지,36.25699977,126.9393115,,2016,"자연재해방지, 이치수 확대",2026-01-07,4570000,충청남도 부여군
구교배수장,충청남도,부여군,충청남도 부여군 부여읍 백강로 20,충청남도 부여군 부여읍 구교리 306,36.30681586,126.9356105,,1991,도시침수 방지,2026-01-07,4570000,충청남도 부여군
향교지구 펌프장2,전북특별자치도,임실군,,전북특별자치도 임실군 임실읍 이도리 661,35.6127439548,127.2807745558,063-640-2636,2016,재해예방,2025-12-23,4761000,전북특별자치도 임실군
향교지구 펌프장1,전북특별자치도,임실군,전북특별자치도 임실군 임실읍 봉황10길 43,전북특별자치도 임실군 임실읍 이도리 673-3,35.613498,127.2811069,063-640-2636,2016,재해예방,2025-12-23,4761000,전북특별자치도 임실군
반산배수장,충청남도,부여군,,충청남도 부여군 규암면 반산리 219,36.27885089,126.8746697,,1970,재해대비 원활한 배수,2026-01-07,4570000,충청남도 부여군
라복배수장,충청남도,부여군,,충청남도 부여군 규암면 나복리 167-1,36.28175146,126.8670371,,1998,재해대비 원활한 배수,2026-01-07,4570000,충청남도 부여군
금암배수장,충청남도,부여군,충청남도 부여군 규암면 동궁로160번길 46,충청남도 부여군 규암면 금암리 465-6,36.3228229,126.9118679,,2001,재해대비 원활한 배수,2026-01-07,4570000,충청남도 부여군
함양배수장,충청남도,부여군,충청남도 부여군 규암면 함양로 49,충청남도 부여군 규암면 함양리 286-10,36.29984724,126.8710614,,2009,재해대비 원활한 배수,2026-01-07,4570000,충청남도 부여군
신성배수장,충청남도,부여군,,충청남도 청양군 장평면 분향리 979,36.3233625,126.8926981,,2009,재해대비 원활한 배수,2026-01-07,4570000,충청남도 부여군
서원배수장,충청남도,부여군,,충청남도 부여군 부여읍 저석리 76-3,36.33412683,126.9761556,,1979,재해대비 원활한 배수,2026-01-07,4570000,충청남도 부여군
오산 신장 2 배수장,광주광역시,남구,,전라남도 나주시 남평읍 평산리 839,35.0573244721,126.8206523305,,,침수방지,2026-02-09,5815000,전남광주통합특별시 남구
오산 신장 1 배수장,광주광역시,남구,,전라남도 나주시 남평읍 평산리 922,35.0550908182,126.8195142278,,,침수방지,2026-02-09,5815000,전남광주통합특별시 남구
화장 배수펌프장,광주광역시,남구,,광주광역시 남구 화장동 1006-7,35.0717624681,126.7850952177,,,침수방지,2026-02-09,5815000,전남광주통합특별시 남구
양촌 배수펌프장,광주광역시,남구,,전라남도 나주시 금천면 신가리 1215-12,35.0594677717,126.7677241387,,,침수방지,2026-02-09,5815000,전남광주통합특별시 남구
한자,전라남도,해남군,,전라남도 해남군 황산면 한자리 23-36,34.53607284,126.4512131,061-530-5486,2020,침수방지,2026-02-25,5870000,전남광주통합특별시 해남군
후산,전라남도,해남군,,전라남도 해남군 화원면 후산리 953-78,34.71599696,126.2808314,061-530-5486,2017,침수방지,2026-02-25,5870000,전남광주통합특별시 해남군
화봉,전라남도,해남군,,전라남도 해남군 화원면 화봉리 513-10,34.66205574,126.2603409,061-530-5486,2017,침수방지,2026-02-25,5870000,전남광주통합특별시 해남군
산소,전라남도,해남군,전라남도 해남군 황산면 산소길 86-24,전라남도 해남군 황산면 한자리 774,34.54561918,126.4340247,061-530-5486,2023,침수방지,2026-02-25,5870000,전남광주통합특별시 해남군
매월,전라남도,해남군,전라남도 해남군 화원면 조선소길 637,전라남도 해남군 화원면 구림리 570,34.7474728,126.3077261,061-530-5486,2017,침수방지,2026-02-25,5870000,전남광주통합특별시 해남군
선두,전라남도,해남군,,전라남도 해남군 문내면 선두리 371-27,34.58787284,126.3129331,061-530-5469,2019,침수방지,2026-02-25,5870000,전남광주통합특별시 해남군
신월 2,전라남도,해남군,,전라남도 해남군 북일면 방산리 873-6,34.43488779,126.6887337,061-530-5486,2007,침수방지,2026-02-25,5870000,전남광주통합특별시 해남군
신월 1,전라남도,해남군,전라남도 해남군 북일면 갈두길 181-53,전라남도 해남군 북일면 금당리 12-11,34.43405483,126.6875243,061-530-5486,2007,침수방지,2026-02-25,5870000,전남광주통합특별시 해남군
관동,전라남도,해남군,전라남도 해남군 화산면 좌일길 206,전라남도 해남군 화산면 석호리 1253-1,34.46170563,126.4708114,061-530-5486,2021,침수방지,2026-02-25,5870000,전남광주통합특별시 해남군
금호 빗물펌프장,대구광역시,북구,,대구광역시 북구 검단동 1921,35.9175892,128.6111577,,,재난방지시설,2026-02-11,6270000,대구광역시
매호 빗물펌프장,대구광역시,수성구,대구광역시 수성구 고산로 332,,35.859358,128.713402,,,재난방지시설,2026-02-11,6270000,대구광역시
율하 빗물펌프장,대구광역시,동구,대구광역시 동구 금호강변로 278,,35.85992537,128.6928379,,,재난방지시설,2026-02-11,6270000,대구광역시
팔현 빗물펌프장,대구광역시,수성구,대구광역시 수성구 팔현길 88-86,,35.87124742,128.671602,,,재난방지시설,2026-02-11,6270000,대구광역시
신암 빗물펌프장,대구광역시,동구,대구광역시 동구 아양로41길 26,,35.8888365,128.6371314,,,재난방지시설,2026-02-11,6270000,대구광역시
방촌2 빗물펌프장,대구광역시,동구,대구광역시 동구 화랑로 454,,35.87528636,128.6736932,,,재난방지시설,2026-02-11,6270000,대구광역시
방촌1 빗물펌프장,대구광역시,동구,대구광역시 동구 호반길 33,,35.88120214,128.6582968,,,재난방지시설,2026-02-11,6270000,대구광역시
가천 빗물펌프장,대구광역시,수성구,대구광역시 수성구 천을로23길 260,,35.85530953,128.6933035,,,재난방지시설,2026-02-11,6270000,대구광역시
산격 빗물펌프장,대구광역시,북구,대구광역시 북구 연암로 209,,35.90320138,128.5960755,,,재난방지시설,2026-02-11,6270000,대구광역시
침산 빗물펌프장,대구광역시,북구,대구광역시 북구 노원로 57길 31,,35.90272724,128.5891298,,,재난방지시설,2026-02-11,6270000,대구광역시
봉무 빗물펌프장,대구광역시,동구,대구광역시 동구 위남로 93,,35.9291493,128.6322936,,,재난방지시설,2026-02-11,6270000,대구광역시
동촌 빗물펌프장,대구광역시,동구,대구광역시 동구 팔공로 23길 105,,35.90586112,128.6309327,,,재난방지시설,2026-02-11,6270000,대구광역시
조야 빗물펌프장,대구광역시,북구,대구광역시 북구 조야로2길 7,,35.90786756,128.5782036,,,재난방지시설,2026-02-11,6270000,대구광역시
노곡 빗물펌프장,대구광역시,북구,대구광역시 북구 노곡로 12,,35.90553256,128.5636627,,,재난방지시설,2026-02-11,6270000,대구광역시
서재2 빗물펌프장,대구광역시,달성군,대구광역시 달성군 다사읍 서재본길 92-32,,35.87443471,128.4873632,,,재난방지시설,2026-02-11,6270000,대구광역시
서재1 빗물펌프장,대구광역시,달성군,대구광역시 달성군 다사읍 서재로33길 29,,35.87670619,128.4932608,,,재난방지시설,2026-02-11,6270000,대구광역시
3공단 빗물펌프장,대구광역시,서구,대구광역시 서구 염색공단천로 112,,35.88798492,128.5400615,,,재난방지시설,2026-02-11,6270000,대구광역시
팔달 빗물펌프장,대구광역시,북구,대구광역시 북구 사수로 586-106,,35.89044681,128.5316029,,,재난방지시설,2026-02-11,6270000,대구광역시
창리 빗물펌프장,대구광역시,달성군,대구광역시 달성군 구지면 국가산단서로 189,대구광역시 달성군 구지면 창리 1125-6,35.64477862,128.4028758,,,재난방지시설,2026-02-11,6270000,대구광역시
죽곡 빗물펌프장,대구광역시,달성군,대구광역시 달성군 다사읍 대실역남로 116,,35.84915299,128.4685539,,,재난방지시설,2026-02-11,6270000,대구광역시
성서5차 빗물펌프장,대구광역시,달성군,,대구광역시 달성군 다사읍 세천리 1503,35.86570296,128.4740461,,,재난방지시설,2026-02-11,6270000,대구광역시
비산 빗물펌프장,대구광역시,서구,대구광역시 서구 염색공단로 11길 55-7,,35.88306135,128.5548772,,,재난방지시설,2026-02-11,6270000,대구광역시
이현 빗물펌프장,대구광역시,서구,대구광역시 서구 달서천로2,,35.883904,128.5350342,,,재난방지시설,2026-02-11,6270000,대구광역시
월성 빗물펌프장,대구광역시,달서구,대구광역시 달서구 달서대로 243-13,,35.81752447,128.5023713,,,재난방지시설,2026-02-11,6270000,대구광역시
하동 배수펌프장,경기도,여주시,,경기도 여주시 하동 80-9,37.29909094,127.6258964,,1997,내수배제,2026-02-05,5700000,경기도 여주시
정단 배수펌프장,경기도,여주시,,경기도 여주시 가남읍 정단리 8-1,37.26252732,127.5496573,,2019,내수배제,2026-02-05,5700000,경기도 여주시
다대 배수펌프장,경기도,여주시,,경기도 여주시 흥천면 다대리 627-2,37.335509,127.5361387,,2015,내수배제,2026-02-05,5700000,경기도 여주시
하다 배수펌프장,경기도,여주시,,경기도 여주시 흥천면 하다리 57,37.34618454,127.5404582,,2012,내수배제,2026-02-05,5700000,경기도 여주시
이포 배수펌프장,경기도,여주시,,경기도 여주시 금사면 이포리 401,37.39010571,127.5330563,,2010,내수배제,2026-02-05,5700000,경기도 여주시
귀백 배수펌프장,경기도,여주시,,경기도 여주시 흥천면 귀백리 192,37.37380009,127.5402786,,2012,내수배제,2026-02-05,5700000,경기도 여주시
가정 배수펌프장,경기도,여주시,,경기도 여주시 북내면 지내리 618-1,37.3068289,127.6767961,,2011,내수배제,2026-02-05,5700000,경기도 여주시
사곡 배수펌프장,경기도,여주시,,경기도 여주시 점동면 사곡리 416-2,37.19967523,127.6929646,,2003,내수배제,2026-02-05,5700000,경기도 여주시
와룡배수장,경상북도,예천군,,경상북도 예천군 풍양면 낙상리 1346-15,36.5161462259,128.2713174468,,2009,재난대응,2025-12-17,5230000,경상북도 예천군
마전배수장,경상북도,예천군,,경상북도 예천군 지보면 마전리 1247,36.5251285177,128.3709516966,,2020,재난대응,2025-12-17,5230000,경상북도 예천군
무이배수장,경상북도,예천군,,경상북도 문경시 영순면 달지리 1173,36.578641599,128.2940056539,,2012,재난대응,2025-12-17,5230000,경상북도 예천군
향석 배수장,경상북도,예천군,,경상북도 예천군 용궁면 향석리 353-4,36.5881354036,128.300252607,,1999,재난대응,2025-12-17,5230000,경상북도 예천군
서정자 배수장,경상북도,예천군,,경상북도 예천군 예천읍 상동리 73-1,36.6291456277,128.425686707,,2004,재난대응,2025-12-17,5230000,경상북도 예천군
토평지하펌프장,경기도,구리시,,경기도 구리시 토평동 1004,37.5926199605,127.151527,031-550-2813,2011,재해예방,2025-12-17,3980000,경기도 구리시
아천빗물펌프장,경기도,구리시,경기도 구리시 아차산로 122(아천동),경기도 구리시 아천동 184,37.568924,127.121955,031-550-2820,1990,재해예방,2025-12-17,3980000,경기도 구리시
토평빗물펌프장,경기도,구리시,경기도 구리시 벌말로 3(토평동),경기도 구리시 토평동 480-3,37.577264,127.1447676677,031-550-2817,2001,재해예방,2025-12-17,3980000,경기도 구리시
수택3빗물펌프장,경기도,구리시,경기도 구리시 벌말로 154(토평동),경기도 구리시 토평동 990,37.5902603484,127.1497355219,031-550-2813,2000,재해예방,2025-12-17,3980000,경기도 구리시
수택빗물펌프장,경기도,구리시,경기도 구리시 왕숙천로 265(수택동),경기도 구리시 수택동 357-1,37.5992039524,127.1500834233,031-550-2819,1992,재해예방,2025-12-17,3980000,경기도 구리시
인창빗물펌프장,경기도,구리시,경기도 구리시 왕숙천로 331(인창동),경기도 구리시 인창동 253-1,37.604703,127.147307041,031-550-2818,1989,재해예방,2025-12-17,3980000,경기도 구리시
화포 배수펌프장,경상남도,통영시,경상남도 통영시 용남면 화포2길 188,경상남도 통영시 용남면 화삼리 4-10,34.8615429122,128.4481618345,055-650-5964,2024,침수예방,2025-12-20,5330000,경상남도 통영시
동호만 배수펌프장,경상남도,통영시,경상남도 통영시 장좌로 60,경상남도 통영시 동호동 315,34.8415171922,128.4315421463,055-650-5965,2018,침수예방,2025-12-20,5330000,경상남도 통영시
서호만 배수펌프장,경상남도,통영시,경상남도 통영시 통영해안로 242,경상남도 통영시 서호동 316-4,34.8397583412,128.4214327293,055-650-5962,2015,침수예방,2025-12-20,5330000,경상남도 통영시
북신만 우수배제펌프장,경상남도,통영시,경상남도 통영시 평인일주로 1134,경상남도 통영시 무전동 1014,34.8597344344,128.4195866121,055-650-5963,1998,침수예방,2025-12-20,5330000,경상남도 통영시
들막 배수펌프장,경상남도,거제시,경상남도 거제시 사등면 청포2길 64-39,경상남도 거제시 사등면 청곡리 591,34.9016182,128.5014638,055-639-3844,2022,침수방지,2025-12-23,5370000,경상남도 거제시
고현항 배수펌프장,경상남도,거제시,경상남도 거제시 거제대로 4686,경상남도 거제시 고현동 1103,34.89300592,128.6236847,055-639-3844,2018,침수방지,2025-12-23,5370000,경상남도 거제시
지세포 배수펌프장,경상남도,거제시,,경상남도 거제시 일운면 지세포리 694-11,34.82744282,128.7089301,055-639-3844,2014,침수방지,2025-12-23,5370000,경상남도 거제시
수월 배수펌프장,경상남도,거제시,,경상남도 거제시 고현동 1079,34.89604107,128.6380846,055-639-3844,2016,침수방지,2025-12-23,5370000,경상남도 거제시
서정 배수펌프장,경상남도,거제시,,경상남도 거제시 거제면 서정리 790-19,34.85039938,128.5825956,055-639-3844,2014,침수방지,2025-12-23,5370000,경상남도 거제시
신장동 빗물 배수펌프장,경기도,하남시,,경기도 하남시 신장동 492-9,37.5366751196,127.213573,031-790-5639,1993,저지대 및 침수 우려 지역 침수피해 예방,2025-12-23,4040000,경기도 하남시
덕풍동 빗물배수펌프장,경기도,하남시,,경기도 하남시 덕풍동 511-52,37.5340513418,127.2032987072,031-790-5639,2013,저지대 및 침수 우려 지역 침수피해 예방,2025-12-23,4040000,경기도 하남시
남항배수펌프장,부산광역시,영도구,부산광역시 영도구 남항서로 90,부산광역시 영도구 남항동2가 20-1,35.08854722,129.036277,051-419-4678,2020,호우대응,2025-11-16,3280000,부산광역시 영도구
동남권 맨홀펌프장,부산광역시,기장군,,부산광역시 기장군 장안읍 좌천리 516-57,35.3161361,129.2437716,051-709-4685,2025,취락침수 예방,2025-12-12,3400000,부산광역시 기장군
삼성2지하차도배수펌프장,부산광역시,기장군,부산광역시 기장군 일광읍 일광로 77-19,부산광역시 기장군 일광읍 삼성리 56-2,35.2643553,129.2325523,051-709-4685,2020,차량침수 예방,2025-12-12,3400000,부산광역시 기장군
무곡지하차도배수펌프장,부산광역시,기장군,부산광역시 기장군 기장읍 동뫼길 3,부산광역시 기장군 기장읍 청강리 385-26,35.22702574,129.2144815,051-709-4685,2015,차량침수 예방,2025-12-12,3400000,부산광역시 기장군
길천배수펌프장,부산광역시,기장군,,부산광역시 기장군 장안읍 길천리 190-36,35.32712395,129.2819531,051-709-4685,2005,취락침수 예방,2025-12-12,3400000,부산광역시 기장군
장안간이배수펌프장,부산광역시,기장군,부산광역시 기장군 장안읍 해맞이로 2,부산광역시 기장군 장안읍 좌천리 242-28,35.31184138,129.2452973,051-709-4685,2016,취락침수 예방,2025-12-12,3400000,부산광역시 기장군
장안배수펌프장,부산광역시,기장군,부산광역시 기장군 장안읍 해맞이로 2,부산광역시 기장군 장안읍 좌천리 241-2,35.31184138,129.2452973,051-709-4685,2016,취락침수 예방,2025-12-12,3400000,부산광역시 기장군
향양 배수펌프장,경상남도,진주시,,경상남도 진주시 집현면 덕오리 576-7번지,35.25840599,128.1215784,055-749-8003,2019,침수 재난방지,2026-01-07,5310000,경상남도 진주시
상대배수펌프장,경상남도,진주시,,경상남도 진주시 상평동 271-4번지,35.17780981,128.1009588,055-749-8003,2013,침수 재난방지,2026-01-07,5310000,경상남도 진주시
덕천강배수펌프장,경상남도,진주시,경상남도 진주시 수곡면 곤수로 452-43,경상남도 진주시 수곡면 원내리 865-51,35.160159,127.9622119,055-749-8003,2004,침수 재난방지,2026-01-07,5310000,경상남도 진주시
가방배수펌프장,경상남도,진주시,경상남도 진주시 금산면 덕의길 171-132,경상남도 진주시 금산면 가방리 1214,35.23423997,128.1470991,055-749-8003,2009,침수 재난방지,2026-01-07,5310000,경상남도 진주시
삭평배수펌프장,경상남도,진주시,,경상남도 진주시 명석면 관지리 215-1번지,35.2211594,128.0421226,055-749-8003,2008,침수 재난방지,2026-01-07,5310000,경상남도 진주시
월평배수펌프장,경상남도,진주시,경상남도 진주시 집현면 불너머길 16-8,경상남도 진주시 집현면 장흥리 697-1,35.23334826,128.1028813,055-749-8003,2003,침수 재난방지,2026-01-07,5310000,경상남도 진주시
삼곡배수펌프장,경상남도,진주시,,경상남도 진주시 문산읍 삼곡리 1310-6,35.1644769,128.1577145,055-749-8003,2007,침수 재난방지,2026-01-07,5310000,경상남도 진주시
장대배수펌프장,경상남도,진주시,,경상남도 진주시 옥봉남동 804-4번지,35.19037441,128.0916188,055-749-8003,1972,침수 재난방지,2026-01-07,5310000,경상남도 진주시
상평배수펌프장,경상남도,진주시,,경상남도 진주시 초전동 2번지,35.19505645,128.1271273,055-749-8003,1992,침수 재난방지,2026-01-07,5310000,경상남도 진주시
나불천배수펌프장,경상남도,진주시,,경상남도 진주시 인사동 181-7번지,35.18988353,128.0712819,055-749-8003,2024,침수 재난방지,2026-01-07,5310000,경상남도 진주시
안동2빗물펌프장,경상남도,김해시,,경상남도 김해시 안동 692-1,35.2249429126,128.918407,055-330-4866,2025,주거지 등 침수예방,2026-01-29,5350000,경상남도 김해시
내덕빗물펌프장,경상남도,김해시,,경상남도 김해시 내덕동 35-2,35.207459,128.825317,055-330-4866,2024,주거지 등 침수예방,2026-01-29,5350000,경상남도 김해시
등리빗물펌프장,경상남도,김해시,,경상남도 김해시 진영읍 죽곡리 236-8,35.272953,128.763833,055-330-4866,2020,주거지 등 침수예방,2026-01-29,5350000,경상남도 김해시
대동빗물펌프장,경상남도,김해시,,경상남도 김해시 대동면 월촌리 1331-4,35.265925,129.0026071,055-330-4866,2024,주거지 등 침수예방,2026-01-29,5350000,경상남도 김해시
능동교빗물펌프장,경상남도,김해시,,경상남도 김해시 부곡동 1167-1,35.20023685,128.8026088,055-330-4866,2022,주거지 등 침수예방,2026-01-29,5350000,경상남도 김해시
안막빗물펌프장,경상남도,김해시,,부산광역시 강서구 대저1동 670-233,35.23195115,128.9935932,055-330-4866,2021,주거지 등 침수예방,2026-01-29,5350000,경상남도 김해시
화현빗물펌프장,경상남도,김해시,,경상남도 김해시 상동면 감노리 684,35.33681114,128.9388825,055-330-4866,2002,주거지 등 침수예방,2026-01-29,5350000,경상남도 김해시
신곡빗물펌프장,경상남도,김해시,,경상남도 김해시 상동면 감노리 231-30,35.3460077,128.9272765,055-330-4866,2002,주거지 등 침수예방,2026-01-29,5350000,경상남도 김해시
감노빗물펌프장,경상남도,김해시,,경상남도 김해시 상동면 감노리 299-11,35.35081214,128.9215567,055-330-4866,2002,주거지 등 침수예방,2026-01-29,5350000,경상남도 김해시
한림1구빗물펌프장,경상남도,김해시,,경상남도 김해시 한림면 장방리 228-8,35.31825979,128.8032571,055-330-4866,1997,주거지 등 침수예방,2026-01-29,5350000,경상남도 김해시
한림토정빗물펌프장,경상남도,김해시,,경상남도 김해시 한림면 장방리 288-1,35.31508591,128.797969,055-330-4866,1998,주거지 등 침수예방,2026-01-29,5350000,경상남도 김해시
천곡3빗물펌프장,경상남도,김해시,,경상남도 김해시 주촌면 천곡리 917-13,35.23301632,128.8322088,055-330-4866,2012,주거지 등 침수예방,2026-01-29,5350000,경상남도 김해시
천곡2빗물펌프장,경상남도,김해시,,경상남도 김해시 주촌면 천곡리 724-11,35.23482388,128.831412,055-330-4866,2012,주거지 등 침수예방,2026-01-29,5350000,경상남도 김해시
천곡1빗물펌프장,경상남도,김해시,,경상남도 김해시 주촌면 천곡리 56-1,35.23764264,128.8306853,055-330-4866,2012,주거지 등 침수예방,2026-01-29,5350000,경상남도 김해시
사덕빗물펌프장,경상남도,김해시,,경상남도 김해시 주촌면 농소리 644-7,35.21029114,128.8284841,055-330-4866,2012,주거지 등 침수예방,2026-01-29,5350000,경상남도 김해시
농소빗물펌프장,경상남도,김해시,,경상남도 김해시 주촌면 농소리 621-3,35.21623204,128.8309848,055-330-4866,2012,주거지 등 침수예방,2026-01-29,5350000,경상남도 김해시
진영동산빗물펌프장,경상남도,김해시,,경상남도 김해시 진영읍 방동리 366,35.28494329,128.7129693,055-330-4866,2015,주거지 등 침수예방,2026-01-29,5350000,경상남도 김해시
주호빗물펌프장,경상남도,김해시,,경상남도 김해시 진영읍 진영리 1755,35.31539069,128.7345685,055-330-4866,2015,주거지 등 침수예방,2026-01-29,5350000,경상남도 김해시
전하빗물펌프장,경상남도,김해시,,경상남도 김해시 삼정동 559-55,35.21660932,128.9004164,055-330-4866,2018,주거지 등 침수예방,2026-01-29,5350000,경상남도 김해시
선천맨홀빗물펌프장,경상남도,김해시,,경상남도 김해시 풍유동 854,35.22488919,128.8486475,055-330-4866,2018,주거지 등 침수예방,2026-01-29,5350000,경상남도 김해시
모정 배수장,경상남도,김해시,,경상남도 김해시 한림면 금곡리 971-12,35.34977783,128.8078384,055-330-0878,1993,수리시설(양배수) 유지관리,2026-01-29,5350000,경상남도 김해시
고모 배수장,경상남도,김해시,,경상남도 김해시 진례면 담안리 245-1,35.26470968,128.7626559,055-330-0878,2017,수리시설(양배수) 유지관리,2026-01-29,5350000,경상남도 김해시
용성 양배수장,경상남도,김해시,,경상남도 김해시 진영읍 본산리 622-2,35.3208428,128.7433869,055-330-0878,2000,수리시설(양배수) 유지관리,2026-01-29,5350000,경상남도 김해시
본산 양배수장,경상남도,김해시,,경상남도 김해시 한림면 가산리 303-2,35.32915467,128.750760,055-330-0878,1993,수리시설(양배수) 유지관리,2026-01-29,5350000,경상남도 김해시
효동 배수장,경상남도,김해시,,경상남도 김해시 진영읍 설창리 289-5,35.30287521,128.7739442,055-330-0878,1984,수리시설(양배수) 유지관리,2026-01-29,5350000,경상남도 김해시
청천 배수장,경상남도,김해시,,경상남도 김해시 진영읍 의전리 144-9,35.2651767843,128.7592976462,055-330-0878,2003,수리시설(양배수) 유지관리,2026-01-29,5350000,경상남도 김해시
흥동맨홀빗물펌프장,경상남도,김해시,,경상남도 김해시 흥동 544-61,35.22260833,128.8525343,055-330-4866,2012,주거지 등 침수예방,2026-01-29,5350000,경상남도 김해시
봉황대2빗물펌프장,경상남도,김해시,,경상남도 김해시 봉황동 46-10,35.22587549,128.876011,055-330-4866,2021,주거지 등 침수예방,2026-01-29,5350000,경상남도 김해시
봉황대빗물펌프장,경상남도,김해시,,경상남도 김해시 봉황동 469-2,35.22998287,128.8738361,055-330-4866,2012,주거지 등 침수예방,2026-01-29,5350000,경상남도 김해시
봉황빗물펌프장,경상남도,김해시,,경상남도 김해시 봉황동 456-1,35.23413971,128.8729527,055-330-4866,2010,주거지 등 침수예방,2026-01-29,5350000,경상남도 김해시
전하빗물펌프장,경상남도,김해시,,경상남도 김해시 전하동 647-1,35.22078997,128.8673883,055-330-4866,2012,주거지 등 침수예방,2026-01-29,5350000,경상남도 김해시
외동빗물펌프장,경상남도,김해시,,경상남도 김해시 전하동 1226,35.19995145,128.8633447,055-330-4866,2012,주거지 등 침수예방,2026-01-29,5350000,경상남도 김해시
회현빗물펌프장,경상남도,김해시,,경상남도 김해시 강동 452-3,35.2138008,128.8839713,055-330-4866,2010,주거지 등 침수예방,2026-01-29,5350000,경상남도 김해시
삼정2빗물펌프장,경상남도,김해시,,경상남도 김해시 삼정동 456-8,35.22572765,128.898507,055-330-4866,2018,주거지 등 침수예방,2026-01-29,5350000,경상남도 김해시
삼정빗물펌프장,경상남도,김해시,,경상남도 김해시 삼정동 171,35.22753948,128.904547,055-330-4866,2006,주거지 등 침수예방,2026-01-29,5350000,경상남도 김해시
안동빗물펌프장,경상남도,김해시,,경상남도 김해시 불암동 264-1,35.22021029,128.9223295,055-330-4866,2009,주거지 등 침수예방,2026-01-29,5350000,경상남도 김해시
주촌 천곡 맨홀 펌프장,경상남도,김해시,,경상남도 김해시 주촌면 천곡리119-19번지,35.24135702,128.8292839,055-330-4667,2012,도로 침수예방,2026-01-29,5350000,경상남도 김해시
한림 장방배수장,경상남도,김해시,,경상남도 김해시 한림면 장방리1253-60,35.31851539,128.8025665,055-330-4667,2004,도로 침수예방,2026-01-29,5350000,경상남도 김해시
진례 테크노벨리 배수장,경상남도,김해시,,경상남도 김해시 진례면 고모리1304-6,35.2712973,128.7652958,055-330-4667,2018,도로 침수예방,2026-01-29,5350000,경상남도 김해시
장유 무계지하차도,경상남도,김해시,,경상남도 김해시 무계동391-16,35.19975241,128.8116663,055-330-4667,2000,도로 침수예방,2026-01-29,5350000,경상남도 김해시
동김해 지하차도,경상남도,김해시,,경상남도 김해시 삼정동169-1,35.22834919,128.9042881,055-330-4667,2009,도로 침수예방,2026-01-29,5350000,경상남도 김해시
불암동 지하차도,경상남도,김해시,,경상남도 김해시 불암동221-2,35.22015309,128.9271586,055-330-4667,2010,도로 침수예방,2026-01-29,5350000,경상남도 김해시
안하2 배수장,경상남도,김해시,,경상남도 김해시 한림면 안하리 769-6,35.30674415,128.8236404,055-330-0878,2021,수리시설(양배수) 유지관리,2026-01-29,5350000,경상남도 김해시
봉암 배수장,경상남도,김해시,,경상남도 김해시 상동면 대감리 1375,35.31599982,128.9405374,055-330-0878,2021,수리시설(양배수) 유지관리,2026-01-29,5350000,경상남도 김해시
용덕 배수장,경상남도,김해시,,경상남도 김해시 주촌면 천곡리 1230-8,35.22344954,128.8418329,055-330-0878,2006,수리시설(양배수) 유지관리,2026-01-29,5350000,경상남도 김해시
여차 배수장,경상남도,김해시,,경상남도 김해시 상동면 여차리 1560,35.36119096,128.8993475,055-330-0878,2012,수리시설(양배수) 유지관리,2026-01-29,5350000,경상남도 김해시
새들재 배수장,경상남도,김해시,,경상남도 김해시 상동면 매리 1246,35.31988957,128.961357,055-330-0878,2012,수리시설(양배수) 유지관리,2026-01-29,5350000,경상남도 김해시
대감 배수장,경상남도,김해시,,경상남도 김해시 상동면 매리 산86-3,35.31844204,128.9481776,055-330-0878,1976,수리시설(양배수) 유지관리,2026-01-29,5350000,경상남도 김해시
매리 배수장,경상남도,김해시,,경상남도 김해시 상동면 매리 1234,35.3178198,128.9552508,055-330-0878,2012,수리시설(양배수) 유지관리,2026-01-29,5350000,경상남도 김해시
양지 배수장,경상남도,김해시,,경상남도 김해시 생림면 도요리 590-2,35.29971797,128.8767667,055-330-0878,2008,수리시설(양배수) 유지관리,2026-01-29,5350000,경상남도 김해시
소요2배수장,경기도,동두천시,,경기도 동두천시 하봉암동 324-1,37.95794765,127.0611374,,2014,도시침수방지,2025-08-12,3920000,경기도 동두천시
소요1배수장,경기도,동두천시,,경기도 동두천시 동두천동 531-48,37.92286085,127.0517678,,2014,도시침수방지,2025-08-12,3920000,경기도 동두천시
보산2배수장,경기도,동두천시,경기도 동두천시 상패로 210-27,경기도 동두천시 보산동 431-36,37.91665362,127.0558196,,2012,도시침수방지,2025-08-12,3920000,경기도 동두천시
보산1배수장,경기도,동두천시,,경기도 동두천시 보산동 431-58,37.91622913,127.0560373,,2018,도시침수방지,2025-08-12,3920000,경기도 동두천시
중앙3배수장,경기도,동두천시,,경기도 동두천시 생연동 818-49,37.90472555,127.0509721,,2014,도시침수방지,2025-08-12,3920000,경기도 동두천시
중앙2배수장,경기도,동두천시,경기도 동두천시 강변로430번길 7,경기도 동두천시 생연동 826-1,37.90759305,127.0513923,,2013,도시침수방지,2025-08-12,3920000,경기도 동두천시
중앙1배수장,경기도,동두천시,,경기도 동두천시 생연동 580-6,37.91182402,127.0542995,,2012,도시침수방지,2025-08-12,3920000,경기도 동두천시
생연2배수장,경기도,동두천시,경기도 동두천시 삼육사로 890,경기도 동두천시 생연동 795-1,37.90025575,127.0488839,,2014,도시침수방지,2025-08-12,3920000,경기도 동두천시
생연1배수장,경기도,동두천시,경기도 동두천시 강변로 364-13,경기도 동두천시 생연동 807-1,37.90137959,127.0484267,,2014,도시침수방지,2025-08-12,3920000,경기도 동두천시
전민동 청버들 배수펌프장,대전광역시,유성구,,대전광역시 유성구 전민동 108-2,36.40903466,127.413945,042-611-2329,2017,침수방지,2025-07-31,3670000,대전광역시 유성구
단암 배수펌프장,충청북도,충주시,,충청북도 충주시 앙성면 단암리 182-13,37.18820201,127.7466745,,2022,재난대응용,2025-07-31,4390000,충청북도 충주시
만정 배수펌프장,충청북도,충주시,,충청북도 충주시 대소원면 검단리 73-2,36.96485699,127.8762794,,2010,침수방지,2025-07-31,4390000,충청북도 충주시
칠금 간이배수펌프장,충청북도,충주시,,충청북도 충주시 칠금동 459-57,36.9877203,127.8921634,,1992,침수방지,2025-07-31,4390000,충청북도 충주시
목계 배수펌프장,충청북도,충주시,,충청북도 충주시 엄정면 목계리 247,37.07695324,127.8860756,,2002,침수방지,2025-07-31,4390000,충청북도 충주시
창동 배수펌프장,충청북도,충주시,,충청북도 충주시 중앙탑면 창동리 196,36.98586887,127.8860862,,2000,침수방지,2025-07-31,4390000,충청북도 충주시
용두 배수펌프장,충청북도,충주시,,충청북도 충주시 용두동 461-16,36.97162793,127.889175,,1992,침수방지,2025-07-31,4390000,충청북도 충주시
봉방 배수펌프장,충청북도,충주시,,충청북도 충주시 봉방동 546-3,36.98123293,127.8971979,,1992,침수방지,2025-07-31,4390000,충청북도 충주시
토계배수펌프장,충청북도,충주시,,충청북도 충주시 살미면 토계리 447,36.89832601,127.9197934,,2022,재난대응용,2025-07-31,4390000,충청북도 충주시
신림5빗물펌프장,서울특별시,관악구,서울특별시 관악구 관천로 126,,37.48949705,126.919683,02-879-6848,2012,침수방지,2025-08-07,3200000,서울특별시 관악구
신림2빗물펌프장,서울특별시,관악구,서울특별시 관악구 신사로 139,,37.48936355,126.9173005,02-879-6848,2015,침수방지,2025-08-07,3200000,서울특별시 관악구
신림빗물펌프장,서울특별시,관악구,서울특별시 관악구 신사로 46,,37.4847706,126.9082703,02-879-6839,2005,침수방지,2025-08-07,3200000,서울특별시 관악구
문현지하차도 배수펌프장,부산광역시,남구,,부산광역시 남구 문현동 682,35.14145158,129.0671298,051-607-4676,1980,침수예방,2025-08-13,3310000,부산광역시 남구
대남지하차도 배수펌프장,부산광역시,남구,부산광역시 남구 수영로 366번길,,35.138526,129.106292,051-607-4676,1996,침수예방,2025-08-13,3310000,부산광역시 남구
백세교 우수저류지,부산광역시,남구,,부산광역시 남구 용호동 869,35.113884,129.1163929,051-607-4676,2016,침수예방,2025-08-13,3310000,부산광역시 남구
용호중학교우수저류지,부산광역시,남구,부산광역시 남구 동명로 185-17,부산광역시 남구 용호동 512,35.11934251,129.1169769,051-607-4676,2014,침수예방,2025-08-13,3310000,부산광역시 남구
용당 배수펌프장,부산광역시,남구,부산광역시 남구 신선로329번길 92,부산광역시 남구 용당동 218-13,35.112870,129.093275,051-607-4676,2024,침수예방,2025-08-13,3310000,부산광역시 남구
삼성시장 배수펌프장,부산광역시,남구,,부산광역시 남구 용호동 265-1,35.1235699,129.1103526,051-607-4676,2015,침수예방,2025-08-13,3310000,부산광역시 남구
용호 배수펌프장,부산광역시,남구,부산광역시 남구 이기대공원로 7,부산광역시 남구 용호동 36-7,35.124561,129.113486,051-607-4676,2012,침수예방,2025-08-13,3310000,부산광역시 남구
덕곡 상시배수장,경상남도,합천군,,경상남도 합천군 덕곡면 율지리 314-3,35.61661458,128.3488211,,2012,침수방지,2025-07-23,5480000,경상남도 합천군
외촌 간이배수장,경상남도,합천군,,경상남도 합천군 쌍책면 성산리 272,35.57862413,128.2876506,,2010,침수방지,2025-07-23,5480000,경상남도 합천군
대목 간이배수장,경상남도,합천군,,경상남도 합천군 대양면 대목리 433-3,35.52398249,128.1684657,,2004,침수방지,2025-07-23,5480000,경상남도 합천군
광암 배수장,경상남도,합천군,경상남도 합천군 청덕면 앙진길 288-38,,35.51359115,128.368194,,2001,침수방지,2025-07-23,5480000,경상남도 합천군
덕연 배수장,경상남도,합천군,,경상남도 합천군 청덕면 미곡리 314,35.57528868,128.3383559,,2007,침수방지,2025-07-23,5480000,경상남도 합천군
외삼학 배수장,경상남도,합천군,,경상남도 합천군 청덕면 삼학리 48-6,35.5784885,128.3558963,,2007,침수방지,2025-07-23,5480000,경상남도 합천군
대부 배수장,경상남도,합천군,,경상남도 합천군 청덕면 대부리 1293-4,35.54172514,128.3484864,,2001,침수방지,2025-07-23,5480000,경상남도 합천군
적포 배수장,경상남도,합천군,경상남도 합천군 청덕면 동부로 2117-10,,35.55849348,128.3492862,,2001,침수방지,2025-07-23,5480000,경상남도 합천군
북동 배수장,경상남도,합천군,경상남도 합천군 덕곡면 율지포두길 300-11,,35.64147616,128.3522335,,2004,침수방지,2025-07-23,5480000,경상남도 합천군
두사 배수장,경상남도,합천군,,경상남도 합천군 율곡면 두사리 25-3,35.59969954,128.2276504,,2023,침수방지,2025-07-23,5480000,경상남도 합천군
문림 배수장,경상남도,합천군,,경상남도 합천군 율곡면 문림리 380-1,35.56801089,128.1968142,,1989,침수방지,2025-07-23,5480000,경상남도 합천군
초성배수펌프장,경기도,연천군,경기도 연천군 청산면 청창로 52,경기도 연천군 청산면 초성리 291-9,38.00488998,127.0724893,031-839-2453,2011,침수피해 예방,2025-07-11,4140000,경기도 연천군
장남배수펌프장,경기도,연천군,경기도 연천군 장남면 장남로163번길 68,경기도 연천군 장남면 고랑포리 12-4,37.9873174,126.8600398,031-839-2453,2001,침수피해 예방,2025-07-11,4140000,경기도 연천군
연천배수펌프장,경기도,연천군,경기도 연천군 연천읍 연천로 146,경기도 연천군 연천읍 차탄리 193-7,38.08932098,127.0727665,031-839-2453,2013,침수피해 예방,2025-07-11,4140000,경기도 연천군
백의배수펌프장,경기도,연천군,경기도 연천군 청산면 청창로 727,경기도 연천군 청산면 백의리 822-21,38.02382813,127.1367512,031-839-2453,2012,침수피해 예방,2025-07-11,4140000,경기도 연천군
무등배수펌프장,경기도,연천군,경기도 연천군 왕징면 왕산로78번길 34-20,경기도 연천군 왕징면 무등리 1-3,38.05993193,127.0124763,031-839-2453,2007,침수피해 예방,2025-07-11,4140000,경기도 연천군
두일배수펌프장,경기도,연천군,경기도 연천군 백학면 장백로 874,경기도 연천군 백학면 두일리 684-1,38.01412436,126.9095134,031-839-2453,2011,침수피해 예방,2025-07-11,4140000,경기도 연천군
노곡배수펌프장,경기도,연천군,,경기도 연천군 백학면 노곡리 981,38.0018563,126.9021793,031-839-2453,2009,침수피해 예방,2025-07-11,4140000,경기도 연천군
성북교 지하차도 배수펌프장,대구광역시,북구,,대구광역시 북구 침산동 1662-20,35.89110771,128.5946133,,,지하차도 침수방지,2025-07-02,3450000,대구광역시 북구
도청교 지하차도 배수펌프장,대구광역시,북구,,대구광역시 북구 침산동 22-109,35.88773464,128.5991759,,,지하차도 침수방지,2025-07-02,3450000,대구광역시 북구
운산 빗물펌프장,경상북도,안동시,경상북도 안동시 안평일직길 1317,경상북도 안동시 일직면 운산리 58-43,36.4736525,128.6600893,054-840-5764,2008,침수방지,2025-11-01,5070000,경상북도 안동시
태화 빗물펌프장,경상북도,안동시,경상북도 안동시 태화중앙로 18,경상북도 안동시 태화동 570-1,36.5585229,128.7067254,054-840-5764,2006,침수방지,2025-11-01,5070000,경상북도 안동시
당북 빗물펌프장,경상북도,안동시,,경상북도 안동시 당북동 400-5,36.558712,128.7180157,054-840-5764,2012,침수방지,2025-11-01,5070000,경상북도 안동시
운흥 빗물펌프장,경상북도,안동시,경상북도 안동시 축제장1길 11,경상북도 안동시 안흥동 364-12,36.5603415,128.7260109,054-840-5764,2016,침수방지,2025-11-01,5070000,경상북도 안동시
용상 빗물펌프장,경상북도,안동시,,경상북도 안동시 용상동 1517-92,36.5553401,128.749574,054-840-5764,2000,침수방지,2025-11-01,5070000,경상북도 안동시
영춘배수펌프장,충청북도,단양군,충청북도 단양군 영춘면 온달평강로 25,,37.07576258,128.4849472,043-420-2874,2003,영춘면 침수 방지,2025-09-30,4480000,충청북도 단양군
정관평배수장,전라남도,영광군,,전라남도 영광군 백수읍 길용리 2-36,35.32995252,126.4444298,061-350-5283,2024,논경지 침수피해 방지,2025-09-24,5890000,전남광주통합특별시 영광군
월계3배수장,전라남도,영광군,,전라남도 영광군 법성면 신장리 10,35.331927,126.5002928,061-350-5283,2024,논경지 침수피해 방지,2025-09-24,5890000,전남광주통합특별시 영광군
진량2배수장,전라남도,영광군,,전라남도 영광군 법성면 신장리 956-1,35.32915468,126.477231,061-350-5283,2023,논경지 침수피해 방지,2025-09-24,5890000,전남광주통합특별시 영광군
덕흥배수장,전라남도,영광군,,전라남도 영광군 법성면 덕흥리 626-16,35.327711,126.4734055,061-350-5283,2021,논경지 침수피해 방지,2025-09-24,5890000,전남광주통합특별시 영광군
양평배수장,전라남도,영광군,,전라남도 영광군 영광읍 양평리 60,35.31307839,126.512966,061-350-5283,2016,논경지 침수피해 방지,2025-09-24,5890000,전남광주통합특별시 영광군
미동배수장,전라남도,영광군,,전라남도 영광군 염산면 옥실리 1761-15,35.18838277,126.3701871,061-350-5283,2016,논경지 침수피해 방지,2025-09-24,5890000,전남광주통합특별시 영광군
평전배수장,전라남도,영광군,,전라남도 영광군 영광읍 양평리 9-1,35.31757712,126.5121075,061-350-5283,2016,논경지 침수피해 방지,2025-09-24,5890000,전남광주통합특별시 영광군
두우배수장,전라남도,영광군,전라남도 영광군 염산면 칠산로9길 28,전라남도 영광군 염산면 두우리 888-97,35.23016126,126.3005716,061-350-5283,2015,논경지 침수피해 방지,2025-09-24,5890000,전남광주통합특별시 영광군
장산2배수장,전라남도,영광군,,전라남도 영광군 영광읍 덕호리 1286-1,35.32158174,126.4587002,061-350-5283,2006,논경지 침수피해 방지,2025-09-24,5890000,전남광주통합특별시 영광군
송선마을 배수펌프장,부산광역시,남구,부산광역시 남구 신선로 514,부산광역시 남구 대연동 627-41,35.129162,129.105155,051-607-4676,2012,침수예방,2025-08-13,3310000,부산광역시 남구
동천3 배수펌프장,부산광역시,남구,,부산광역시 남구 문현동 967-4,35.13370807,129.0669928,051-607-4676,2021,침수예방,2025-08-13,3310000,부산광역시 남구
동천2 배수펌프장,부산광역시,남구,부산광역시 남구 남동천로 8-2,부산광역시 남구 문현동 810-2,35.137728,129.066667,051-607-4676,2009,침수예방,2025-08-13,3310000,부산광역시 남구
동천1 배수펌프장,부산광역시,남구,부산광역시 남구 전포대로 91번길47,부산광역시 남구 문현동 751,35.144303,129.064241,051-607-4676,2001,침수예방,2025-08-13,3310000,부산광역시 남구
자성대2배수펌프장,부산광역시,동구,부산광역시 동구 자성로140번길 36,부산광역시 동구 범일동 825-19,35.13555753,129.0648097,051-440-4671,2017,취락침수예방,2025-08-20,3270000,부산광역시 동구
자성대1배수펌프장,부산광역시,동구,부산광역시 동구 자성로140번길 33,부산광역시 동구 범일동 825-23,35.13515646,129.0648231,051-440-4671,2014,취락침수예방,2025-08-20,3270000,부산광역시 동구
광안하수펌프장,부산광역시,수영구,부산광역시 수영구 광안해변로54번길 222,부산광역시 수영구 남천동148-100,35.14614421,129.1153254,051-610-4675,1992,하수처리,2025-08-11,3380000,부산광역시 수영구
병배 배수장,경상남도,합천군,,경상남도 합천군 덕곡면 병배리 71,35.61871662,128.3456406,,2014,침수방지,2025-07-23,5480000,경상남도 합천군
군남배수펌프장,경기도,연천군,경기도 연천군 군남면 진상17길 91-81,경기도 연천군 군남면 진상리 679,38.06177755,127.0168382,031-839-2453,2001,침수피해 예방,2025-07-11,4140000,경기도 연천군
구미배수펌프장,경기도,연천군,경기도 연천군 백학면 노아로 504-46,경기도 연천군 백학면 구미리 10-2,38.00232794,126.9641249,031-839-2453,2009,침수피해 예방,2025-07-11,4140000,경기도 연천군
오정빗물펌프장,경기도,부천시,,경기도 부천시 오정구 오정동 782,37.52902295,126.7964999961,,2016,침수방지,2025-08-01,3860000,경기도 부천시
소사우수조정지,경기도,부천시,경기도 부천시 소사구 소삼로36번길 16,경기도 부천시 소사구 소사본동 138-4,37.47765816,126.7967783,,2002,침수방지,2025-08-01,3860000,경기도 부천시
삼정빗물펌프장,경기도,부천시,,경기도 부천시 오정구 삼정동 88-27,37.52325349,126.7693057,,2007,침수방지,2025-08-01,3860000,경기도 부천시
베르네천 우수저류시설,경기도,부천시,경기도 부천시 오정구 성오로 1,경기도 부천시 오정구 여월동 321,37.51430878,126.8045264,,2015,침수방지,2025-08-01,3860000,경기도 부천시
내동빗물펌프장,경기도,부천시,,경기도 부천시 오정구 내동 378-1,37.52378228,126.7774535,,2005,침수방지,2025-08-01,3860000,경기도 부천시
입암배수장,전라남도,영광군,,전라남도 영광군 법성면 입암리 16-5,35.32729298,126.4577517,061-350-5283,2001,논경지 침수피해 방지,2025-09-24,5890000,전남광주통합특별시 영광군
야월배수장,전라남도,영광군,,전라남도 영광군 염산면 야월리 272-50,35.236239,126.3235308,061-350-5283,2019,논경지 침수피해 방지,2025-09-24,5890000,전남광주통합특별시 영광군
장산1배수장,전라남도,영광군,,전라남도 영광군 백수읍 장산리 891-8,35.31739481,126.4603763,061-350-5283,2006,논경지 침수피해 방지,2025-09-24,5890000,전남광주통합특별시 영광군
지안일배수장,전라남도,영광군,전라남도 영광군 법성면 신장길 57,전라남도 영광군 법성면 덕흥리 285-11,35.328439,126.4743522,061-350-5283,2000,논경지 침수피해 방지,2025-09-24,5890000,전남광주통합특별시 영광군
월계2배수장,전라남도,영광군,,전라남도 영광군 법성면 월산리 866,35.33501132,126.5062664,061-350-5283,2002,논경지 침수피해 방지,2025-09-24,5890000,전남광주통합특별시 영광군
상둔배수장,전라남도,영광군,,전라남도 영광군 백수읍 장산리 649-1,35.3233563,126.4555301,061-350-5283,2002,논경지 침수피해 방지,2025-09-24,5890000,전남광주통합특별시 영광군
와룡2배수장,전라남도,영광군,,전라남도 영광군 영광읍 와룡리 1078-1,35.33152578,126.5047726,061-350-5283,2002,논경지 침수피해 방지,2025-09-24,5890000,전남광주통합특별시 영광군
부귀동배수장,전라남도,영광군,,전라남도 영광군 법성면 신장리 924-10,35.3292281,126.4856054,061-350-5283,2001,논경지 침수피해 방지,2025-09-24,5890000,전남광주통합특별시 영광군
진량배수장,전라남도,영광군,,전라남도 영광군 법성면 신장리 895-10,35.32989051,126.4776019,061-350-5283,2001,논경지 침수피해 방지,2025-09-24,5890000,전남광주통합특별시 영광군
와룡1배수장,전라남도,영광군,,전라남도 영광군 영광읍 와룡리 1094-12,35.3263179,126.4984933,061-350-5283,2001,논경지 침수피해 방지,2025-09-24,5890000,전남광주통합특별시 영광군
와전배수장,전라남도,영광군,,전라남도 영광군 영광읍 와룡리 1031-3,35.32452835,126.496732,061-350-5283,2001,논경지 침수피해 방지,2025-09-24,5890000,전남광주통합특별시 영광군
신월배수장,전라남도,영광군,,전라남도 영광군 영광읍 양평리 535-4,35.31772312,126.5033807,061-350-5283,2001,논경지 침수피해 방지,2025-09-24,5890000,전남광주통합특별시 영광군
구평배수장,전라남도,영광군,,전라남도 영광군 영광읍 와룡리 1170-1,35.33561342,126.5102646,061-350-5283,2000,논경지 침수피해 방지,2025-09-24,5890000,전남광주통합특별시 영광군
월계배수장,전라남도,영광군,,전라남도 영광군 법성면 월산리 558-1,35.33194087,126.503131,061-350-5283,2000,논경지 침수피해 방지,2025-09-24,5890000,전남광주통합특별시 영광군
칠성동배수장,전라남도,영광군,,전라남도 영광군 영광읍 덕호리 1307,35.31339833,126.4698368,061-350-5283,1999,논경지 침수피해 방지,2025-09-24,5890000,전남광주통합특별시 영광군
장산배수장,전라남도,영광군,,전라남도 영광군 백수읍 장산리 910-10,35.31036781,126.470128,061-350-5283,1999,논경지 침수피해 방지,2025-09-24,5890000,전남광주통합특별시 영광군
창포배수장,전라남도,영광군,,전라남도 영광군 영광읍 송림리 1093-1,35.30692179,126.4692438,061-350-5283,1997,논경지 침수피해 방지,2025-09-24,5890000,전남광주통합특별시 영광군
구수배수장,전라남도,영광군,,전라남도 영광군 백수읍 구수리 852-6,35.34295041,126.4371844,061-350-5283,1997,논경지 침수피해 방지,2025-09-24,5890000,전남광주통합특별시 영광군
장호배수장,전라남도,영광군,,전라남도 영광군 군서면 만금리 658-1,35.254719,126.462887,061-350-5283,1996,논경지 침수피해 방지,2025-09-24,5890000,전남광주통합특별시 영광군
구포,부산광역시,북구,부산광역시 북구 낙동대로1769,,35.2098614,129.003188,051-309-4675,2002,침수예방,2025-08-20,3320000,부산광역시 북구
덕천,부산광역시,북구,부산광역시 북구 낙동대로1739번길 16,,35.2104541,129.001677,051-309-4676,1990,침수예방,2025-08-20,3320000,부산광역시 북구
신촌펌프장,전라남도,함평군,,전라남도 함평군 함평읍 기각리 189-7,35.06059824,126.5273122,061-320-1992,2011,침수방지,2025-09-08,5885000,전남광주통합특별시 함평군
쌍교펌프장,전라남도,함평군,,전라남도 함평군 학교면 학교리 445-10,35.01859124,126.5366578,061-320-1992,1999,침수방지,2025-09-08,5885000,전남광주통합특별시 함평군
원고막펌프장,전라남도,함평군,,전라남도 함평군 학교면 고막리 108-1,35.03339024,126.5923865,061-320-1992,1985,침수방지,2025-09-08,5885000,전남광주통합특별시 함평군
나산펌프장,전라남도,함평군,,전라남도 함평군 나산면 삼축리 1213-14,35.1085789,126.608371,061-320-1992,2021,침수방지,2025-09-08,5885000,전남광주통합특별시 함평군
우시장펌프장,전라남도,함평군,,전라남도 함평군 함평읍 기각리 196-6,35.06200733,126.5266488,061-320-1992,1992,침수방지,2025-09-08,5885000,전남광주통합특별시 함평군
5일시장펌프장,전라남도,함평군,,전라남도 함평군 함평읍 기각리 264-1,35.06351118,126.5240035,061-320-1992,2021,침수방지,2025-09-08,5885000,전남광주통합특별시 함평군
손오배수장,경상남도,의령군,,경상남도 의령군 부림면 손오리 395-1,35.47297364,128.3583144,055-570-3624,2014,침수방지,2025-09-09,5390000,경상남도 의령군
박진2배수장,경상남도,의령군,,경상남도 의령군 부림면 경산리 672,35.44017656,128.3743893,055-570-3624,2024,침수방지,2025-09-09,5390000,경상남도 의령군
박진배수장,경상남도,의령군,,경상남도 의령군 부림면 경산리 697,35.43929977,128.3750969,055-570-3624,2004,침수방지,2025-09-09,5390000,경상남도 의령군
대교배수펌프장,충청남도,논산시,충청남도 논산시 강변로 474-10,충청남도 논산시 대교동 210,36.212729,127.092198,041-746-6469,2018,우천시 펌프장 부근 하천 방류,2025-08-19,4540000,충청남도 논산시
방축배수펌프장,충청남도,논산시,충청남도 논산시 채운면 계백로499번길 96-66,충청남도 논산시 채운면 화산리 190-5,36.182724,127.054015,041-746-6466,2017,우천시 펌프장 부근 하천 방류,2025-08-19,4540000,충청남도 논산시
등화배수펌프장,충청남도,논산시,충청남도 논산시 강변로 309-97,충청남도 논산시 부창동 567,36.199845,127.070418,041-746-6466,2001,우천시 펌프장 부근 하천 방류,2025-08-19,4540000,충청남도 논산시
낭청배수펌프장,충청남도,논산시,충청남도 논산시 강경읍 계백로 7,충청남도 논산시 강경읍 채산리516-15,36.147906,127.006379,041-746-6468,1999,우천시 펌프장 부근 하천 방류,2025-08-19,4540000,충청남도 논산시
지산배수펌프장,충청남도,논산시,충청남도 논산시 지산길 48,충청남도 논산시 지산동 828,36.208258,127.114925,041-746-6469,1997,우천시 펌프장 부근 하천 방류,2025-08-19,4540000,충청남도 논산시
동흥배수펌프장,충청남도,논산시,충청남도 논산시 강경읍 금백로175번길 35,충청남도 논산시 강경읍 동흥리128-8,36.166387,127.014627,041-746-6468,1997,우천시 펌프장 부근 하천 방류,2025-08-19,4540000,충청남도 논산시
서창배수펌프장,충청남도,논산시,충청남도 논산시 강경읍 금백로 101-9,충청남도 논산시 강경읍 황산리198-3,36.162148,127.012035,041-746-6468,1992,우천시 펌프장 부근 하천 방류,2025-08-19,4540000,충청남도 논산시
덕두,부산광역시,강서구,부산광역시 강서구 공항로811번가길 34,부산광역시 강서구 대저2동 2009-1,35.1782098,128.9565564,051-970-4650,,침수방지,2025-08-26,3360000,부산광역시 강서구
신덕,부산광역시,강서구,부산광역시 강서구 체육공원로6번길 28,부산광역시 강서구 대저1동 2832,35.204787,128.9753728,051-970-4516,,침수방지,2025-08-26,3360000,부산광역시 강서구
사덕,부산광역시,강서구,부산광역시 강서구 공항로 1246,,35.2098508,128.9845591,051-970-4516,,침수방지,2025-08-26,3360000,부산광역시 강서구
명지동진,부산광역시,강서구,부산광역시 강서구 명지국제11로 85,부산광역시 강서구 명지동 3525-1,35.1042217,128.9279024,051-970-3497,,침수방지,2025-08-26,3360000,부산광역시 강서구
범방,부산광역시,강서구,부산광역시 강서구 범방4로 94,부산광역시 강서구 범방동 1890,35.1510128,128.8859512,051-970-3497,,침수방지,2025-08-26,3360000,부산광역시 강서구
성산마을,부산광역시,강서구,부산광역시 강서구 낙동남로682번가길 31,부산광역시 강서구 녹산동 53-7,35.12056459,128.8937174,051-970-3497,,침수방지,2025-08-26,3360000,부산광역시 강서구
작지,부산광역시,강서구,부산광역시 강서구 공항로393번길 4,부산광역시 강서구 대저2동 5124-2,35.1436126,128.9499484,051-970-3497,,침수방지,2025-08-26,3360000,부산광역시 강서구
사덕상리,부산광역시,강서구,부산광역시 강서구 대저로274번길 28,부산광역시 강서구 대저1동 2300-4,35.2114803,128.9815251,051-970-3408,,침수방지,2025-08-26,3360000,부산광역시 강서구
상덕,부산광역시,강서구,부산광역시 강서구 상덕로49번길 45-38,부산광역시 강서구 강동동 2066-2,35.19439299,128.906115,051-970-3407,,침수방지,2025-08-26,3360000,부산광역시 강서구
중덕,부산광역시,강서구,부산광역시 강서구 제도로1041번길 206,부산광역시 강서구 강동동 856-5,35.2082617,128.9196538,051-970-3407,,침수방지,2025-08-26,3360000,부산광역시 강서구
성산,부산광역시,강서구,부산광역시 강서구 생곡로 56-1,부산광역시 강서구 녹산동 5-207,35.12527652,128.8991236,051-970-3407,,침수방지,2025-08-26,3360000,부산광역시 강서구
동방,부산광역시,강서구,부산광역시 강서구 유통단지1로 7,부산광역시 강서구 대저2동 3153-4,35.1681951,128.9590276,051-970-4650,,침수방지,2025-08-26,3360000,부산광역시 강서구
식만,부산광역시,강서구,부산광역시 강서구 식만로 131,부산광역시 강서구 식만동 770-6,35.2061666,128.9070442,051-970-3406,,침수방지,2025-08-26,3360000,부산광역시 강서구
본녹산,부산광역시,강서구,부산광역시 강서구 화전산업대로 232,부산광역시 강서구 녹산동 193-7,35.1096948,128.8892546,051-970-3407,,침수방지,2025-08-26,3360000,부산광역시 강서구
녹산,부산광역시,강서구,부산광역시 강서구 낙동남로 791,부산광역시 강서구 녹산동 1273-142,35.1202978,128.8999131,051-970-3405,,침수방지,2025-08-26,3360000,부산광역시 강서구
맥도,부산광역시,강서구,부산광역시 강서구 공항로533번길 1,부산광역시 강서구 대저2동 3250,35.1545308,128.9543561,051-970-4519,,침수방지,2025-08-26,3360000,부산광역시 강서구
대저,부산광역시,강서구,부산광역시 강서구 경전철로 109,부산광역시 강서구 대저2동 1368,35.1891507,128.9592742,051-970-4517,,침수방지,2025-08-26,3360000,부산광역시 강서구
신포,부산광역시,강서구,부산광역시 강서구 영강길 20,부산광역시 강서구 명지동 1451-2,35.1076801,128.929457,051-970-4518,,침수방지,2025-08-26,3360000,부산광역시 강서구
송정,부산광역시,강서구,부산광역시 강서구 가락대로 227,부산광역시 강서구 송정동 1437-45,35.10449592,128.839761,051-970-4649,,침수방지,2025-08-26,3360000,부산광역시 강서구
방근,부산광역시,강서구,부산광역시 강서구 녹산산업북로221번길 17,부산광역시 강서구 송정동 1692,35.0995121,128.8486163,051-970-4648,,침수방지,2025-08-26,3360000,부산광역시 강서구
명지,부산광역시,강서구,부산광역시 강서구 명지오션시티1로 328,부산광역시 강서구 명지동 3308-2,35.0876432,128.9127939,051-970-3408,,침수방지,2025-08-26,3360000,부산광역시 강서구
하신,부산광역시,강서구,부산광역시 강서구 명지오션시티13로 5,부산광역시 강서구 명지동 3300-1,35.08970006,128.8968234,051-970-3408,,침수방지,2025-08-26,3360000,부산광역시 강서구
동천변 침수지 배수시설 2,부산광역시,부산진구,부산광역시 부산진구 중앙번영로 32,부산광역시 부산진구 범천동 842-8,35.14439905,129.0626394,051-605-4674,2010,침수지배수,2025-08-26,3290000,부산광역시 부산진구
동천변 침수지 배수시설 1,부산광역시,부산진구,부산광역시 부산진구 범일로154번길 61,부산광역시 부산진구 범천동 842-4,35.14389285,129.0627044,051-605-4674,2011,침수지배수,2025-08-26,3290000,부산광역시 부산진구
여의배수장,경상남도,의령군,,경상남도 의령군 낙서면 여의리 502,35.47161418,128.3742025,055-570-3624,2002,침수방지,2025-09-09,5390000,경상남도 의령군
부곡배수장,경상남도,의령군,,경상남도 의령군 낙서면 전화리 999,35.45917244,128.3756431,055-570-3624,2004,침수방지,2025-09-09,5390000,경상남도 의령군
상포배수장,경상남도,의령군,,경상남도 의령군 낙서면 아근리 477,35.510179,128.3716639,055-570-3624,2005,침수방지,2025-09-09,5390000,경상남도 의령군
아근배수장,경상남도,의령군,,경상남도 의령군 낙서면 아근리 5-1,35.51007379,128.3844734,055-570-3624,2002,침수방지,2025-09-09,5390000,경상남도 의령군
다안배수장,경상남도,의령군,,경상남도 의령군 지정면 백야리 87,35.35613182,128.3807653,055-570-3624,2003,침수방지,2025-09-09,5390000,경상남도 의령군
천암1지구 우수저류시설,전라남도,화순군,전라남도 화순군 화순읍 천암1길 51-5,전라남도 화순군 도곡면 천암리 167-4,35.01107844,126.9092045,061-379-3802,2019,재난대응용+침수방지용,2024-08-14,5855000,전남광주통합특별시 화순군
벌고2지구 우수저류시설,전라남도,화순군,,전라남도 화순군 화순읍 삼천리 662-5,35.05640923,126.9808301,061-379-3802,2017,재난대응용+침수방지용,2024-08-14,5855000,전남광주통합특별시 화순군
죽청지구 배수펌프장,전라남도,화순군,,전라남도 화순군 도곡면 미곡리 411,35.01211067,126.9257608,061-379-3761,2011,재난대응용+침수방지용,2024-08-14,5855000,전남광주통합특별시 화순군
마포빗물펌프장,서울특별시,마포구,서울특별시 마포구 마포대로1길 19,서울특별시 마포구 마포동 36-1,37.53889096,126.9435029,02-3153-6241,1979,침수방지,2025-10-31,3130000,서울특별시 마포구
봉원빗물펌프장,서울특별시,마포구,서울특별시 마포구 창전로 10,서울특별시 마포구 신정동 145-7,37.54385131,126.9300306,02-3153-6249,1993,침수방지,2025-10-31,3130000,서울특별시 마포구
상수빗물펌프장,서울특별시,마포구,서울특별시 마포구 토정로 148-22,서울특별시 마포구 상수동 282,37.54472945,126.9270446,02-3153-6247,1986,침수방지,2025-10-31,3130000,서울특별시 마포구
당인빗물펌프장,서울특별시,마포구,서울특별시 마포구 토정로4길 55-9,서울특별시 마포구 당인동 1-10,37.54325743,126.9167522,02-3153-6245,1993,침수방지,2025-10-31,3130000,서울특별시 마포구
합정빗물펌프장,서울특별시,마포구,서울특별시 마포구 토정로 8-11,서울특별시 마포구 합정동 94-3,37.54536129,126.9119628,02-3153-6243,1986,침수방지,2025-10-31,3130000,서울특별시 마포구
망원2빗물펌프장,서울특별시,마포구,서울특별시 마포구 동교로 7,서울특별시 마포구 망원동 211-42,37.55171459,126.9028761,02-3153-6246,1990,침수방지,2025-10-31,3130000,서울특별시 마포구
망원1빗물펌프장,서울특별시,마포구,서울특별시 마포구 방울내로 11길 198,서울특별시 마포구 망원동 450-3,37.559049,126.8961397,02-3153-6240,1973,침수방지,2025-10-31,3130000,서울특별시 마포구
중동빗물펌프장,서울특별시,마포구,서울특별시 마포구 모래내로 84,서울특별시 마포구 성산동 99-5,37.56608123,126.9124963,02-3153-6244,1993,침수방지,2025-10-31,3130000,서울특별시 마포구
성산빗물펌프장,서울특별시,마포구,서울특별시 마포구 성중길 82,서울특별시 마포구 성산동 445,37.57359668,126.9009891,02-3153-6242,1985,침수방지,2025-10-31,3130000,서울특별시 마포구
난지빗물펌프장,서울특별시,마포구,서울특별시 마포구 가양대로1길,서울특별시 마포구 상암동 1566-1,37.57703833,126.864396,02-3153-6248,1993,침수방지,2025-10-31,3130000,서울특별시 마포구
미산뜰빗물배수펌프장,경기도,시흥시,,경기도 시흥시 미산동 405-2,37.4184213,126.7997567,,,침수방지,2025-11-06,4010000,경기도 시흥시
포동빗물배수펌프장,경기도,시흥시,,경기도 시흥시 포동 67-77,37.40175366,126.7737883,,,침수방지,2025-11-06,4010000,경기도 시흥시
방산빗물배수펌프장,경기도,시흥시,,경기도 시흥시 방산동 19-3,37.432016,126.778412,,,침수방지,2025-11-06,4010000,경기도 시흥시
거모빗물배수펌프장,경기도,시흥시,,경기도 안산시 단원구 신길동 198-4,37.3412806,126.7727239,,,침수방지,2025-11-06,4010000,경기도 시흥시
하단2배수펌프장,부산광역시,사하구,,부산광역시 사하구 하단동 1163,35.10652597,128.95747391,051-220-5477,2018,강우시 침수방지,2025-11-05,3340000,부산광역시 사하구
하단1배수펌프장,부산광역시,사하구,부산광역시 사하구 하신번영로 243,부산광역시 사하구 하단동 1172,35.10300771,128.95746401,051-220-5477,1988,강우시 침수방지,2025-11-05,3340000,부산광역시 사하구
장림2배수펌프장,부산광역시,사하구,부산광역시 사하구 을숙도대로480번길 40,부산광역시 사하구 신평동 659-4,35.08226302,128.95682891,051-220-5475,1988,강우시 침수방지,2025-11-05,3340000,부산광역시 사하구
장림1배수펌프장,부산광역시,사하구,부산광역시 사하구 하신중앙로53번길 65,부산광역시 사하구 신평동 659-4,35.08226302,128.95682891,051-220-5475,1998,강우시 침수방지,2025-11-05,3340000,부산광역시 사하구
백운빗물펌프장,인천광역시,미추홀구,인천광역시 미추홀구 아암대로 135,인천광역시 미추홀구 용현동 627-76,37.4502692,126.631507,032-880-4771,2001,재난대응+침수방지,2025-11-01,3510500,인천광역시 미추홀구
용현빗물펌프장,인천광역시,미추홀구,인천광역시 미추홀구 아암대로 43,인천광역시 미추홀구 용현동 574-21,37.45731282,126.6363901,032-880-4772,1988,재난대응+침수방지,2025-11-01,3510500,인천광역시 미추홀구
학익빗물펌프장,인천광역시,미추홀구,인천광역시 미추홀구 아암대로 338,인천광역시 미추홀구 학익동 729,37.43159865,126.6329007,032-880-7478,2004,재난대응+침수방지,2025-11-01,3510500,인천광역시 미추홀구
포남빗물펌프장증설동,강원특별자치도,강릉시,강원특별자치도 강릉시 강변북길 145,강원특별자치도 강릉시 포남동 1005-221,37.765836,128.912167,033-640-5981,2022,침수방지,2025-11-12,4201000,강원특별자치도 강릉시
포남빗물펌프장,강원특별자치도,강릉시,강원특별자치도 강릉시 강변북길 145,강원특별자치도 강릉시 포남동 1005-221,37.765836,128.912167,033-640-5981,2005,침수방지,2025-11-12,4201000,강원특별자치도 강릉시
부기배수펌프장,경상북도,경산시,경상북도 경산시 하양읍 하양로 11,경상북도 경산시 하양읍 금락리 192-39,35.89907652,128.808311,053-810-5596,2020,집중호우 시 빗물을 군데로 모아 하천으로 펌프를 가동하여 물을 배출하여 침수에 대비하기 위함,2025-11-19,5130000,경상북도 경산시
청천배수펌프장,경상북도,경산시,경상북도 경산시 하양읍 남하제방길 326,경상북도 경산시 하양읍 청천리 527-136,35.86805517,128.761511,053-810-5596,2004,집중호우 시 빗물을 군데로 모아 하천으로 펌프를 가동하여 물을 배출하여 침수에 대비하기 위함,2025-11-19,5130000,경상북도 경산시
임당배수펌프장,경상북도,경산시,경상북도 경산시 임당로 87,경상북도 경산시 임당동 311-3,35.84394883,128.7435382,053-810-5596,1994,집중호우 시 빗물을 군데로 모아 하천으로 펌프를 가동하여 물을 배출하여 침수에 대비하기 위함,2025-11-19,5130000,경상북도 경산시
신동1 배수펌프장,경기도,수원시,,경기도 수원시 영통구 신동 644-14,37.2508932,127.0425317,031-5191-8979,2001,자연재해예방,2025-11-20,3740000,경기도 수원시
먼내마을 배수펌프장,경기도,수원시,,경기도 수원시 영통구 원천동 464-6,37.26941137,127.0602172,031-5191-8979,2010,자연재해예방,2025-11-20,3740000,경기도 수원시
옥계배수펌프장,충청남도,홍성군,,충청남도 홍성군 장곡면 옥계리 28-15,36.48792047,126.7436727,,2017,배수펌프장은 우기시 가동되어 국민의 생명과 재산을 보호하는 중요한 방재시설물,2025-08-29,4600000,충청남도 홍성군
상촌배수펌프장,충청남도,홍성군,,충청남도 홍성군 갈산면 상촌리 174-58,36.60249672,126.5512299,,2009,배수펌프장은 우기시 가동되어 국민의 생명과 재산을 보호하는 중요한 방재시설물,2025-08-29,4600000,충청남도 홍성군
삼봉배수펌프장,충청남도,홍성군,,충청남도 홍성군 광천읍 광천리 378-3,36.49847903,126.6261407,,2007,배수펌프장은 우기시 가동되어 국민의 생명과 재산을 보호하는 중요한 방재시설물,2025-08-29,4600000,충청남도 홍성군
대천천2,부산광역시,북구,,부산광역시 북구 화명동 377-6,35.24080339,129.0175125,,2022,침수예방,2025-08-20,3320000,부산광역시 북구
대천천1,부산광역시,북구,,부산광역시 북구 화명동 2166,35.2403563,129.0170771,,2022,침수예방,2025-08-20,3320000,부산광역시 북구
델타플렉스3단지 방류펌프장,경기도,수원시,,경기도 수원시 권선구 고색동 783-2번지,37.234604,126.984542,031-5191-6513,2013,자연재해예방,2025-11-20,3740000,경기도 수원시
델타플렉스1단지 배수펌프장,경기도,수원시,경기도 수원시 권선구 오목천로 96 (고색동),경기도 수원시 권선구 고색동 980번지,37.24105559,126.9731411,031-5191-6513,2005,자연재해예방,2025-11-20,3740000,경기도 수원시
평동 배수펌프장,경기도,수원시,경기도 수원시 권선구 매송고색로825번길 20 (평동),경기도 수원시 권선구 평동 45-20번지,37.2557809,126.9934631,031-5191-6513,2001,자연재해예방,2025-11-20,3740000,경기도 수원시
서둔동 배수펌프장,경기도,수원시,경기도 수원시 권선구 벌터로23번길 72 (서둔동),경기도 수원시 권선구 서둔동 26-37번지,37.26182794,126.9902926,031-5191-6513,2001,자연재해예방,2025-11-20,3740000,경기도 수원시
서금사배수펌프장,부산광역시,금정구,부산광역시 금정구 공단동로 16 (금사동),부산광역시 금정구 금사동 545-19,35.21849493,129.1173176,051-519-4678,2019,침수방지,2025-11-18,3350000,부산광역시 금정구
해룡천 배수펌프장,전라남도,순천시,전라남도 순천시 생태배움길 116,전라남도 순천시 풍덕동 361-1,34.92191302,127.5152863,061-749-6726,2005,침수예방,2025-11-26,5790000,전남광주통합특별시 순천시
구암 배수펌프장,전라남도,순천시,,전라남도 순천시 연향동 421-19,34.94295968,127.5119735,061-749-6726,2001,침수예방,2025-11-26,5790000,전남광주통합특별시 순천시
풍덕2 배수펌프장,전라남도,순천시,전라남도 순천시 평촌길 75,전라남도 순천시 풍덕동 325-7,34.93702762,127.508039,061-749-6726,1991,침수예방,2025-11-26,5790000,전남광주통합특별시 순천시
풍덕1 배수펌프장,전라남도,순천시,전라남도 순천시 동천저류지길 37,전라남도 순천시 풍덕동 1788,34.93762909,127.4984446,061-749-6726,2013,침수예방,2025-11-26,5790000,전남광주통합특별시 순천시
구담 빗물펌프장,경상북도,안동시,경상북도 안동시 구담배나들길 28,경상북도 안동시 풍천면 구담리 648-16,36.5417669,128.4658474,054-840-5764,2000,침수방지,2025-11-01,5070000,경상북도 안동시
백야(독대)배수장,경상남도,의령군,,경상남도 의령군 지정면 백야리 12-2,35.36022377,128.3827296,055-570-3624,2004,침수방지,2025-09-09,5390000,경상남도 의령군
포외배수장,경상남도,의령군,,경상남도 의령군 지정면 마산리 산200-1,35.3742119,128.4186713,055-570-3624,2004,침수방지,2025-09-09,5390000,경상남도 의령군
성당배수장,경상남도,의령군,,경상남도 의령군 지정면 성당리 650-2,35.36111624,128.3840309,055-570-3624,1986,침수방지,2025-09-09,5390000,경상남도 의령군
호미배수장,경상남도,의령군,,경상남도 의령군 정곡면 죽전리 105-3,35.36370342,128.3327354,055-570-3624,2008,침수방지,2025-09-09,5390000,경상남도 의령군
삼정배수장,경상남도,의령군,,경상남도 의령군 화정면 상일리 898-6,35.261850,128.2261148,055-570-3624,2013,침수방지,2025-09-09,5390000,경상남도 의령군
만하배수장,경상남도,의령군,,경상남도 의령군 의령읍 만천리 294-1,35.29956186,128.2862912,055-570-3624,2012,침수방지,2025-09-09,5390000,경상남도 의령군
오감2배수장,경상남도,의령군,,경상남도 의령군 의령읍 대산리 762-2,35.27908699,128.2869743,055-570-3624,2013,침수방지,2025-09-09,5390000,경상남도 의령군
오감배수장,경상남도,의령군,,경상남도 의령군 의령읍 대산리 777,35.27785208,128.2853434,055-570-3624,2001,침수방지,2025-09-09,5390000,경상남도 의령군
소정지하차도,대전광역시,동구,,대전광역시 동구 판암동 157-3,36.31572498,127.467988,042-251-4877,2016,가도교 침수피해 예방운영,2025-08-13,3640000,대전광역시 동구
봉소펌프장,전라남도,구례군,,전라남도 구례군 토지면 파도리 974,35.1884182406,127.5297629077,061-780-8168,2024,침수피해 방지,2024-08-12,5840000,전남광주통합특별시 구례군
안촌펌프장,전라남도,구례군,,전라남도 구례군 토지면 금내리 993-4,35.1933541704,127.5106224718,061-780-8167,2024,침수피해 방지,2024-08-12,5840000,전남광주통합특별시 구례군
사도펌프장,전라남도,구례군,,전라남도 구례군 마산면 사도리 890-10,35.2052328414,127.4914499411,061-780-8166,2024,침수피해 방지,2024-08-12,5840000,전남광주통합특별시 구례군
냉천펌프장,전라남도,구례군,,전라남도 구례군 마산면 냉천리 250,35.2093791952,127.4821343,061-780-8165,2024,침수피해 방지,2024-08-12,5840000,전남광주통합특별시 구례군
월평펌프장,전라남도,구례군,,전라남도 구례군 문척면 문척면 월전리 1538-2,35.1931474,127.4967224,061-780-8164,2024,침수피해 방지,2024-08-12,5840000,전남광주통합특별시 구례군
구성펌프장,전라남도,구례군,,전라남도 구례군 문척면 월전리 1548-2,35.1986577578,127.4816793865,061-780-8163,2024,침수피해 방지,2024-08-12,5840000,전남광주통합특별시 구례군
죽연펌프장,전라남도,구례군,,전라남도 구례군 문척면 죽마리 367-3,35.1952298917,127.4750495,061-780-8162,2024,침수피해 방지,2024-08-12,5840000,전남광주통합특별시 구례군
양정펌프장,전라남도,구례군,전라남도 구례군 구례읍 양정1길 120-7,전라남도 구례군 구례읍 봉서리 9-45,35.2040584423,127.4824589312,061-780-8161,2013,침수피해 방지,2024-08-12,5840000,전남광주통합특별시 구례군
죽산지구 3펌프장,경기도,안성시,,경기도 안성시 죽산면 죽산리 501-3,37.074611,127.424976,031-678-2992,2025,도시침수방지용,2025-12-19,4080000,경기도 안성시
죽산지구 2펌프장,경기도,안성시,,경기도 안성시 죽산면 죽산리 510,37.074191,127.423261,031-678-2992,2025,도시침수방지용,2025-12-19,4080000,경기도 안성시
죽산지구 1펌프장,경기도,안성시,,경기도 안성시 죽산면 죽산리 769,37.072475,127.421252,031-678-2992,2025,도시침수방지용,2025-12-19,4080000,경기도 안성시
화봉천 배수펌프장,경기도,안성시,,경기도 안성시 일죽면 송천리 566-25,37.091601,127.478752,031-678-2992,2024,도시침수방지용,2025-12-19,4080000,경기도 안성시
청미천 배수펌프장,경기도,안성시,,경기도 안성시 일죽면 송천리 33-10,37.094507,127.476928,031-678-2992,2024,도시침수방지용,2025-12-19,4080000,경기도 안성시
대림동산 빗물펌프장,경기도,안성시,경기도 안성시 공도읍 서동대로 4575,경기도 안성시 공도읍 마정리 67-4,37.010459,127.210362,031-678-2992,2019,도시침수방지용,2025-12-19,4080000,경기도 안성시
가현배수펌프장,경기도,안성시,,경기도 안성시 가현동 155-3,37.003111,127.281605,031-678-2992,2003,도시침수방지용,2025-12-19,4080000,경기도 안성시
와산배수펌프장,광주광역시,광산구,,광주광역시 광산구 오산동 46-8,35.24002729,126.7336911,062-960-8681,2019,내수배제,2025-12-23,5825000,전남광주통합특별시 광산구
산막배수펌프장,광주광역시,광산구,,광주광역시 광산구 선동 3-9,35.1968948,126.7584374,062-960-8680,2016,내수배제,2025-12-23,5825000,전남광주통합특별시 광산구
죽산배수펌프장,광주광역시,광산구,,광주광역시 광산구 송산동 255-10,35.15823595,126.7332433,062-960-8679,2005,내수배제,2025-12-23,5825000,전남광주통합특별시 광산구
산수배수펌프장,광주광역시,광산구,,광주광역시 광산구 송치동 183-18,35.17388253,126.7404356,062-960-8678,2003,내수배제,2025-12-23,5825000,전남광주통합특별시 광산구
운남배수펌프장,광주광역시,광산구,광주광역시 광산구 풍영철길로 106-2,광주광역시 광산구 우산동 591,35.16549724,126.820837,062-960-8677,2010,내수배제,2025-12-23,5825000,전남광주통합특별시 광산구
우산배수펌프장,광주광역시,광산구,광주광역시 광산구 우산천변길 261,광주광역시 광산구 우산동 208-33,35.15318904,126.8233164,062-960-8676,2000,내수배제,2025-12-23,5825000,전남광주통합특별시 광산구
송정배수펌프장,광주광역시,광산구,광주광역시 광산구 극락둑길 19,광주광역시 광산구 황룡동 415-4,35.12479371,126.7853887,062-960-8675,2000,내수배제,2025-12-23,5825000,전남광주통합특별시 광산구
송대배수펌프장,광주광역시,광산구,,광주광역시 광산구 송대동 13-5,35.10579172,126.8045407,062-960-8674,1982,내수배제,2025-12-23,5825000,전남광주통합특별시 광산구
동곡배수펌프장,광주광역시,광산구,광주광역시 광산구 마곡길 39,광주광역시 광산구 본덕동 668,35.08427902,126.7876319,062-960-8673,1991,내수배제,2025-12-23,5825000,전남광주통합특별시 광산구
용봉배수펌프장,광주광역시,광산구,광주광역시 광산구 용봉길 92,광주광역시 광산구 용봉동 380-14,35.07161914,126.7715351,062-960-8672,2009,내수배제,2025-12-23,5825000,전남광주통합특별시 광산구
중동교 지하차도 배수펌프장,대구광역시,남구,,대구광역시 남구 봉덕동 883-27,35.84079716,128.6061321282,053-664-2882,1993,침수방지,2024-08-09,3440000,대구광역시 남구
희망교 지하차도 배수펌프장,대구광역시,남구,,대구광역시 남구 이천동 655-144,35.8499131234,128.6074215674,053-664-2882,1993,침수방지,2024-08-09,3440000,대구광역시 남구
대봉교 지하차도 배수펌프장,대구광역시,남구,,대구광역시 남구 이천동 121-374,35.8537046628,128.6071361,053-664-2882,1993,침수방지,2024-08-09,3440000,대구광역시 남구
칠정지구 우수저류시설,전라남도,화순군,,전라남도 화순군 동복면 천변리 181-1,35.06665631,127.1258595,061-379-3802,2011,재난대응용+침수방지용,2024-08-14,5855000,전남광주통합특별시 화순군
신운지구 우수저류시설,전라남도,화순군,,전라남도 화순군 동면 백용리 38-3,35.02697917,127.0172447,061-379-3802,2020,재난대응용+침수방지용,2024-08-14,5855000,전남광주통합특별시 화순군
고하배수장,경상남도,하동군,경상남도 하동군 고전면 홍평길 13,경상남도 하동군고전면 고하리 713,35.020693,127.8306433200,055-880-2966,2021,도심형방재,2024-11-14,5440000,경상남도 하동군
계천배수장,경상남도,하동군,,경상남도 하동군고전면 대덕리 734,35.00134786,127.8117116,055-880-2966,2005,도심형방재,2024-11-14,5440000,경상남도 하동군
진교배수장,경상남도,하동군,경상남도 하동군 진교면 경충로 1015,경상남도 하동군진교면 진교리 302-153,35.024778,127.9063809,055-880-2966,2002,도심형방재,2024-11-14,5440000,경상남도 하동군
중앙배수장,경상남도,하동군,,경상남도 하동군하동읍 읍내리 127-26,35.069392,127.752231,055-880-2966,2013,도심형방재,2024-11-14,5440000,경상남도 하동군
신기배수장2,경상남도,하동군,경상남도 하동군하동읍 군청로 185-1,경상남도 하동군 하동읍 신기리 418-5,35.05981045,127.765813,055-880-2966,2010,도심형방재,2024-11-14,5440000,경상남도 하동군
신기배수장1,경상남도,하동군,경상남도 하동군하동읍 군청로 185-1,경상남도 하동군 하동읍 신기리 418-5,35.05981045,127.765813,055-880-2966,1983,도심형방재,2024-11-14,5440000,경상남도 하동군
광평배수장,경상남도,하동군,경상남도 하동군 하동읍 경서대로 70,경상남도 하동군 하동읍 광평리 425-2,35.063907,127.7447459,055-880-2966,2010,도심형방재,2024-11-14,5440000,경상남도 하동군
동해량배수장,경상남도,하동군,경상남도 하동군 하동읍 오룡정길 13,경상남도 하동군 하동읍 읍내리 1563-8,35.07088135,127.740924,055-880-2966,2018,도심형방재,2024-11-14,5440000,경상남도 하동군
천동지하차도,대전광역시,동구,,대전광역시 동구 천동 500-8,36.31937564,127.4459418,042-251-4877,2016,가도교 침수피해 예방운영,2025-08-13,3640000,대전광역시 동구
백석배수펌프장,인천광역시,서구,,인천광역시 서구 백석동 152-72,37.57296746,126.6612903,032-560-5980,2015,저지대 침수 방지,2025-07-03,3561000,인천광역시 서해구
왕길배수펌프장,인천광역시,서구,인천광역시 서구 원당대로 332-1,인천광역시 서구 왕길동 64-308,37.58523908,126.6404562,032-560-5980,2015,저지대 침수 방지,2025-07-03,3561000,인천광역시 서해구
경서2배수펌프장,인천광역시,서구,,인천광역시 서구 오류동 1608,37.5652502,126.624818,032-560-5980,2015,저지대 침수 방지,2025-07-03,3561000,인천광역시 서해구
경서1배수펌프장,인천광역시,서구,,인천광역시 서구 오류동 1608,37.5652502,126.624818,032-560-5980,2015,저지대 침수 방지,2025-07-03,3561000,인천광역시 서해구
가좌배수펌프장,인천광역시,서구,인천광역시 서구 가재울로6번길 2,인천광역시 서구 가좌3동 550,37.48172504,126.6750426,032-560-5980,1987,저지대 침수 방지,2025-07-03,3561000,인천광역시 서해구
가정배수펌프장,인천광역시,서구,,인천광역시 서구 신현동 307-14,37.52149998,126.6639484,032-560-5980,2015,저지대 침수 방지,2025-07-03,3561000,인천광역시 서해구
검단배수펌프장,인천광역시,서구,인천광역시 서구 원당대로157번길 8,인천광역시 서구 오류동 1665-1,37.59098987,126.6204165,032-560-5980,2012,저지대 침수 방지,2025-07-03,3561000,인천광역시 서해구
감전천배수펌프장,부산광역시,사상구,부산광역시 사상구 낙동대로1016번길 60(감전동),부산광역시 사상구 감전동 946-16번지,35.1500085,128.9755859,,2012,감전천 우수 낙동강으로 배수,2025-07-08,3390000,부산광역시 사상구
학장배수펌프장,부산광역시,사상구,부산광역시 사상구 농산물시장로25번길 52-12(엄궁동),부산광역시 사상구 엄궁동 646-1번지,35.1289905,128.9679921,,1988,매립지 수로 우수 학장천으로 배수,2025-07-08,3390000,부산광역시 사상구
엄궁3배수펌프장,부산광역시,사상구,부산광역시 사상구 강변대로532번길 71(엄궁동),부산광역시 사상구 감전동 516번지,35.1321597,128.9698345,,1991,엄궁유수지 우수 학장천으로 배수,2025-07-08,3390000,부산광역시 사상구
엄궁2배수펌프장,부산광역시,사상구,부산광역시 사상구 강변대로532번길 71(엄궁동),부산광역시 사상구 감전동 516번지,35.1321597,128.9698345,,1968,엄궁유수지 우수 학장천으로 배수,2025-07-08,3390000,부산광역시 사상구
엄궁1배수펌프장,부산광역시,사상구,부산광역시 사상구 강변대로532번길 71(엄궁동),부산광역시 사상구 감전동 516번지,35.1321597,128.9698345,,1974,엄궁유수지 우수 학장천으로 배수,2025-07-08,3390000,부산광역시 사상구
감전4배수펌프장,부산광역시,사상구,부산광역시 사상구 낙동대로 1024 맞은편(감전동),부산광역시 사상구 감전동 873-13,35.1750967,128.9722961,,2002,강변대로 노면수 낙동강으로 배수,2025-07-08,3390000,부산광역시 사상구
감전3배수펌프장,부산광역시,사상구,부산광역시 사상구 낙동대로 952 맞은편(감전동),부산광역시 사상구 감전동 873-12,35.1454108,128.9701536,,1994,주변 노면수 낙동강으로 배수,2025-07-08,3390000,부산광역시 사상구
감전2배수펌프장,부산광역시,사상구,부산광역시 사상구 낙동대로 1142,부산광역시 사상구 괘법동 518번지,35.1666439,128.977261,,1990,감전유수지 우수 낙동강으로 배수,2025-07-08,3390000,부산광역시 사상구
감전1배수펌프장,부산광역시,사상구,부산광역시 사상구 낙동대로 1097,부산광역시 사상구 감전동 873-11번지,35.1579914,128.9740231,,1974,감전유수지 우수 낙동강으로 배수,2025-07-08,3390000,부산광역시 사상구
정보화지하차도배수펌프장,부산광역시,연제구,,부산광역시 연제구 연산동 2180,35.1831799554,129.1148835075,051-665-5042,2007,내수배제,2025-07-17,3370000,부산광역시 연제구
연산9동배수펌프장,부산광역시,연제구,부산광역시 연제구 온천천남로 110,부산광역시 연제구 연산동 388-1,35.1907590700,129.1006281000,051-665-5042,2011,내수배제,2025-07-17,3370000,부산광역시 연제구
연산4동배수펌프장,부산광역시,연제구,부산광역시 연제구 중앙대로 1164,부산광역세 연제구 연산동 578-1,35.1913830979,129.0812578364,051-665-5041,2010,내수배제,2025-07-17,3370000,부산광역시 연제구
신금로배수펌프장,부산광역시,연제구,부산광역시 연제구 온천천남로 39,부산광역시 연제구 연산동 503-1,35.1924816000,129.0951416,051-665-5042,2022,내수배제,2025-07-17,3370000,부산광역시 연제구
거제배수펌프장,부산광역시,연제구,부산광역시 연제구 반송로 107,부산광역시 연제구 거제동 630,35.1928257,129.0899754799,051-665-5041,2017,내수배제,2025-07-17,3370000,부산광역시 연제구
앞골입구간이배수펌프장,경기도,파주시,경기도 파주시 앞골길 380,경기도 파주시 아동동 251-1,37.768502422,126.7838162051,,2012,침수방지,2025-07-21,4060000,경기도 파주시
두지리간이배수펌프장,경기도,파주시,,경기도 파주시 적성면 두지리 79-2,37.9655090156,126.8936016148,,2014,침수방지,2025-07-21,4060000,경기도 파주시
갈현3간이배수펌프장,경기도,파주시,,경기도 파주시 탄현면 갈현리 1907-1,37.7629371435,126.6993507541,,2000,침수방지,2025-07-21,4060000,경기도 파주시
낙하리간이배수펌프장,경기도,파주시,,경기도 파주시 탄현면 낙하리 172-7,37.8435008672,126.7273346165,,2001,침수방지,2025-07-21,4060000,경기도 파주시
연풍5간이배수펌프장,경기도,파주시,,경기도 파주시 파주읍 연풍리 117-10,37.8273209563,126.8412829406,,2012,침수방지,2025-07-21,4060000,경기도 파주시
연풍4간이배수펌프장,경기도,파주시,경기도 파주시 파주읍 연풍내길 25,경기도 파주시 파주읍 연풍리 287-5,37.8279939543,126.8411772148,,2005,침수방지,2025-07-21,4060000,경기도 파주시
연풍3간이배수펌프장,경기도,파주시,,경기도 파주시 파주읍 연풍리 299-8,37.8281727218,126.8380529744,,2001,침수방지,2025-07-21,4060000,경기도 파주시
연풍2간이배수펌프장,경기도,파주시,,경기도 파주시 파주읍 연풍리 300-4,37.8277618844,126.8384134016,,2001,침수방지,2025-07-21,4060000,경기도 파주시
연풍1간이배수펌프장,경기도,파주시,경기도 파주시 파주읍 연풍4길 76-16,경기도 파주시 파주읍 연풍리 309-34,37.8280730884,126.8367188165,,2001,침수방지,2025-07-21,4060000,경기도 파주시
백석5간이배수펌프장,경기도,파주시,,경기도 파주시 파주읍 백석리 124-15,37.8014758799,126.8111276419,,2001,침수방지,2025-07-21,4060000,경기도 파주시
소룡배수펌프장,전북특별자치도,군산시,전북특별자치도 군산시 해망로 546-8,전북특별자치도 군산시 소룡동 1524-29,35.983001,126.683401,063-454-3875,2018,우수배제,2025-08-04,4671000,전북특별자치도 군산시
내항배수펌프장,전북특별자치도,군산시,전북특별자치도 군산시 내항2길 45,전북특별자치도 군산시 장미동 1-72,35.990901,126.713501,063-454-3875,2017,우수배제,2025-08-04,4671000,전북특별자치도 군산시
경포배수펌프장,전북특별자치도,군산시,전북특별자치도 군산시 경포천서길 61,전북특별자치도 군산시 경암동 609-117,35.979101,126.725801,063-454-3875,1999,우수배제,2025-08-04,4671000,전북특별자치도 군산시
중동2배수펌프장,전북특별자치도,군산시,전북특별자치도 군산시 해망로 132-12,전북특별자치도 군산시 금암동 292-41,35.987401,126.723101,063-454-3875,2015,우수배제,2025-08-04,4671000,전북특별자치도 군산시
구암배수펌프장,전북특별자치도,군산시,전북특별자치도 군산시 외산4길 10,전북특별자치도 군산시 구암동 601-119,35.987201,126.741201,063-454-3875,2013,우수배제,2025-08-04,4671000,전북특별자치도 군산시
향로배수펌프장,강원특별자치도,동해시,,강원특별자치도 동해시 발한동 80-108,37.54305811,129.1113119,033-530-2455,2004,"태풍, 집중호우 재해예방",2025-08-05,4211000,강원특별자치도 동해시
단월배수펌프장,경기도,이천시,경기도 이천시 진상미로 2083-372(단월동),경기도 이천시 단월동 224,37.23269695,127.4456976,,2019,농경침수방지용,2025-08-05,4070000,경기도 이천시
주미배수펌프장,경기도,이천시,경기도 이천시 호법면 이섭대천로572번길 180-39 (주미리),경기도 이천시 호법면 주미리 100-4,37.2289713,127.4410108,,2005,농경침수방지용,2025-08-05,4070000,경기도 이천시
제요배수펌프장,경기도,이천시,경기도 이천시 설성면 진상미로 117-300 (제요리),경기도 이천시 설성면 제요리 640-4,37.10136509,127.5567413,,2001,농경침수방지용,2025-08-05,4070000,경기도 이천시
오남배수펌프장,경기도,이천시,경기도 이천시 장호원읍 장터로 80 (장호원리),경기도 이천시 장호원읍 장호원리 80-5,37.11551615,127.6338203,,1996,도시침수방지용,2025-08-05,4070000,경기도 이천시
노탑배수펌프장,경기도,이천시,경기도 이천시 장호원읍 장여로37번길 4 (노탑리),경기도 이천시 장호원읍 노탑리 834,37.12102828,127.6309374,,1998,도시침수방지용,2025-08-05,4070000,경기도 이천시
구시배수펌프장,경기도,이천시,경기도 이천시 대월면 대장로 616-7 (구시리),경기도 이천시 대월면 구시리 26-2,37.21593602,127.5134269,,2012,농경침수방지용,2025-08-05,4070000,경기도 이천시
갈산배수펌프장,경기도,이천시,경기도 이천시 황무로 1081-200 (갈산동),경기도 이천시 갈산동 7-7,37.29205686,127.4749163,,2004,농경침수방지용,2025-08-05,4070000,경기도 이천시
유등배수펌프장,경상북도,청도군,,경상북도 청도군 화양읍 유등리 1713-1,35.6720321,128.6959178,054-370-2325,2007,침수방지,2025-08-05,5190000,경상북도 청도군
포평배수장,충청남도,금산군,,충청남도 금산군 제원면 저곡리 378-2,36.11655342,127.5601558,041-750-2752,2023,저곡리 농경지 침수예방을 위한 배수펌프장,2025-08-06,4550000,충청남도 금산군
용천맨홀배수펌프장,부산광역시,해운대구,부산광역시 해운대구 수영강변대로 382(센텀피오레APT 앞),부산광역시 해운대구 재송동 1302번지 앞,35.19271178,129.1150835,051-749-4871,2020,태풍 및 기습호우 발생 시 침수 피해 방지,2025-08-08,3330000,부산광역시 해운대구
재송2배수펌프장,부산광역시,해운대구,부산광역시 해운대구 해운대로 89번가길 13(재송동) 부근,부산광역시 해운대구 재송동 188 부근,35.18944656,129.121561,051-749-4871,2004,태풍 및 기습호우 발생 시 침수 피해 방지,2025-08-08,3330000,부산광역시 해운대구
반여2배수펌프장,부산광역시,해운대구,부산광역시 해운대구 수영강변대로 527(반여동),부산광역시 해운대구 반여동 1502-16번지,35.20492279,129.1196129,051-749-4871,2003,태풍 및 기습호우 발생 시 침수 피해 방지,2025-08-08,3330000,부산광역시 해운대구
반여1배수펌프장,부산광역시,해운대구,부산광역시 해운대구 수영강변대로 606,부산광역시 해운대구 반여동 1502-67,35.2114392,129.1218042,051-749-4871,2002,태풍 및 기습호우 발생 시 침수 피해 방지,2025-08-08,3330000,부산광역시 해운대구
재송1배수펌프장,부산광역시,해운대구,부산광역시 해운대구 수영강변대로 353(재송동),부산광역시 해운대구 재송동 1276,35.190134,129.1157834,051-749-4871,1992,태풍 및 기습호우 발생 시 침수 피해 방지,2025-08-08,3330000,부산광역시 해운대구
우2동 배수펌프장,부산광역시,해운대구,,부산광역시 해운대구 우동 1185-206번지,35.16954977,129.1390876,051-749-4871,1997,태풍 및 기습호우 발생 시 침수 피해 방지,2025-08-08,3330000,부산광역시 해운대구
우동맨홀 배수펌프장,부산광역시,해운대구,부산광역시 해운대구 해운대해변로 197번가길 20-6(우동),부산광역시 해운대구 우동870-2,35.15980135,129.152904,051-749-4871,2013,태풍 및 기습호우 발생 시 침수 피해 방지,2025-08-08,3330000,부산광역시 해운대구
송정게이트2 배수펌프장,부산광역시,해운대구,부산광역시 해운대구 송정중앙로15번길 120-3 부근,부산광역시 해운대구 송정동 174-15 부근,35.1878893,129.2061014,051-749-4871,2013,태풍 및 기습호우 발생 시 침수 피해 방지,2025-08-08,3330000,부산광역시 해운대구
송정게이트1 배수펌프장,부산광역시,해운대구,부산광역시 해운대구 송정강변로 51(송정동) 부근,부산광역시 해운대구 송정동 183-17번지 부근,35.18605628,129.2048672,051-749-4871,2013,태풍 및 기습호우 발생 시 침수 피해 방지,2025-08-08,3330000,부산광역시 해운대구
송정배수펌프장,부산광역시,해운대구,부산광역시 해운대구 해운대로 1100(송정동) 부근,부산광역시 해운대구 송정동 138-3 부근,35.18395078,129.2011864,051-749-4871,2012,태풍 및 기습호우 발생 시 침수 피해 방지,2025-08-08,3330000,부산광역시 해운대구
춘천배수펌프장,부산광역시,해운대구,부산광역시 해운대구 해운대해변로209번가길32(우동),부산광역시 해운대구 우동 649-6,35.1591168,129.1573505,051-749-4871,1995,태풍 및 기습호우 발생 시 침수 피해 방지,2025-08-08,3330000,부산광역시 해운대구
성당배수펌프장,전북특별자치도,익산시,,전북특별자치도 익산시 성당리 238-1,36.133166,126.919413,,2003,침수방지용,2025-08-07,4681000,전북특별자치도 익산시
연동배수펌프장,전북특별자치도,익산시,전북특별자치도 익산시 현내로 245-4,전북특별자치도 익산시 부곡리 41,36.1085936,126.9430837,,2003,침수방지용,2025-08-07,4681000,전북특별자치도 익산시
대장배수펌프장,전북특별자치도,익산시,,전북특별자치도 익산시 춘포리 988-11,35.897741,127.006341,,2011,침수방지용,2025-08-07,4681000,전북특별자치도 익산시
인수리배수펌프장,전북특별자치도,익산시,,전북특별자치도 익산시 오산리 30-2,35.9259828,127.0356523,,1998,침수방지용,2025-08-07,4681000,전북특별자치도 익산시
신천배수펌프장,전북특별자치도,익산시,,전북특별자치도 익산시 석탄동 1070-37,35.9210898,126.9540349,,2011,침수방지용,2025-08-07,4681000,전북특별자치도 익산시
고잔배수펌프장,전북특별자치도,익산시,,전북특별자치도 익산시 평화동 318-44,35.9227037758,126.9408017,,2010,침수방지용,2025-08-07,4681000,전북특별자치도 익산시
목천소배수펌프장,전북특별자치도,익산시,,전북특별자치도 익산시 목천리 1177-8,35.913776,126.931576,,1988,침수방지용,2025-08-07,4681000,전북특별자치도 익산시
목천배수펌프장,전북특별자치도,익산시,,전북특별자치도 익산시 목천동 1355-9,35.914528,126.937431,,1988,침수방지용,2025-08-07,4681000,전북특별자치도 익산시
유천배수펌프장,전북특별자치도,익산시,,전북특별자치도 익산시 석탄동 1016-50,35.9137936735,126.9503768586,,2000,침수방지용,2025-08-07,4681000,전북특별자치도 익산시
YJ-3 맨홀펌프장,경상북도,영주시,경상북도 영주시 영주로 246,경상북도 영주시 하망동 326-10,36.825430,128.626500,054-639-7280,2012,침수방지용,2025-08-11,5090000,경상북도 영주시
YJ-2 맨홀펌프장,경상북도,영주시,경상북도 영주시 중앙로 40-1,경상북도 영주시 영주동 470-74,36.820300,128.620700,054-639-7280,2012,침수방지용,2025-08-11,5090000,경상북도 영주시
상패4배수장,경기도,동두천시,경기도 동두천시 동광로 10-20,경기도 동두천시 상패동 56-7,37.90746304,127.0488476,,2012,도시침수방지,2025-08-12,3920000,경기도 동두천시
상패3배수장,경기도,동두천시,경기도 동두천시 상패로 112-23,경기도 동두천시 상패동 20-10,37.9111173,127.0511045,,2016,도시침수방지,2025-08-12,3920000,경기도 동두천시
상패2배수장,경기도,동두천시,경기도 동두천시 상패로168번길 12,경기도 동두천시 상패동 9-92,37.91528144,127.0543718,,2016,도시침수방지,2025-08-12,3920000,경기도 동두천시
상패1배수장,경기도,동두천시,경기도 동두천시 상패로189번길 11,경기도 동두천시 상패동 2-29,37.91718746,127.0530075,,2012,도시침수방지,2025-08-12,3920000,경기도 동두천시
소요3배수장,경기도,동두천시,,경기도 동두천시 하봉암동 92-27,37.97083011,127.0644112,,2012,도시침수방지,2025-08-12,3920000,경기도 동두천시
장암동 배수펌프장,경기도,의정부시,경기도 의정부시 동일로 33-107,경기도 의정부시 장암동 392-4,37.69119559,127.051120,,2000,내수배제,2025-06-24,3820000,경기도 의정부시
신곡1동 배수펌프장,경기도,의정부시,경기도 의정부시 장곡로 346,경기도 의정부시 신곡동 615-84,37.7343187,127.0549331,,1993,내수배제,2025-06-24,3820000,경기도 의정부시
의정부3동 배수펌프장,경기도,의정부시,경기도 의정부시 경의로158번길 125,경기도 의정부시 의정부동 64-7,37.72796819,127.0513807,,1989,내수배제,2025-06-24,3820000,경기도 의정부시
의정부1동 배수펌프장,경기도,의정부시,경기도 의정부시 태평로166번길 21-14,경기도 의정부시 가능동 13-47,37.74848574,127.0504433,,1989,내수배제,2025-06-24,3820000,경기도 의정부시
태평 지하차도 배수펌프장,대구광역시,북구,,대구광역시 북구 고성동1가1,35.87775575,128.5887792,,,지하차도 침수방지,2025-07-02,3450000,대구광역시 북구
서변 지하차도 배수펌프장,대구광역시,북구,,대구광역시 북구 서변동 1801,35.92151951,128.5994928,,,지하차도 침수방지,2025-07-02,3450000,대구광역시 북구
고촌 지하차도 배수펌프장,대구광역시,북구,,대구광역시 북구 서변동 1254-1,35.91521012,128.5977955,,,지하차도 침수방지,2025-07-02,3450000,대구광역시 북구
무태 지하차도 배수펌프장,대구광역시,북구,,대구광역시 북구 서변동 1282-6,35.91395596,128.6001705,,,지하차도 침수방지,2025-07-02,3450000,대구광역시 북구
칠곡 지하차도 배수펌프장,대구광역시,북구,,대구광역시 북구 태전동 940,35.93252619,128.547992,,,지하차도 침수방지,2025-07-02,3450000,대구광역시 북구
매천 지하차도 배수펌프장,대구광역시,북구,,대구광역시 북구 매천동 370,35.90392858,128.5445191,,,지하차도 침수방지,2025-07-02,3450000,대구광역시 북구
칠성 지하차도 배수펌프장,대구광역시,북구,,대구광역시 북구 칠성동2가 302-99,35.87507992,128.6009996,,,지하차도 침수방지,2025-07-02,3450000,대구광역시 북구
원대 지하차도 배수펌프장,대구광역시,북구,,대구광역시 중구 고성동2가 127-1,35.879248,128.580595,,,지하차도 침수방지,2025-07-02,3450000,대구광역시 북구
대구역 지하차도 배수펌프장,대구광역시,북구,,대구광역시 북구 칠성동2가 302-329,35.8761953,128.600233,,,지하차도 침수방지,2025-07-02,3450000,대구광역시 북구
침산교 지하차도 배수펌프장,대구광역시,북구,,대구광역시 북구 침산동 663-8,35.89920833,128.593007,,,지하차도 침수방지,2025-07-02,3450000,대구광역시 북구
효동지하차도,대전광역시,동구,,대전광역시 동구 신흥동 46-13,36.31931496,127.4439072,042-251-4877,2015,가도교 침수피해 예방운영,2025-08-13,3640000,대전광역시 동구
인동지하차도,대전광역시,동구,,대전광역시 동구 인동 352-5,36.32312297,127.4385917,042-251-4877,2016,가도교 침수피해 예방운영,2025-08-13,3640000,대전광역시 동구
신흥지하차도,대전광역시,동구,,대전광역시 동구 인동 123,36.32376336,127.4384701,042-251-4877,2016,가도교 침수피해 예방운영,2025-08-13,3640000,대전광역시 동구
대동지하차도,대전광역시,동구,,대전광역시 동구 대동 138-24,36.32954505,127.4428846,042-251-4877,2003,가도교 침수피해 예방운영,2025-08-13,3640000,대전광역시 동구
원동지하차도,대전광역시,동구,,대전광역시 동구 신안동 302-18,36.3270899,127.4373224,042-251-4877,2015,가도교 침수피해 예방운영,2025-08-13,3640000,대전광역시 동구
대전역지하차도,대전광역시,동구,,대전광역시 동구 소제동 291-7,36.33291192,127.4370681,042-251-4877,2005,가도교 침수피해 예방운영,2025-08-13,3640000,대전광역시 동구
정동지하차도,대전광역시,동구,,대전광역시 동구 삼성동 104-89,36.33672084,127.4326396,042-251-4877,2017,가도교 침수피해 예방운영,2025-08-13,3640000,대전광역시 동구
삼성지하차도,대전광역시,동구,,대전광역시 동구 삼성동 465-6,36.33918073,127.4304558,042-251-4877,2016,가도교 침수피해 예방운영,2025-08-13,3640000,대전광역시 동구
성남지하차도,대전광역시,동구,,대전광역시 동구 성남동 223-55,36.34151227,127.4290872,042-251-4877,2015,가도교 침수피해 예방운영,2025-08-13,3640000,대전광역시 동구
홍도지하차도,대전광역시,동구,,대전광역시 동구 삼성동 369-15,36.34305638,127.4245051,042-251-4877,2021,가도교 침수피해 예방운영,2025-08-13,3640000,대전광역시 동구
동산천배수펌프장,대전광역시,동구,,대전광역시 동구 성남동 236-8,36.3434466,127.4250598,042-251-4877,1987,가도교 침수피해 예방운영,2025-08-13,3640000,대전광역시 동구
현암지하보도,대전광역시,동구,,대전광역시 동구 홍도동 22-5,36.34471657,127.4252354,042-251-4877,2015,가도교 침수피해 예방운영,2025-08-13,3640000,대전광역시 동구
동산지하차도,대전광역시,동구,,대전광역시 동구 홍도동 162-6,36.34639327,127.4236633,042-251-4877,2014,가도교 침수피해 예방운영,2025-08-13,3640000,대전광역시 동구
홍도지하보도,대전광역시,동구,,대전광역시 동구 홍도동 825,36.34608177,127.4235306,042-251-4877,2015,가도교 침수피해 예방운영,2025-08-13,3640000,대전광역시 동구
매산배수펌프장,경기도,광주시,,경기도 광주시 매산동 678-13,37.35809558,127.240021,,2016,침수예방,2025-09-10,5540000,경기도 광주시
곤지암2배수펌프장,경기도,광주시,경기도 광주시 곤지암읍 광여로4번길 34,,37.34782837,127.3514131,,2017,침수예방,2025-09-10,5540000,경기도 광주시
지월배수펌프장,경기도,광주시,경기도 광주시 초월읍 경수길37번길 52-30,,37.42511377,127.2901684,,2012,침수예방,2025-09-10,5540000,경기도 광주시
역동배수펌프장,경기도,광주시,,경기도 광주시 역동 208-1,37.39323135,127.2504734,,2007,침수예방,2025-09-10,5540000,경기도 광주시
양벌2배수펌프장,경기도,광주시,,경기도 광주시 양벌동 426-25,37.38093334,127.2479196,,2003,침수예방,2025-09-10,5540000,경기도 광주시
양벌1배수펌프장,경기도,광주시,,경기도 광주시 양벌동 83,37.3908341,127.2524772,,2003,침수예방,2025-09-10,5540000,경기도 광주시
송정배수펌프장,경기도,광주시,경기도 광주시 수하길 52,,37.41477139,127.2655111,,2000,침수예방,2025-09-10,5540000,경기도 광주시
서하3배수펌프장,경기도,광주시,,경기도 광주시 초월읍 서하리 946-3,37.43218403,127.3118102,,2007,침수예방,2025-09-10,5540000,경기도 광주시
서하2배수펌프장,경기도,광주시,,경기도 광주시 초월읍 서하리 946-3,37.4321672,127.3118075,,2003,침수예방,2025-09-10,5540000,경기도 광주시
서하1배수펌프장,경기도,광주시,,경기도 광주시 초월읍 서하리 1002-1,37.4297243,127.3087809,,2003,침수예방,2025-09-10,5540000,경기도 광주시
무갑리배수펌프장,경기도,광주시,,경기도 광주시 초월읍 무갑리 699,37.4273619,127.3057951,,2003,침수예방,2025-09-10,5540000,경기도 광주시
곤지암1배수펌프장,경기도,광주시,경기도 광주시 곤지암읍 곤지암로 70-36,,37.35090438,127.3374213,,2016,침수예방,2025-09-10,5540000,경기도 광주시
고산배수펌프장,경기도,광주시,,경기도 광주시 고산동 6-14,37.37840076,127.2448227,,2009,침수예방,2025-09-10,5540000,경기도 광주시
장지배수펌프장,경기도,광주시,경기도 광주시 포은대로 706,,37.3886017,127.2460331,,2012,침수예방,2025-09-10,5540000,경기도 광주시
경안배수펌프장,경기도,광주시,경기도 광주시 파발로 51,,37.41134365,127.261833,,1998,침수예방,2025-09-10,5540000,경기도 광주시
권곡 배수펌프장,충청남도,아산시,,충청남도 아산시 권곡동 153-1,36.79613845,127.01374860,,2019,복합,2025-08-27,4520000,충청남도 아산시
구령 배수펌프장,충청남도,아산시,,충청남도 아산시 탕정면 갈산리 745-79,36.78869303,127.05334910,,2016,복합,2025-08-27,4520000,충청남도 아산시
송곡 배수펌프장,충청남도,아산시,,충청남도 아산시 염치읍 석정리 79-6,36.79851264,127.00597360,,2015,복합,2025-08-27,4520000,충청남도 아산시
염성 배수펌프장,충청남도,아산시,,충청남도 아산시 염치읍 염성리 252-40,36.81264342,126.96734470,,2012,복합,2025-08-27,4520000,충청남도 아산시
석정1-2 배수펌프장,충청남도,아산시,,충청남도 아산시 염치읍 석정리 52-6,36.79865310,127.00021630,,1992,복합,2025-08-27,4520000,충청남도 아산시
인천교매립지빗물펌프장,인천광역시,동구,인천광역시 동구 중봉대로 113-134,인천광역시 동구 송현동 147번지,37.493035,126.6433548,032-770-6886,1990,침수방지,2025-08-01,3501000,인천광역시 제물포구
제1일반산업단지 망제지구 제2 배수펌프장,전북특별자치도,정읍시,,전북특별자치도 정읍시 망제동 41-6,35.60646297,126.8437763,063-539-5675,2013,재난대응용,2025-08-01,4691000,전북특별자치도 정읍시
제1일반산업단지 망제지구 제1 배수펌프장,전북특별자치도,정읍시,,전북특별자치도 정읍시 영파동 498-2,35.6083841,126.8464783,063-539-5675,2013,재난대응용,2025-08-01,4691000,전북특별자치도 정읍시
대림3 빗물펌프장,서울특별시,영등포구,서울특별시 영등포구 도신로 1,서울특별시 영등포구 대림동 611,37.5042932,126.8944197,2670-4058,1980,풍수해대비,2025-08-01,3180000,서울특별시 영등포구
대림2 빗물펌프장,서울특별시,영등포구,서울특별시 영등포구 도림천로 21길 1,서울특별시 영등포구 대림동 995-1,37.48585464,126.9017211,2670-4061,1992,풍수해대비,2025-08-01,3180000,서울특별시 영등포구
신길 빗물펌프장,서울특별시,영등포구,서울특별시 영등포구 영등포로343-10,서울특별시 영등포구 신길동 53,37.51637872,126.9181375,2670-4054,1989,풍수해대비,2025-08-01,3180000,서울특별시 영등포구
도림2 빗물펌프장,서울특별시,영등포구,서울특별시 영등포구 대방천로 29-18,서울특별시 영등포구 도림동 254,37.50620386,126.8975779,2670-4059,1982,풍수해대비,2025-08-01,3180000,서울특별시 영등포구
영등포 빗물펌프장,서울특별시,영등포구,서울특별시 영등포구 경인로 114길 19,서울특별시 영등포구 영등포동2가 5-2,37.51811643,126.9155046,2670-4060,1990,풍수해대비,2025-08-01,3180000,서울특별시 영등포구
문래 빗물펌프장,서울특별시,영등포구,서울특별시 영등포구 도림천로 62,서울특별시 영등포구 문래동5가 35,37.51532066,126.8832866,2670-4055,1989,풍수해대비,2025-08-01,3180000,서울특별시 영등포구
양평2 빗물펌프장,서울특별시,영등포구,서울특별시 영등포구 양평로171,서울특별시 영등포구 양평동 35-2,37.52554123,126.8840668,2670-4057,1990,풍수해대비,2025-08-01,3180000,서울특별시 영등포구
양평1 빗물펌프장,서울특별시,영등포구,서울특별시 영등포구 선유로 35길22,서울특별시 영등포구 양평동 3가 57,37.52875339,126.8909801,2670-4056,1988,풍수해대비,2025-08-01,3180000,서울특별시 영등포구
미장2배수펌프장,전북특별자치도,군산시,전북특별자치도 군산시 공단대로 146,전북특별자치도 군산시 미장동 542-2,35.959901,126.725601,063-454-3875,2016,우수배제,2025-08-04,4671000,전북특별자치도 군산시
미장1배수펌프장,전북특별자치도,군산시,전북특별자치도 군산시 경포천로 88,전북특별자치도 군산시 미장동 484-2,35.967101,126.724001,063-454-3875,2016,우수배제,2025-08-04,4671000,전북특별자치도 군산시
중동1배수펌프장,전북특별자치도,군산시,,전북특별자치도 군산시 금암동 273-17,35.984601,126.727501,063-454-3875,2018,우수배제,2025-08-04,4671000,전북특별자치도 군산시
구남,부산광역시,북구,부산광역시 북구 구포만세길 10,,35.2026381,128.995304,051-309-4677,2003,침수예방,2025-08-20,3320000,부산광역시 북구
봉서3리간이배수펌프장,경기도,파주시,,경기도 파주시 파주읍 봉서리 1165-2,37.8541301469,126.7988945455,,2001,침수방지,2025-07-21,4060000,경기도 파주시
봉서2리간이배수펌프장,경기도,파주시,경기도 파주시 파주읍 문산역로 49-107,경기도 파주시 파주읍 봉서리 1303-12,37.8496195852,126.783534476,,2002,침수방지,2025-07-21,4060000,경기도 파주시
봉암1리간이배수펌프장,경기도,파주시,,경기도 파주시 파주읍 봉암리 520-23,37.8142478072,126.7959860139,,2001,침수방지,2025-07-21,4060000,경기도 파주시
능안리간이배수펌프장,경기도,파주시,,경기도 파주시 조리읍 능안리 40-1,37.7419497288,126.7928567326,,2008,침수방지,2025-07-21,4060000,경기도 파주시
봉일천4리간이배수펌프장,경기도,파주시,,경기도 파주시 조리읍 봉일천리 80-22,37.7403268821,126.8221653655,,1996,침수방지,2025-07-21,4060000,경기도 파주시
장례식장간이배수펌프장,경기도,파주시,,경기도 파주시 문산읍 선유리 966-13,37.8594459788,126.7888306909,,2008,침수방지,2025-07-21,4060000,경기도 파주시
사목리간이배수펌프장,경기도,파주시,,경기도 파주시 문산읍 사목리 204-6,37.8692583505,126.7508430604,,2003,침수방지,2025-07-21,4060000,경기도 파주시
문산4-3간이배수펌프장,경기도,파주시,경기도 파주시 문산읍 문향로68번길 43-3,경기도 파주시 문산읍 문산리 17-23,37.8562611924,126.7867332134,,2002,침수방지,2025-07-21,4060000,경기도 파주시
문산4-2간이배수펌프장,경기도,파주시,경기도 파주시 문산읍 문향로68번길 43-3,경기도 파주시 문산읍 문산리 17-23,37.8562611924,126.7867332134,,2002,침수방지,2025-07-21,4060000,경기도 파주시
문산4-1간이배수펌프장,경기도,파주시,경기도 파주시 문산읍 문향로68번길 43-3,경기도 파주시 문산읍 문산리 17-23,37.8562611924,126.7867332134,,2002,침수방지,2025-07-21,4060000,경기도 파주시
문산5간이배수펌프장,경기도,파주시,경기도 파주시 문산읍 개포래로 34,경기도 파주시 문산읍 문산리 35-8,37.852754329,126.7848979142,,1995,침수방지,2025-07-21,4060000,경기도 파주시
문산2간이배수펌프장,경기도,파주시,,경기도 파주시 문산읍 문산리 140-40,37.8590308649,126.7767317116,,2001,침수방지,2025-07-21,4060000,경기도 파주시
금촌제1교배수펌프장,경기도,파주시,경기도 파주시 새꽃로 243,경기도 파주시 아동동 311-3,37.7674816752,126.7787912124,,2008,침수방지,2025-07-21,4060000,경기도 파주시
금촌2배수펌프장,경기도,파주시,경기도 파주시 강천길 58-98,경기도 파주시 금촌동 890,37.7607031686,126.762935853,,2000,침수방지,2025-07-21,4060000,경기도 파주시
금촌기존배수펌프장,경기도,파주시,경기도 파주시 평화로 86,경기도 파주시 금촌동 366-1,37.765197605,126.7703410459,,1995,침수방지,2025-07-21,4060000,경기도 파주시
운정배수펌프장,경기도,파주시,경기도 파주시 소리천로 215,경기도 파주시 와동동 1478,37.734355987,126.770377919,,2012,침수방지,2025-07-21,4060000,경기도 파주시
문발배수펌프장,경기도,파주시,경기도 파주시 직지길 457-50,경기도 파주시 문발동 647,37.7209758631,126.6882446154,,2012,침수방지,2025-07-21,4060000,경기도 파주시
두포삼거리배수펌프장,경기도,파주시,경기도 파주시 파평면 파평산로 561,경기도 파주시 파평면 두포리 397-2,37.9045043117,126.8254911763,,2004,침수방지,2025-07-21,4060000,경기도 파주시
두포배수펌프장,경기도,파주시,경기도 파주시 파평면 파평산로 498-8,경기도 파주시 파평면 두포리 353-1,37.9031950607,126.8337057214,,2002,침수방지,2025-07-21,4060000,경기도 파주시
두지배수펌프장,경기도,파주시,경기도 파주시 적성면 율곡로 1934,경기도 파주시 적성면 두지리 61-2,37.9679657897,126.8998184436,,2010,침수방지,2025-07-21,4060000,경기도 파주시
가월리배수펌프장,경기도,파주시,경기도 파주시 적성면 가월로 133-110,경기도 파주시 적성면 가월리 1126,37.9725233258,126.8985367744,,2008,침수방지,2025-07-21,4060000,경기도 파주시
봉일천배수펌프장,경기도,파주시,경기도 파주시 조리읍 송비말길 79-48,경기도 파주시 조리읍 봉일천리 197-11,37.7443582422,126.8025988747,,2000,침수방지,2025-07-21,4060000,경기도 파주시
선유4배수펌프장,경기도,파주시,경기도 파주시 문산읍 독서울2길 46-94,경기도 파주시 문산읍 선유리 1176,37.860737571,126.8028153738,,2000,침수방지,2025-07-21,4060000,경기도 파주시
선유3배수펌프장,경기도,파주시,경기도 파주시 문산읍 통일로 1626-37,경기도 파주시 문산읍 선유리 1392-6,37.8538069555,126.7898128911,,2000,침수방지,2025-07-21,4060000,경기도 파주시
당동배수펌프장,경기도,파주시,경기도 파주시 문산읍 당동1로 39-65,경기도 파주시 문산읍 당동리 548,37.8604984623,126.7732393348,,2002,침수방지,2025-07-21,4060000,경기도 파주시
문산배수펌프장,경기도,파주시,경기도 파주시 문산읍 개포래로 88,경기도 파주시 문산읍 문산리 10-87,37.8569833656,126.781265973,,2000,침수방지,2025-07-21,4060000,경기도 파주시
완산 배수펌프장,경상북도,영천시,,경상북도 영천시 완산동 1269-48,35.9648087,128.9358056,054-339-7598,2003,침수방지,2025-07-21,5100000,경상북도 영천시
노리배수장,경상남도,합천군,경상남도 합천군 용주면 노리팔산길 52-31,,35.52363775,128.1189342,,2021,침수방지,2025-07-23,5480000,경상남도 합천군
해곡배수장,경상남도,합천군,경상남도 합천군 용주면 해곡길 52,,35.53424658,128.1221576,,2021,침수방지,2025-07-23,5480000,경상남도 합천군
세안골뜰간이배수장,경상남도,합천군,,경상남도 합천군 대병면 성리 1373-3,35.51681005,128.0525753,,2020,침수방지,2025-07-23,5480000,경상남도 합천군
용계 간이배수장,경상남도,합천군,,경상남도 합천군 삼가면 학리 1343,35.38721105,128.093003,,2016,침수방지,2025-07-23,5480000,경상남도 합천군
토동 배수장,경상남도,합천군,,경상남도 합천군 삼가면 외토리 580,35.38732414,128.1019047,,2021,침수방지,2025-07-23,5480000,경상남도 합천군
외토2 배수장,경상남도,합천군,,경상남도 합천군 삼가면 외토리 1351-5,35.37069685,128.0815154,,2022,침수방지,2025-07-23,5480000,경상남도 합천군
외토 배수장,경상남도,합천군,,경상남도 합천군 삼가면 외토리 1218-1,35.36911686,128.0894677,,2014,침수방지,2025-07-23,5480000,경상남도 합천군
오목마을 배수펌프장,경기도,의정부시,경기도 의정부시 용민로 105,경기도 의정부시 민락동 736-2,37.73975019,127.0892671,,2001,내수배제,2025-06-24,3820000,경기도 의정부시
신흥마을 배수펌프장,경기도,의정부시,,경기도 의정부시 의정부동 89-5,37.7303463,127.0470126,,2008,내수배제,2025-06-24,3820000,경기도 의정부시
호원동 간이배수펌프장,경기도,의정부시,경기도 의정부시 안말로101번길 11,경기도 의정부시 호원동 446-44,37.71496835,127.0498773,,2001,내수배제,2025-06-24,3820000,경기도 의정부시