grid_id,baseline_rank,top20_probability,rank_p05,rank_p95,rank_min,rank_max
라라775800,3188,0.010416666666666666,429.0,8460.0,4,9361
라라782800,1949,0.017708333333333333,182.0,8094.649999999996,2,8590
라라783805,2480,0.006597222222222222,647.0,6766.299999999998,19,8399
라라784804,3171,0.0,654.0,8681.05,23,9380
라라784805,2560,0.0,678.0,7191.0,25,8211
라라784806,2484,0.00034722222222222224,779.0,6838.199999999999,28,8825
라라785806,2913,0.0,872.0,7330.049999999999,35,8564
라라786801,2206,0.012152777777777778,344.0,8106.89999999999,10,8605
라라787803,3020,0.0,691.0,8371.099999999999,29,9131
라라789803,2216,0.004166666666666667,442.35000000000025,7403.0,27,8030
라라792877,1910,0.0024305555555555556,357.0,5936.0,31,6813
라라793859,1541,0.024652777777777777,49.0,4882.0,4,5415
라라793861,1551,0.00034722222222222224,108.0,5085.449999999997,8,5641
라라793862,1705,0.007291666666666667,181.75000000000009,5495.9999999999945,17,6051
라라797855,2122,0.008333333333333333,60.0,4705.0,10,5040
라라797867,2010,0.002777777777777778,275.95000000000005,5719.0,23,6676
라라798855,2196,0.014930555555555556,52.0,5204.0,3,5950
라라798856,3526,0.0,709.6500000000001,7929.449999999997,47,8431
라라798867,1901,0.007291666666666667,226.7000000000001,5083.0,13,5890
라라798869,2837,0.0,552.95,5883.15,45,6855
라라798870,2615,0.0006944444444444445,550.0,5203.0,24,7404
라라800874,2295,0.0,312.90000000000003,5695.0,27,6659
라라800875,2075,0.010069444444444445,138.95000000000002,5401.0,15,6002
라라805830,1774,0.010763888888888889,164.0,4679.0,13,5679
라라808829,2089,0.0006944444444444445,342.85,5874.0,35,6744
라라810828,1791,0.0,234.0,5724.0,15,6679
라라810874,2811,0.001388888888888889,281.0,5538.0,26,6557
라라811826,1742,0.0,189.95000000000002,5091.0,11,5920
라라811827,2412,0.0,491.90000000000003,7966.3499999999985,22,8461
라라811828,1709,0.0,179.75000000000009,5470.649999999996,15,6046
라라812826,2063,0.0,388.95000000000005,5911.0,37,6799
라라812827,1148,0.08263888888888889,26.0,4961.0,2,5601
라라812828,1624,0.0010416666666666667,176.95000000000002,5517.699999999996,15,6063
라라816826,1974,0.009375,449.0,6417.799999999996,16,7182
라라817823,2928,0.0,683.0,8203.0,45,9012
라라818782,2502,0.0,331.0,4872.0,32,5821
라라818846,1594,0.007291666666666667,106.0,5408.0,7,6003
라라818847,1376,0.015625,82.0,4780.049999999999,4,5247
라라819842,2746,0.0,663.8000000000001,6247.0,45,7901
라라819861,2094,0.0,290.95000000000005,5114.0,19,6169
라라820842,2743,0.0,663.2000000000003,6223.0,44,7711
라라820843,1914,0.0045138888888888885,275.90000000000003,5238.099999999994,17,6495
라라820858,2065,0.0,151.0,5571.0,9,6583
라라820859,1834,0.013194444444444444,50.0,5285.0,4,5973
라라820861,2236,0.0,290.90000000000003,5537.0,27,6056
라라821859,1710,0.011805555555555555,59.0,4916.0,6,5412
라라821860,2193,0.0,293.0,5697.0,25,6660
라라821863,2576,0.0,518.7500000000001,5965.15,38,7035
라라823844,1785,0.019444444444444445,75.0,5344.0,6,5990
라라824844,2551,0.0,437.0,5977.049999999999,47,6764
라라825783,2898,0.0,596.0,5062.0,46,6525
라라825784,2753,0.0,365.0,5101.0,47,5742
라라826783,2233,0.00034722222222222224,366.0,4560.0,26,6158
라라826823,1696,0.00034722222222222224,194.0,6527.0,3,7381
라라826824,1706,0.0024305555555555556,195.0,6222.0,2,7710
라라827824,1898,0.018055555555555554,113.0,8097.0,1,8758
라라830845,1953,0.0038194444444444443,331.95000000000005,5022.0,12,7006
라라844853,2450,0.0,518.6500000000001,5365.0,48,6488
라라854815,2357,0.001388888888888889,128.0,4240.0,25,4873
라라855784,2379,0.0,120.0,4277.0,37,4745
라라860805,2796,0.001388888888888889,129.0,5093.0,28,5595
라라861792,2880,0.0,419.0,5658.0,45,6626
라라862791,2891,0.0038194444444444443,270.90000000000003,6813.0,13,7971
라라868805,2462,0.0,931.6500000000001,5028.949999999995,44,7561
라라869805,2442,0.0,563.0,4468.0,42,6589
라라874775,1689,0.0,348.0,3938.0,41,5956
라라874776,1328,0.0,217.0,3587.0,34,5350
라라878818,2301,0.0,423.0,4845.0,37,6308
라라891839,2889,0.0,417.0,7103.0,17,7973
라라892839,2468,0.003125,266.0,6180.0,6,7751
라라892840,2312,0.0010416666666666667,236.0,5676.0,8,6617
라라892841,2619,0.0,486.0,5857.0,36,6718
라라893841,2096,0.0006944444444444445,116.0,4778.0,23,5113
라라898829,2057,0.0,153.0,4710.0,42,4891
라라899829,2049,0.0,206.0,4803.0,46,5015
라라900858,2167,0.0,621.6000000000001,5927.499999999997,43,6903
라라901813,1363,0.0,989.85,5076.049999999999,46,8594
라라901863,1584,0.00034722222222222224,361.0,5192.0,22,5690
라라902768,2577,0.008333333333333333,481.0,7559.749999999996,5,8717
라라902863,1846,0.002777777777777778,562.7500000000001,6037.649999999996,21,6940
라라903762,2644,0.007291666666666667,565.0,7840.649999999996,6,9490
라라903767,2667,0.0010416666666666667,521.0,7643.0,6,9083
라라903776,2513,0.0,774.0,6661.0,23,8131
라라903777,2524,0.0,954.0,6661.199999999999,37,8548
라라903800,686,0.00034722222222222224,123.0,4363.0,22,8557
라라904766,4215,0.0,666.0,9682.0,11,9989
라라904775,3061,0.005208333333333333,744.0,7850.0,19,8830
라라904776,3835,0.0,848.0,9072.349999999999,22,9670
라라905764,3078,0.001388888888888889,596.0,8406.0,8,9440
라라906765,3973,0.00625,629.0,9527.0,9,9927
라라909946,1631,0.012847222222222222,118.0,8479.84999999999,7,10047
라라910815,4504,0.0024305555555555556,650.85,5898.499999999992,24,7251
라라910819,5833,0.0,364.7000000000001,8404.0,14,10020
라라910821,6071,0.0,1391.5500000000002,6927.0,33,9034
라라911816,6028,0.0,1345.5000000000002,6910.0,32,9008
라라911817,8245,0.0,1868.0,9411.05,39,10125
라라911819,4545,0.006944444444444444,233.95000000000002,8227.749999999996,9,10081
라라912924,3,0.8913194444444444,1.0,222.09999999999945,1,2602
라라916805,3424,0.004166666666666667,537.6000000000001,7910.0,25,8452
라라917806,2896,0.0,439.85,5691.0,35,6510
라라917965,2559,0.011111111111111112,435.1500000000003,8890.0,5,9997
라라918806,3340,0.0,649.6000000000001,7979.0,24,8734
라라918807,3990,0.0,1028.7000000000012,8303.05,30,9182
라라918963,3715,0.0,1002.9000000000001,6040.15,22,8737
라라919807,3262,0.0024305555555555556,685.95,8015.0,21,8898
라라919830,4129,0.001736111111111111,844.3500000000003,7925.0,27,8537
라라919836,4499,0.0125,314.7000000000001,8121.049999999983,4,9600
라라920806,2339,0.0,273.95000000000005,7902.0,7,8439
라라920807,2044,0.0006944444444444445,231.95000000000002,5513.0,16,6342
라라921793,3265,0.0,441.85,7872.099999999999,19,8413
라라921795,2112,0.0,149.90000000000003,5289.449999999997,5,6448
라라921807,1727,0.0010416666666666667,171.95000000000002,5770.299999999998,5,6629
라라921808,3178,0.0,644.0,8233.0,16,9198
라라921838,5500,0.0,436.50000000000017,6939.0,9,9380
라라922794,2209,0.0,121.0,6461.0,3,7959
라라922807,1924,0.02013888888888889,196.90000000000003,7885.0,1,8421
라라922808,2514,0.0,387.0,7988.0,6,8763
라라922838,6167,0.003472222222222222,1105.4,8342.0,18,9845
라라923794,911,0.23993055555555556,5.0,4382.0,2,4754
라라923809,3009,0.0,531.0,8213.0,11,9214
라라923830,5606,0.00034722222222222224,1435.7500000000005,8371.0,31,9245
라라924809,1865,0.00034722222222222224,236.0,5827.099999999999,4,6802
라라924811,2581,0.005902777777777778,405.90000000000003,6431.249999999998,7,8271
라라926826,7375,0.0,1402.0,7467.799999999996,38,9668
라라928828,6060,0.0006944444444444445,919.6500000000001,6306.15,30,9182
라라929796,1849,0.0,137.0,4300.0,35,4986
라라929887,5006,0.0,1650.0,9844.0,36,9993
라라930883,3840,0.0,1387.0,8734.05,37,8892
라라930885,3376,0.0006944444444444445,1245.0,8643.0,26,8688
라라931883,4231,0.0,1530.0,9368.0,48,9650
라라931884,3722,0.0,1240.0,9029.05,36,9413
라라931885,3229,0.001388888888888889,989.0,8795.0,25,9233
라라931974,103,0.0,72.0,1822.2499999999986,46,6658
라라932974,255,0.0,102.95000000000002,4262.0,35,8677
라라933973,161,0.0,77.95000000000002,3155.0,36,8032
라라933974,39,0.12256944444444444,22.0,1644.0,4,6734
라라934973,320,0.0,120.0,4933.0,45,8922
라라936892,3161,0.001736111111111111,1097.0,8481.0,30,8715
라라937889,2669,0.0020833333333333333,1093.0,7933.0,22,8156
라라938854,1668,0.0010416666666666667,77.0,4075.0499999999997,28,4323
라라947874,1466,0.00625,315.85,4351.0,10,6729
라라955859,4122,0.0006944444444444445,631.6500000000001,7900.0,29,8625
라라955860,4433,0.0,625.85,7887.099999999999,40,8879
라라958848,1040,0.00034722222222222224,316.95000000000005,2724.2499999999986,28,5256
라라959852,2780,0.00034722222222222224,156.0,4605.0,31,4988
라라959856,3678,0.0,698.9000000000001,7821.299999999998,38,8428
라라960838,451,0.013888888888888888,38.0,2431.0,31,2563
라라960845,159,0.0,87.0,1004.0,28,3017
라라960846,134,0.0,93.95000000000002,1014.3999999999978,22,3716
라라960847,202,0.0,168.0,2074.8499999999954,33,5553
라라960848,217,0.0,173.95000000000002,2421.4499999999975,30,6119
라라960852,2018,0.0,148.0,3879.0,44,4754
라라960872,167,0.0,120.0,2887.2499999999986,47,5692
라라960936,499,0.009027777777777777,79.95000000000002,1742.0,11,3698
라라961846,80,0.053125,28.0,937.0,5,3692
라라961847,218,0.0,129.90000000000003,1639.3999999999978,12,5321
라라962822,2106,0.0,263.0,4227.0,42,5546
라라962848,140,0.0,81.0,1475.3999999999978,8,5418
라라962896,27,0.5638888888888889,4.0,353.0499999999997,2,2503
라라963835,341,0.0,146.0,5097.0,50,8880
라라963870,133,0.31805555555555554,9.0,1295.0,7,2278
라라964917,971,0.0,64.0,6226.0,44,9309
라라965833,277,0.003472222222222222,103.0,4729.0,39,8826
라라965841,18,0.3055555555555556,3.0,1181.0,1,2425
라라965871,99,0.0,59.0,1414.0499999999997,40,4772
라라966800,3355,0.0,529.9000000000001,7034.0,42,7994
라라966842,314,0.0038194444444444443,124.0,4949.0,33,8756
라라966843,591,0.0,202.0,6355.0,49,9253
라라966880,417,0.0,54.0,3114.4999999999973,39,8253
라라966882,166,0.40868055555555555,5.0,1379.0,4,7267
라라966920,514,0.0,64.0,3103.0,33,8377
라라967875,34,0.22569444444444445,21.0,467.3499999999981,12,4484
라라967876,68,0.008333333333333333,31.0,950.0499999999997,16,5582
라라967878,56,0.5416666666666666,5.0,415.549999999997,4,4946
라라967880,393,0.0,36.0,2199.0,15,8116
라라967881,219,0.0,14.0,1741.0,13,7279
라라967893,530,0.12048611111111111,18.0,4847.0,8,9283
라라967895,200,0.005555555555555556,29.0,1399.2499999999986,20,6258
라라967921,643,0.0,79.0,3878.0,43,8794
라라968867,74,0.0,77.0,889.0,48,3745
라라968874,239,0.0,59.0,1463.0,48,2301
라라968875,59,0.0,53.0,884.2999999999984,35,4747
라라968876,49,0.0,30.0,722.1499999999992,15,4981
라라968880,258,0.0,32.0,2149.4999999999973,20,6790
라라968906,478,0.0,184.95000000000002,3135.449999999992,26,6652
라라969873,96,0.019444444444444445,37.0,1153.0,23,2298
라라969875,42,0.0,42.0,866.4499999999975,27,4585
라라969879,1567,0.0,105.0,3487.0,46,4591
라라969896,716,0.22708333333333333,24.0,1978.0,22,5824
라라969900,1026,0.05798611111111111,37.0,2073.349999999998,36,7589
라라969906,375,0.0,68.0,3337.949999999995,41,6381
라라970875,47,0.0,55.0,747.0499999999997,40,4627
라라970876,37,0.01597222222222222,33.0,913.1499999999992,18,5405
라라970894,296,0.0,48.0,2176.2999999999984,42,7138
라라970896,3325,0.0,157.0,4446.0,49,6517
라라970902,1381,0.00798611111111111,48.0,2726.0,36,6997
라라971766,2470,0.0,384.60000000000014,3767.0,45,5928
라라971874,26,0.13055555555555556,21.0,577.3499999999981,10,4661
라라971893,237,0.0,28.0,1800.7999999999956,25,6113
라라971895,344,0.0,64.0,1590.2499999999986,37,6908
라라971899,420,0.005208333333333333,16.0,1501.0,12,5835
라라971901,3112,0.0,82.0,3885.0,37,8586
라라971902,2936,0.0,79.0,3870.0,48,8774
라라972802,2478,0.011805555555555555,100.0,5488.0,3,6378
라라972894,181,0.09444444444444444,24.0,1458.1499999999992,22,5627
라라972896,212,0.0,41.0,1798.0499999999997,37,6234
라라972921,69,0.002777777777777778,33.0,1057.6499999999965,17,3340
라라973755,3066,0.0,289.85,3852.0999999999995,34,7878
라라973802,2540,0.0,121.0,5487.0,5,6418
라라973898,177,0.0,57.0,1133.199999999999,44,4550
라라973899,256,0.0,36.0,2075.4499999999975,32,6531
라라973900,301,0.2545138888888889,5.0,1283.0,4,7517
라라973907,616,0.0,308.90000000000003,4825.299999999998,32,8377
라라974898,105,0.02847222222222222,16.0,839.9999999999945,12,4624
라라974899,176,0.0,25.0,1197.4499999999975,20,5716
라라974900,118,0.26944444444444443,7.0,898.0,6,6467
라라974901,352,0.0,40.0,2259.0,24,8019
라라974906,305,0.0,175.0,2036.3999999999978,50,4882
라라974911,1256,0.0,86.0,3119.0,49,4474
라라975800,3348,0.0,440.95000000000005,6992.0,31,7978
라라975801,2930,0.006944444444444444,262.0,7674.399999999998,3,8380
라라975899,403,0.0006944444444444445,17.0,1416.0,13,6461
라라975911,1591,0.0,199.0,3305.0,50,5539
라라975917,5,0.9260416666666667,1.0,85.04999999999973,1,3125
라라975918,30,0.0,3.0,241.44999999999754,2,4178
라라975919,97,0.0,7.0,712.0499999999997,5,4856
라라976911,2946,0.001388888888888889,176.0,4140.0,32,7130
라라976912,508,0.0,67.0,3015.0,44,8330
라라976914,491,0.05555555555555555,26.0,3469.0,11,8220
라라976917,372,0.0,18.0,1541.0,11,5313
라라976923,2117,0.0,219.95000000000002,5574.0,30,9390
라라976924,1638,0.0006944444444444445,174.85000000000005,5432.0,22,9375
라라977850,196,0.0,196.0,2076.2499999999986,43,4488
라라977901,627,0.215625,27.0,1663.2499999999986,21,7533
라라977910,952,0.0,106.0,2383.0,36,5715
라라977911,1248,0.001388888888888889,57.0,2503.2499999999986,40,8050
라라978802,2903,0.0006944444444444445,336.0,5573.0,29,6547
라라978909,634,0.001736111111111111,93.0,2148.0,24,4327
라라978916,413,0.025694444444444443,46.0,1607.0,18,5087
라라979937,720,0.0,93.0,5214.0,47,8219
라라979952,2406,0.005555555555555556,339.0,7995.0,6,8751
라라979956,3028,0.00798611111111111,372.0,8628.349999999999,1,9547
라라980787,2342,0.0,70.0,4908.0,14,5386
라라980831,2400,0.004166666666666667,68.0,4031.0,28,8925
라라980832,2418,0.0,69.0,4015.0,29,8919
라라980915,1394,0.00034722222222222224,36.0,3084.0,14,6373
라라980944,4870,0.0,1442.5000000000002,7890.449999999997,48,9112
라라980952,1602,0.009375,152.95000000000002,5622.249999999998,6,6586
라라980953,1751,0.0,211.90000000000003,5775.0,11,6716
라라980955,2617,0.0038194444444444443,370.0,8083.299999999998,5,9041
라라981787,1569,0.011111111111111112,22.0,4183.0,4,4418
라라981788,1465,0.17916666666666667,19.0,4154.0,4,4376
라라981814,1203,0.0006944444444444445,334.80000000000007,3029.2499999999986,25,5763
라라981831,3275,0.0,150.0,4005.2499999999986,48,8661
라라981832,4176,0.0,142.0,7517.699999999996,45,9932
라라981850,67,0.017708333333333333,38.0,1232.0,6,3400
라라981913,1127,0.2326388888888889,18.0,2450.0,9,8146
라라981933,368,0.09618055555555556,23.0,2787.0,17,8005
라라981941,382,0.0010416666666666667,90.0,1838.0,18,3612
라라981943,213,0.0,88.95000000000002,4324.449999999975,35,7810
라라981945,4883,0.0,1464.4,8594.499999999996,44,9524
라라981946,3284,0.0,715.7,7118.749999999996,36,7786
라라981947,2078,0.0,206.0,5533.849999999995,14,6555
라라981948,60,0.3958333333333333,1.0,2456.0,1,2936
라라981949,82,0.007291666666666667,24.0,1851.0,1,5723
라라981952,2249,0.0,354.50000000000017,6063.899999999995,18,6941
라라982786,3187,0.0,234.0,5229.0,35,5827
라라982787,1189,0.0045138888888888885,26.0,3651.0,5,3814
라라982812,1167,0.009027777777777777,57.0,2602.0,15,6259
라라982835,1168,0.2152777777777778,31.0,5837.2999999999765,9,9685
라라982850,521,0.009375,140.0,5803.0,18,9390
라라982902,25,0.1527777777777778,25.0,396.0499999999997,14,3190
라라982944,1229,0.0,132.95000000000002,3816.0,8,5411
라라982945,740,0.01875,100.95000000000002,3505.0,4,5367
라라982946,707,0.0,61.0,3573.0,3,4872
라라982948,64,0.0010416666666666667,35.0,1542.0,3,5558
라라982949,654,0.0,75.0,3631.0,4,5113
라라982956,2871,0.004861111111111111,513.0,8161.099999999999,14,9081
라라983811,5067,0.014930555555555556,67.0,5781.0,8,9557
라라983812,3780,0.0,220.0,4165.0,40,8238
라라983905,100,0.042708333333333334,31.0,974.549999999997,26,4713
라라983910,936,0.002777777777777778,39.0,2076.0,34,6625
라라983945,131,0.002777777777777778,41.0,1444.0,14,2381
라라983946,206,0.0,43.0,1746.0,13,2747
라라983948,109,0.0,43.0,1678.0,10,4036
라라984952,5662,0.00034722222222222224,1663.9,9140.0,42,9844
라라986852,57,0.0,63.0,920.0,31,3429
라라986906,107,0.0,117.95000000000002,1155.0,47,4915
라라986917,284,0.00034722222222222224,35.0,1996.3999999999978,25,5973
라라987907,4,0.6760416666666667,4.0,177.09999999999945,2,3243
라라987909,175,0.0,51.0,1598.1499999999992,47,4970
라라987910,221,0.0,47.0,1782.1999999999935,44,6036
라라988919,111,0.0,32.0,1069.0,29,4965
라라988929,22,0.4305555555555556,7.0,517.0,3,4838
라라988932,70,0.0010416666666666667,33.0,855.0999999999995,22,4359
라라988939,302,0.0,59.0,2740.2999999999984,46,5553
라라989925,469,0.0,240.0,2596.0499999999997,33,7155
라라989926,214,0.0010416666666666667,42.0,2478.6499999999965,8,7610
라라989949,199,0.0024305555555555556,55.95000000000002,1868.0999999999995,20,4427
라라990918,61,0.03229166666666667,28.0,688.3999999999978,19,4940
라라990923,62,0.325,9.0,1256.0,1,6259
라라990924,666,0.0,433.90000000000003,3453.199999999999,11,7853
라라990925,862,0.0,577.0,3762.8499999999954,30,7995
라라990927,273,0.0024305555555555556,157.95000000000002,1699.0,8,4841
라라990928,36,0.02361111111111111,10.0,853.0,2,5648
라라991926,73,0.1076388888888889,24.0,1033.749999999996,9,5877
라라991927,156,0.0,41.0,2158.199999999999,10,7044
라라991937,90,0.0,42.0,1217.2499999999986,25,4261
라라992926,905,0.0,224.0,5752.649999999996,39,9430
라라994828,1543,0.010069444444444445,135.0,4925.249999999998,12,5345
라라997833,783,0.0375,40.0,4356.3499999999985,3,4895
라라997962,294,0.005555555555555556,32.0,2914.0,21,7774
라라997963,430,0.019097222222222224,40.0,3906.0,17,8294
라라998962,788,0.0006944444444444445,61.0,6990.0,31,9655
라마967065,4411,0.0010416666666666667,1005.0,9083.0,19,9795
라마972066,6004,0.0,1998.7,9360.0,46,9917
라마972067,4664,0.00034722222222222224,1187.2500000000002,7736.0,41,9370
라마973067,5463,0.0,1450.6000000000001,8750.0,47,9784
라마975063,2073,0.0024305555555555556,559.5500000000002,4982.699999999991,14,8278
라마976065,2363,0.0,696.95,5904.0,17,9073
라마979053,5016,0.00034722222222222224,1459.95,8638.0,40,9546
라마979058,3240,0.0006944444444444445,709.8000000000001,4662.199999999999,34,7217
라마980027,796,0.0,810.0,7011.449999999997,40,9312
라마980054,4173,0.0,1082.5500000000002,6881.0,43,8181
라마981029,216,0.00034722222222222224,20.0,2054.0,6,2911
라마981030,13,0.25729166666666664,7.0,999.0,3,2116
라마981031,142,0.0,30.0,1625.0,7,2539
라마982027,1,0.34930555555555554,1.0,875.0,1,2584
라마982030,603,0.001736111111111111,162.7000000000001,6874.0,33,9626
라마982059,4257,0.0,834.95,5729.0,46,6669
라마983027,996,0.0,872.0,7514.499999999992,44,9530
라마983030,944,0.0,227.0,7596.0,45,9811
라마983058,3270,0.0,487.7000000000001,4919.0,37,6318
라마983059,3290,0.0,602.95,4655.0,38,6720
라마984011,1016,0.00034722222222222224,818.8000000000001,4633.749999999991,28,8218
라마984029,304,0.0006944444444444445,115.0,5220.0,23,8911
라마984030,354,0.001388888888888889,136.0,5346.0,32,8932
라마985029,298,0.003472222222222222,97.0,5218.0,18,8848
라마985030,347,0.0,127.0,5442.0,24,8953
라마987028,23,0.05590277777777778,23.0,2350.2499999999986,2,6260
라마988056,4788,0.0,1166.75,6941.0,50,7768
라마995052,4736,0.0,1173.3000000000002,7639.649999999996,50,8268
라마998051,5247,0.0,1629.7,8544.0,49,9386
마라002791,2314,0.0,829.9000000000001,6435.0,49,7051
마라003791,1932,0.00034722222222222224,509.7500000000001,6015.15,28,6921
마라012964,1008,0.003125,77.0,6827.0,27,9559
마라013963,1313,0.0,105.0,7812.0,48,9833
마라015768,1857,0.0,145.0,4208.0,46,4798
마라024912,1809,0.0024305555555555556,351.0,5365.0,10,7803
마라025908,657,0.0,150.0,3274.0,12,5635
마라025909,426,0.009375,84.0,3106.0,5,5556
마라025913,2595,0.001388888888888889,811.0,8249.0,9,9263
마라026906,32,0.03333333333333333,32.0,1021.0,3,5028
마라027902,78,0.00034722222222222224,50.0,1238.199999999999,25,6157
마라027903,162,0.00034722222222222224,88.0,2267.0,31,7448
마라027904,87,0.02013888888888889,48.0,1605.2999999999984,15,6676
마라032908,2464,0.00034722222222222224,902.0,6215.0,32,7608
마라032909,2923,0.0,1049.0,7676.0,38,8016
마라032910,2542,0.0006944444444444445,854.4500000000002,8186.249999999998,26,8724
마라036885,1315,0.013541666666666667,287.60000000000014,5798.949999999995,1,6905
마라036910,9202,0.0,2639.0,10127.05,25,10162
마라036914,9294,0.00034722222222222224,2441.0,10171.0,23,10181
마라038907,2627,0.0,959.0,7919.0,33,8193
마라038908,2144,0.005902777777777778,523.0,8173.0,8,8792
마라039880,2409,0.0,461.0,8506.0,8,9086
마라039881,1862,0.0020833333333333333,252.0,8147.0,2,8861
마라039882,1811,0.007291666666666667,550.0,6967.0,6,7577
마라041879,1219,0.015625,233.0,6129.0,1,6819
마라042878,2467,0.0,515.0,8512.0,11,9093
마라042879,1498,0.001736111111111111,331.0,6601.0,2,7399
마라042880,2642,0.0,534.0,8653.0,9,9205
마라042906,3860,0.0006944444444444445,1302.0,9160.699999999997,35,9557
마라047902,3292,0.0,1154.0,8720.0,45,9262
마라052936,315,0.027083333333333334,61.0,1941.0499999999943,3,5836
마라053911,9413,0.0006944444444444445,2963.0,10167.0,24,10179
마라054840,3036,0.00034722222222222224,335.0,8783.0,43,10119
마라054843,285,0.0010416666666666667,213.0,1452.299999999993,41,5764
마라054844,977,0.0,498.7000000000001,2784.699999999996,45,6830
마라054845,1654,0.0,452.0,3438.6499999999965,46,7160
마라054846,610,0.0,135.95000000000002,3760.0,24,8088
마라054849,172,0.14201388888888888,14.0,1532.0,7,6589
마라054909,9010,0.0,2890.0,10086.0,47,10150
마라054936,3998,0.0,714.85,4626.099999999999,30,7242
마라054941,1481,0.019097222222222224,98.95000000000002,6638.0,3,9633
마라055846,1969,0.0,718.9000000000001,4434.699999999996,34,7592
마라055847,1060,0.0,411.7500000000001,3272.749999999996,24,7041
마라055849,268,0.001736111111111111,62.0,1403.0499999999997,8,5548
마라056838,345,0.00034722222222222224,149.0,1894.0,41,4427
마라056839,190,0.0,139.0,1293.0,45,4640
마라056846,337,0.21979166666666666,33.0,1736.0,3,4866
마라056847,2298,0.0,218.95000000000002,4244.0,15,5370
마라056848,3772,0.0,1238.8000000000002,5130.0,37,7937
마라056849,559,0.006944444444444444,86.0,2471.199999999999,4,4342
마라056850,586,0.0,79.0,2217.0,10,4878
마라056851,593,0.0,75.0,2093.0,14,4907
마라056944,612,0.19652777777777777,31.0,1864.0,4,5843
마라057841,168,0.2722222222222222,8.0,2192.0,4,7464
마라057844,1799,0.0,78.0,3905.0,14,8769
마라057845,2975,0.0,183.0,4033.0,31,7985
마라057846,2016,0.0,155.0,3678.0,23,6319
마라057847,2220,0.0,219.0,4150.0,23,4844
마라057848,703,0.0,403.7500000000001,2436.0,26,5952
마라057849,215,0.03611111111111111,39.95000000000002,1718.0,2,2926
마라057850,226,0.0,104.95000000000002,1510.0,16,4443
마라057851,415,0.0,196.95000000000002,1797.0,47,4500
마라057854,1118,0.0010416666666666667,183.0,2915.0,46,7931
마라057855,860,0.0,93.0,2522.0,23,7892
마라057856,816,0.0,27.0,2296.5999999999967,6,7133
마라057857,369,0.2635416666666667,14.0,1579.0,2,6597
마라057858,1070,0.0,28.0,2578.0,7,7955
마라057859,2133,0.0,87.0,5338.0,24,9378
마라057944,513,0.034027777777777775,31.0,1655.0,3,5900
마라058839,112,0.0,46.0,896.0,36,3840
마라058841,540,0.0,49.0,4164.0,45,8398
마라058849,442,0.0,88.0,1973.0999999999995,42,3141
마라058851,318,0.0,76.0,1701.0,45,3076
마라059847,2121,0.00034722222222222224,81.0,3951.0,28,4993
마라059848,2037,0.0,154.90000000000003,3963.0,34,4644
마라059850,427,0.0024305555555555556,29.0,2095.0,8,2810
마라059852,377,0.19652777777777777,18.0,1991.0,4,2938
마라059853,459,0.22534722222222223,22.0,1860.0,12,4116
마라060839,380,0.0,88.0,1700.0,49,3197
마라060846,696,0.22430555555555556,25.0,2084.0,17,5324
마라060849,558,0.004166666666666667,48.0,2224.0,24,3007
마라060850,1692,0.0,107.0,3694.0,39,4231
마라060851,553,0.0,44.0,2252.0,15,3126
마라060852,402,0.00034722222222222224,46.0,1864.0,15,3081
마라061838,249,0.0,47.0,1565.0,32,2005
마라061846,1043,0.0,55.0,2513.0,44,5571
마라062963,3662,0.0,466.95000000000005,5092.0,26,6238
마라063957,1829,0.05347222222222222,35.0,6463.299999999998,3,9813
마라063958,7188,0.0,886.7,9095.399999999992,11,10125
마라063961,137,0.3972222222222222,6.0,1225.0,1,5049
마라063962,3353,0.0,246.95000000000002,4984.499999999997,14,6329
마라063963,5696,0.0,1622.75,8383.0,48,9152
마라064845,454,0.0,33.0,2019.0,12,2913
마라064846,207,0.0,7.0,1578.0,3,2939
마라064957,3533,0.0,237.80000000000007,4209.899999999995,12,8343
마라065835,14,0.25277777777777777,11.0,992.0,6,2133
마라065846,84,0.4930555555555556,2.0,1409.0,1,1949
마라065909,2779,0.005902777777777778,396.0,8951.0,5,10096
마라066834,1378,0.0,144.0,3984.149999999999,49,4688
마라066836,1458,0.00034722222222222224,168.0,3994.0,34,5717
마라066837,189,0.0020833333333333333,51.0,1645.0,21,3925
마라066847,2190,0.0,74.0,4336.0,12,4594
마라067833,1176,0.0,125.0,4039.0,28,4773
마라067838,21,0.15069444444444444,13.0,830.0,4,3350
마라067847,618,0.0,23.0,2787.0,6,3009
마라068828,1605,0.0,512.0,5590.0,36,5979
마라068830,1293,0.0,309.0,4858.0,43,5357
마라068831,931,0.0,248.0,4370.0,37,4910
마라068833,86,0.01840277777777778,49.0,1756.2999999999984,6,4226
마라069897,2819,0.0,1011.0,8295.0,38,8970
마라069966,3905,0.0010416666666666667,986.2000000000003,7462.099999999999,28,8929
마라070848,884,0.013541666666666667,15.0,2148.0,10,7701
마라070893,2566,0.0,1049.0,7527.0,45,8161
마라070896,2634,0.0,840.0,8270.0,24,8961
마라070897,2507,0.0,899.0,7843.0,28,8115
마라071848,1291,0.0,17.0,2703.0,8,8497
마라071900,2598,0.00034722222222222224,878.0,8211.0,26,8840
마라071902,2852,0.0,1101.0,8236.0,44,8880
마라071952,1359,0.002777777777777778,118.0,3095.0,17,5145
마라072848,984,0.23645833333333333,11.0,2416.0,3,8182
마라072895,2197,0.003472222222222222,641.0,7799.0,14,8080
마라072952,1672,0.00034722222222222224,145.0,3499.0,21,5085
마라073848,1106,0.0,49.0,2419.0,25,6551
마라074848,1018,0.002777777777777778,40.0,2983.0,14,4578
마라074857,93,0.022569444444444444,42.0,2811.0,15,7442
마라075848,2266,0.01597222222222222,75.0,4439.0,8,4949
마라075849,1140,0.0,111.0,3262.0,27,3666
마라075850,639,0.0,107.0,2381.0,40,3272
마라075855,114,0.0,83.0,1414.0,31,5144
마라075856,20,0.06666666666666667,23.0,1069.0,7,4525
마라075901,2211,0.0,691.0,7665.0,15,8013
마라076849,416,0.0,41.0,2237.0,17,2533
마라076850,150,0.1857638888888889,13.0,1483.0,5,2200
마라076851,58,0.007638888888888889,23.0,1115.0,11,2823
마라076858,24,0.011458333333333333,31.0,1141.349999999998,5,4098
마라076902,2491,0.0,800.0,8209.0,21,8804
마라076920,3630,0.0,1729.0,6113.749999999996,26,9348
마라076986,562,0.0,65.0,4068.0,42,7580
마라077849,575,0.0,50.0,2586.0,19,2733
마라077850,295,0.0,31.0,1819.0,13,2340
마라077851,222,0.0006944444444444445,28.0,1648.0,10,2286
마라077852,233,0.0,35.0,1723.0,13,3087
마라077857,153,0.0,153.0,1418.2499999999986,45,4482
마라077896,806,0.019097222222222224,73.0,4446.0,2,5884
마라077898,2510,0.0,897.0,7859.0,27,8126
마라077901,1405,0.010416666666666666,328.80000000000007,5855.149999999994,5,6935
마라078849,735,0.0,130.0,2532.0,38,3709
마라078850,751,0.0,129.0,2566.0,31,3754
마라078851,342,0.0,110.0,1745.0,33,3320
마라078852,290,0.0,106.0,1681.0,35,3679
마라078921,116,0.08923611111111111,22.0,2247.199999999999,2,7485
마라079890,889,0.0,188.0,3988.0,44,5104
마라079921,228,0.0,76.0,3266.0,12,8220
마라079987,2347,0.02326388888888889,95.0,8702.349999999993,3,10170
마라080850,1746,0.0,63.0,2989.0,43,7904
마라080851,1282,0.0,60.0,2760.0,34,6441
마라080883,710,0.010416666666666666,93.0,7836.0,3,9867
마라080889,566,0.008680555555555556,125.0,7147.0,8,9595
마라080908,1531,0.00034722222222222224,586.0,8054.0,38,9981
마라080909,147,0.0,166.90000000000003,2315.0999999999995,46,6724
마라080922,54,0.08159722222222222,18.0,1825.0,2,7075
마라080987,4094,0.0,750.9000000000001,8923.899999999994,23,10002
마라080988,5207,0.0,892.6000000000001,8692.0,43,9983
마라081849,1285,0.0,66.0,4474.0,40,9148
마라081850,1662,0.01597222222222222,43.0,4420.0,26,9191
마라081851,1835,0.0010416666666666667,63.0,3190.0,21,7830
마라081884,923,0.0,292.0,8052.0,12,9914
마라081888,384,0.0,388.0,5335.599999999997,33,8681
마라081889,259,0.0,259.0,4360.199999999993,27,7966
마라081908,95,0.007638888888888889,95.0,1804.0999999999995,18,6752
마라081923,136,0.012847222222222222,43.0,3586.0,3,8412
마라082853,113,0.0,40.0,978.4999999999973,36,5048
마라082885,132,0.00034722222222222224,27.0,4603.0,3,8809
마라082886,902,0.0,362.0,3681.0,37,7679
마라082888,281,0.0,95.0,5326.0,14,8926
마라082922,257,0.0,113.90000000000003,4085.0,39,8593
마라082923,43,0.03159722222222222,19.0,2117.0,2,7276
마라083850,1424,0.0,69.0,5055.0,40,9357
마라083854,75,0.0,43.0,868.0,29,4613
마라083884,223,0.0,62.0,5415.0,4,8983
마라083886,994,0.00034722222222222224,295.0,3698.0,18,7798
마라083887,52,0.11736111111111111,17.0,2682.0,2,7634
마라083910,1181,0.0,199.95000000000002,7802.0,28,9943
마라083922,83,0.004861111111111111,43.0,2284.0,19,7320
마라084846,3183,0.0,823.8000000000001,5695.15,6,6528
마라084847,422,0.0006944444444444445,181.0,2135.0,2,4675
마라084848,3253,0.0,779.95,4659.0,29,6750
마라084849,2708,0.0,662.95,3949.0,50,6986
마라084850,1183,0.003125,97.0,2602.0,30,6991
마라084884,149,0.065625,16.0,5456.0,1,9147
마라084885,1027,0.0,396.0,4135.0,38,7832
마라084905,3820,0.0,646.0,8829.249999999998,29,10042
마라084909,1113,0.00798611111111111,152.0,7940.0,14,9967
마라084910,673,0.0,160.0,7296.0,20,9729
마라085845,1629,0.0,301.0,4026.0,50,6029
마라085846,1640,0.0,394.0,4078.0,12,5852
마라085847,173,0.0125,69.95000000000002,1702.0,1,4231
마라085848,940,0.0,314.85,3313.0,2,5276
마라085849,1653,0.0,468.90000000000003,3595.0,21,5685
마라085883,201,0.0,123.0,5457.0,2,9056
마라085884,145,0.009375,18.950000000000017,5143.0,1,9000
마라085886,756,0.0,385.0,4423.549999999992,47,8612
마라085905,55,0.10798611111111112,26.0,3250.0,2,8116
마라085908,721,0.0,335.0,7395.0,20,9752
마라085909,780,0.0,363.0,7572.0,31,9769
마라085921,246,0.0038194444444444443,101.0,4646.0,26,8764
마라085922,77,0.0,77.0,2106.5999999999967,31,7023
마라085923,31,0.049305555555555554,15.0,1787.0,3,6803
마라086844,418,0.0,140.0,2099.0,45,4666
마라086845,496,0.0,164.0,2541.0,27,4682
마라086846,165,0.012847222222222222,80.95000000000002,1847.0,2,4078
마라086848,4766,0.0,1367.0,8487.0,3,9399
마라086885,211,0.0,211.0,3492.2499999999986,23,8004
마라086886,276,0.0,180.0,3129.149999999999,23,8080
마라086904,2519,0.0,548.0,8373.0,44,10033
마라086907,72,0.0,72.0,2292.399999999998,21,7065
마라086909,865,0.0,562.0,7367.0,44,9751
마라086910,915,0.0,298.0,7674.0,35,9851
마라086921,192,0.0045138888888888885,79.0,3915.0,25,8454
마라086922,81,0.0,34.0,2701.0,9,7628
마라086923,66,0.0,22.0,2945.0,5,7888
마라086924,38,0.04583333333333333,12.0,2470.0,1,7582
마라086927,357,0.0038194444444444443,133.0,2364.649999999991,15,7160
마라086928,672,0.0,288.0,3122.149999999999,49,7726
마라087845,506,0.0,184.0,2216.0,22,3950
마라087846,395,0.0,221.95000000000002,2166.0,7,4915
마라087847,85,0.0,63.0,1197.0,3,4957
마라087848,4136,0.0,1473.8500000000001,6492.049999999999,21,8368
마라087849,16,0.459375,3.0,422.0499999999997,2,4655
마라087850,485,0.0,167.0,4076.8499999999954,37,8509
마라087885,101,0.011458333333333333,91.0,2191.549999999997,5,7454
마라087886,179,0.0020833333333333333,135.0,3001.0,8,8007
마라087887,252,0.0,196.0,3069.2499999999986,23,8057
마라087908,92,0.03194444444444444,35.0,3357.0,9,8168
마라087909,45,0.01423611111111111,45.0,1948.0,8,6989
마라087922,163,0.0,66.0,3748.0,20,8331
마라087923,108,0.0,35.0,3749.0,5,8420
마라087924,33,0.07708333333333334,11.0,2643.0,1,7635
마라087926,825,0.0,379.0,4073.199999999999,36,8511
마라087927,872,0.0,355.0,3613.6499999999965,45,8241
마라088846,771,0.0010416666666666667,421.95000000000005,2434.0,34,5971
마라088848,2344,0.0045138888888888885,64.0,4608.0,5,5622
마라088849,146,0.0,88.0,1151.0,31,4750
마라088851,356,0.0,158.0,3372.8499999999844,44,7980
마라088909,102,0.0,102.0,2261.0999999999995,28,7197
마라088910,130,0.0,130.0,2669.0,48,7538
마라088922,141,0.0,57.0,3505.0,19,8228
마라088923,50,0.05,18.0,2482.0,1,7615
마라088924,470,0.0,215.0,3162.349999999998,33,7779
마라088925,855,0.0,365.0,3879.399999999998,33,8424
마라088926,373,0.001736111111111111,162.0,3032.149999999999,14,7912
마라089847,847,0.002777777777777778,22.0,2939.0,3,4915
마라089848,316,0.246875,4.0,1650.0,3,4388
마라089851,311,0.0006944444444444445,101.0,3154.0499999999943,24,7968
마라089853,358,0.0,150.0,3505.149999999999,38,8145
마라089908,129,0.004861111111111111,68.0,3469.0,14,8284
마라089923,560,0.00034722222222222224,264.0,3785.0,29,8375
마라089924,629,0.00034722222222222224,233.0,3028.0,24,7524
마라090847,512,0.019791666666666666,8.0,1916.0,3,5349
마라090910,362,0.003472222222222222,111.95000000000002,5717.0,27,9221
마라090924,388,0.00034722222222222224,165.0,2190.0,26,6899
마라090925,1073,0.0,526.0,3818.2499999999986,29,8374
마라090926,476,0.00034722222222222224,248.0,2992.5999999999967,38,7791
마라091908,185,0.00034722222222222224,167.0,2999.0,42,7941
마라091911,292,0.0,107.95000000000002,4774.0,37,8871
마라091912,151,0.005555555555555556,61.0,3295.0,12,8202
마라091913,91,0.016319444444444445,74.0,2286.0,7,7415
마라091924,404,0.00034722222222222224,207.0,2102.0,29,6742
마라091925,1437,0.0020833333333333333,696.0,3910.949999999995,15,8433
마라091926,1346,0.0,649.0,3847.0499999999997,47,8314
마라092820,1186,0.0010416666666666667,243.0,3538.0,37,4543
마라092912,123,0.0,61.0,2813.0,20,7852
마라092913,191,0.0,84.0,3379.0,23,8239
마라092914,158,0.0,150.0,2347.0,27,7435
마라093910,128,0.004861111111111111,62.0,3138.0,19,8073
마라093911,152,0.00034722222222222224,72.0,3279.0,30,8097
마라093913,170,0.0,83.0,2914.0,28,7944
마라094911,299,0.00034722222222222224,127.0,4584.0,50,8788
마라095807,279,0.1,21.0,2122.0,9,2896
마라095829,2886,0.0,592.0,5489.0,48,6582
마라095830,2134,0.0,234.0,4533.0,35,6123
마라095831,48,0.19409722222222223,10.0,1353.0,1,3326
마라095832,28,0.109375,18.0,1251.0,5,6278
마라095833,46,0.0,53.0,1298.199999999999,29,6225
마라095834,17,0.0006944444444444445,16.0,980.1499999999992,7,5677
마라095835,2,0.6274305555555556,2.0,316.1999999999989,1,3863
마라095836,12,0.0,16.0,599.0,9,4154
마라095842,797,0.00034722222222222224,218.0,2788.0,27,3896
마라095912,19,0.0038194444444444443,21.950000000000017,838.0,11,3286
마라095915,360,0.0010416666666666667,83.0,3202.5999999999967,27,8280
마라096829,6,0.4708333333333333,6.0,402.0499999999997,1,4429
마라096832,40,0.013194444444444444,27.0,1165.0,8,6242
마라096833,29,0.0,24.950000000000017,1073.0,11,6028
마라096835,41,0.0,47.0,937.0499999999997,25,5672
마라096912,9,0.2420138888888889,9.0,259.0,4,3528
마라096913,15,0.334375,9.0,280.24999999999864,5,3931
마라096922,229,0.0,65.0,1932.2999999999984,36,6977
마라096923,519,0.0020833333333333333,328.7500000000001,3603.0499999999997,22,8249
마라097831,71,0.0,47.0,1031.2499999999986,26,5599
마라097832,53,0.0,45.0,1012.8999999999951,31,5604
마라097833,51,0.0,37.0,1134.2999999999984,16,6180
마라097883,4981,0.0,2115.0,9737.0,49,9961
마라097906,1152,0.0010416666666666667,736.0,3728.2499999999986,26,8146
마라097915,1012,0.0,149.0,5674.249999999987,32,9598
마라097922,364,0.0,85.0,3419.599999999986,19,8325
마라097923,432,0.016666666666666666,70.0,4041.549999999997,10,8702
마라098832,143,0.0,82.0,1608.1499999999992,50,6334
마라098833,110,0.00034722222222222224,72.0,1692.5999999999967,41,6656
마라098905,649,0.012847222222222222,140.0,6118.0,11,9530
마라098914,754,0.0,162.0,4870.15,46,9185
마라098915,974,0.0,145.0,5639.15,42,9575
마라099844,762,0.0,23.0,2112.0,16,6056
마라099845,524,0.008680555555555556,4.0,1998.0,1,5842
마라099905,664,0.0,152.0,6120.0,14,9532
마라099907,912,0.0,225.0,6833.0,36,9717
마라099914,505,0.0,116.0,3737.7999999999956,41,8616
마라099916,685,0.00034722222222222224,42.0,6219.0,26,9431
마라100834,3138,0.0,378.0,5532.0,45,6000
마라100835,2421,0.0,137.0,4813.0,26,5087
마라100837,144,0.003472222222222222,11.0,1485.0,9,1911
마라100844,346,0.0,9.0,1770.0,5,8036
마라100845,121,0.48993055555555554,1.0,1543.0,1,8114
마라100906,154,0.001388888888888889,142.0,1261.7999999999956,21,6171
마라100915,680,0.0045138888888888885,86.0,4779.549999999997,26,9259
마라101833,104,0.0006944444444444445,65.0,1484.549999999997,32,6433
마라101834,2003,0.005555555555555556,89.0,4581.0,7,4828
마라101835,2680,0.0,281.0,5383.0,20,5989
마라101837,7,0.23020833333333332,6.0,636.0,5,2264
마라101838,8,0.4059027777777778,7.0,236.04999999999973,3,2679
마라101905,675,0.0,184.0,6319.0,32,9546
마라101906,98,0.0045138888888888885,40.0,2477.0,6,7633
마라101908,597,0.0,303.0,5482.0,27,9190
마라102834,2844,0.0,322.0,5422.0,23,5982
마라102835,2884,0.0,324.0,5469.0,29,6012
마라102837,35,0.0,42.0,936.0,25,3920
마라102838,234,0.0,71.0,1512.0,49,2953
마라102906,122,0.08888888888888889,20.0,3677.0,1,8475
마라106851,44,0.0,48.0,752.1499999999992,24,3660
마라106900,160,0.001736111111111111,73.0,3113.0499999999997,31,7570
마라107851,94,0.0,57.0,1119.0,30,2607
마라108851,10,0.17326388888888888,12.0,314.1499999999992,6,2510
마라108874,3208,0.00034722222222222224,1216.0,8980.049999999994,34,9400
마라108895,286,0.001388888888888889,119.0,4694.0,39,8724
마라109786,802,0.0,162.0,3580.0,27,4841
마라109851,63,0.19131944444444443,10.0,1260.0,5,2371
마라109894,431,0.00034722222222222224,393.0,5758.0,30,9173
마라110786,752,0.0010416666666666667,118.0,3546.0,24,4573
마라110787,1287,0.0,188.0,4161.0,34,4965
마라110795,11,0.08402777777777778,11.0,1402.0,1,4573
마라110849,1022,0.002777777777777778,186.0,7506.0,26,9895
마라110894,262,0.002777777777777778,262.0,4513.349999999993,20,8589
마라111786,1092,0.0,284.0,4130.0,43,5430
마라111847,322,0.0,135.0,5173.0,37,8946
마라111849,1047,0.00034722222222222224,192.0,7593.0,43,9894
마라111893,845,0.0,613.0,5395.399999999998,33,9018
마라112786,1303,0.0,178.0,4182.0,32,4904
마라112847,297,0.005208333333333333,110.0,4897.0,26,8710
마라112849,453,0.0,153.0,6043.0,39,9299
마라114850,319,0.00034722222222222224,297.0,3303.0999999999995,42,7837
마라117884,4506,0.0006944444444444445,1480.0,9702.0,12,9957
마라118886,4743,0.0,1744.0,9769.0,29,9963
마라119886,3427,0.00034722222222222224,1359.0,8672.0,14,9722
마라140793,235,0.0,88.90000000000003,3294.0,36,6391
마라140797,2326,0.003472222222222222,207.0,4363.449999999992,18,5128
마라145795,120,0.001736111111111111,41.95000000000002,1994.1499999999992,15,4993
마라161803,2473,0.0,536.5500000000002,4538.049999999999,25,8257
마라161807,4669,0.0,474.0,7649.0,38,8421
마라161809,3874,0.0006944444444444445,426.85,7329.0,31,8003
마라162810,2942,0.0,273.0,4665.249999999998,47,5297
마라163808,4612,0.0,651.0,7902.5499999999865,42,8972
마라163810,2446,0.0,207.0,4199.099999999999,37,5067
마라167806,2472,0.0038194444444444443,141.0,3580.899999999995,23,7227
마라168808,6725,0.0,827.3500000000003,8578.099999999999,48,10051
마라176813,106,0.00034722222222222224,124.0,2167.049999999989,43,6513
마라177809,1536,0.0,115.0,3513.0,43,4205
마라189795,579,0.0,66.0,4169.0,39,7639
마라195821,5442,0.001736111111111111,1717.0,9850.0,23,10041
마라221798,2694,0.0,1241.0,7685.399999999998,43,8005
마마006065,1573,0.0010416666666666667,318.7500000000001,7465.0,21,9646
마마008063,1576,0.0,388.0,6324.0,37,9206
마마034033,1609,0.0,662.7500000000001,5503.0,37,7328
